step,uid,case_uid,sample_index,rollout_index,data_source,score,reward,response_length,token_logprob_mean,token_logprob_std,token_logprob_min,token_logprob_max,token_prob_mean,token_prob_min,token_entropy_mean,token_entropy_std,low_confidence_token_ratio,answer_tail_confidence,logprob_slope,entropy_slope,eos_prob_mean,eos_prob_max,eos_prob_final,eos_prob_slope,eos_high_prob_ratio,eos_top1_ratio,top1_prob_mean,top1_prob_final,topk_mass_mean,topk_mass_final
0,val::math500::0::2c4303ce28478c25::sample0,val::math500::0::2c4303ce28478c25,0,0,math500,0.0,0.0,2048,-0.11965776347292237,0.5178394591094041,-8.127545356750488,0.0,0.9419563657924215,0.0002952921495307237,0.12517759555289273,0.3922545896761233,0.02099609375,0.9995880834758282,0.00011834795531940678,-0.00013388111547485548,4.671013585395507e-07,0.00033199795871041715,1.5426199271965924e-13,-9.095082069742171e-10,0.0,0.0,0.9574656871554907,0.9998766779899597,0.997144348679285,1.0000001192092896
0,val::math500::0::2c4303ce28478c25::sample1,val::math500::0::2c4303ce28478c25,1,1,math500,1.0,1.0,115,-0.9630392968057372,1.679199752546332,-11.461466789245605,-0.0002592465898487717,0.646426534688465,1.0528056918701623e-05,1.0798127416015157,1.19176013283164,0.19130434782608696,0.527986483190034,-0.0034656769112277747,0.004426347241284776,0.0008752275418417624,0.029152359813451767,0.026166513562202454,2.4298151320248297e-05,0.0,0.0,0.7275862330327864,0.559464693069458,0.9361498840477156,0.9475253224372864
0,val::math500::0::2c4303ce28478c25::sample2,val::math500::0::2c4303ce28478c25,2,2,math500,0.0,0.0,635,-0.5861412021713369,1.372352702661971,-11.463220596313477,0.0,0.7818398405925553,1.050960872817086e-05,0.6344659324794623,1.010321395240838,0.12125984251968504,0.8287727942879428,0.00029111931759337505,-0.00022504939765013123,2.2533545327989626e-05,0.0042100646533071995,5.3166910220170394e-05,3.185743245068151e-08,0.0,0.0,0.8323335056933832,0.5196632742881775,0.9659053085357185,0.9966833591461182
0,val::math500::0::2c4303ce28478c25::sample3,val::math500::0::2c4303ce28478c25,3,3,math500,0.0,0.0,539,-0.16422687104914502,0.5153386307218604,-4.51223611831665,0.0,0.9109380370963206,0.010973893105983734,0.18542281274866826,0.38871594952759914,0.027829313543599257,0.9555671103298664,-0.00027493199822844317,0.00018393390555346978,2.470263687455733e-06,0.0009921680903062224,8.095191333268303e-06,1.9456089006281925e-08,0.0,0.0,0.9351700352770942,0.7052239179611206,0.9980631717282014,0.9997970461845398
0,val::math500::1::0242d16f52e4149b::sample0,val::math500::1::0242d16f52e4149b,4,0,math500,0.0,0.0,1239,-0.24587169902456163,0.7275550929666964,-9.202924728393555,0.0,0.8833364596805872,0.00010074432066176087,0.26783341582295284,0.5491028560848257,0.05004035512510089,0.8679414441980953,-0.0002478651042797834,0.00020945934888196008,5.770605599859244e-06,0.0007680588751100004,0.0007680588751100004,2.2611190531359253e-08,0.0,0.0,0.9113387698675953,0.24131694436073303,0.9934344325361952,0.7601326704025269
0,val::math500::1::0242d16f52e4149b::sample1,val::math500::1::0242d16f52e4149b,5,1,math500,0.0,0.0,636,-0.5823695832555914,1.2624013463606456,-14.912023544311523,-7.152555099310121e-07,0.7602155872837876,3.3403384236407874e-07,0.5873967730819541,0.8261869574209485,0.1069182389937107,0.9038756028749049,0.001015188076696301,-0.0008422340929784171,1.1698292705305723e-05,0.0005967981414869428,2.5322131591565267e-07,-1.5858180184209446e-08,0.0,0.0,0.8242182800979734,0.7305176854133606,0.977317214668172,0.999424397945404
0,val::math500::1::0242d16f52e4149b::sample2,val::math500::1::0242d16f52e4149b,6,2,math500,0.0,0.0,744,-0.653815229594089,1.4594561125288472,-15.613526344299316,-3.576278118089249e-07,0.756982862785105,1.6562719906687562e-07,0.7000779416746818,1.0289388747704455,0.13709677419354838,0.7198548152373405,-0.0008160469071396824,0.0009477178462557468,3.276863178852649e-05,0.004781128838658333,0.00012444308958947659,2.045066210578166e-08,0.0,0.0,0.8123343700182534,0.5397433042526245,0.9601936340332031,0.9973440170288086
0,val::math500::1::0242d16f52e4149b::sample3,val::math500::1::0242d16f52e4149b,7,3,math500,0.0,0.0,2048,-0.2519049772019728,0.7140115339463831,-8.543573379516602,0.0,0.875358952157633,0.00019479294132906944,0.2581004287442916,0.46031916897282055,0.044921875,0.9800519412383437,-5.961769993264784e-05,5.080707366739136e-05,2.629609333899852e-07,5.756169048254378e-05,4.139937814784389e-08,-1.9428390164933608e-10,0.0,0.0,0.9087615164098679,1.0,0.9970655195647851,1.0
0,val::math500::2::6b2a4988c67e4477::sample0,val::math500::2::6b2a4988c67e4477,8,0,math500,1.0,1.0,441,-0.05789806941769663,0.23568540618785774,-2.127215623855591,0.0,0.9614748509089692,0.11916863918304443,0.09056308917619761,0.28057325893220664,0.009070294784580499,0.9800999257713556,0.00011084512381946206,-0.00016999013492301513,4.0938141818497594e-07,1.8577835362521e-05,4.0530537148697476e-07,1.4270315345224296e-09,0.0,0.0,0.9671259292331683,0.9395306706428528,0.9992793067242283,0.9997815489768982
0,val::math500::2::6b2a4988c67e4477::sample1,val::math500::2::6b2a4988c67e4477,9,1,math500,0.0,0.0,755,-1.5563098906235913,2.5005166884215058,-16.185659408569336,-1.1920928244535389e-07,0.5924820247063202,9.346680940325314e-08,1.5428069237804227,1.8182091756061696,0.2980132450331126,0.22598144603707748,-0.0033930153150155194,0.0037931614413517973,0.0006455073347231984,0.05266308784484863,0.0036384600680321455,3.0240695836864964e-06,0.0,0.0,0.6717735172551594,0.3275238275527954,0.8712242035084213,0.9542381763458252
0,val::math500::2::6b2a4988c67e4477::sample2,val::math500::2::6b2a4988c67e4477,10,2,math500,0.0,0.0,737,-0.38046189694088445,0.9397658484153327,-8.939983367919922,0.0,0.8312738294352028,0.0001310432271566242,0.38501602791217354,0.6507404918423009,0.07462686567164178,0.8694128841161728,0.0004333335309818414,-0.0002999621869852483,7.703507753167593e-05,0.05393759533762932,0.00017309948452748358,-1.4725385879863646e-08,0.0,0.0,0.8779965938957284,0.7507789134979248,0.9895043342375529,0.9992967844009399
0,val::math500::2::6b2a4988c67e4477::sample3,val::math500::2::6b2a4988c67e4477,11,3,math500,1.0,1.0,587,-0.33384230783250085,0.9568551414189373,-9.958373069763184,0.0,0.8619191977648298,4.7329678636742756e-05,0.367779539160126,0.7574930365452983,0.06643952299829642,0.8823170751566067,-0.00019666672471942495,0.0002453204414876532,1.1623822981689138e-05,0.0036528173368424177,4.741795783047564e-05,-1.738611933063859e-08,0.0,0.0,0.894296595055667,0.8658795952796936,0.9833335158569037,0.9996515512466431
0,val::math500::3::2b78f19c3079ebc6::sample0,val::math500::3::2b78f19c3079ebc6,12,0,math500,0.0,0.0,397,-0.42292114164032957,1.1265276077860156,-13.228278160095215,0.0,0.8258168639094726,1.7990026890402078e-06,0.42056213146415145,0.7458590991304066,0.08816120906801007,0.9798476658761501,0.0012777983546395598,-0.001476647643275784,0.00097759720448451,0.37949562072753906,1.3101515605740133e-07,5.521799981285621e-06,0.0025188916876574307,0.0025188916876574307,0.871942866696819,0.851757824420929,0.9855018331662233,0.9998502731323242
0,val::math500::3::2b78f19c3079ebc6::sample1,val::math500::3::2b78f19c3079ebc6,13,1,math500,0.0,0.0,2048,-0.2707960170749653,0.8861486504149615,-12.346959114074707,0.0,0.8840374559535971,4.342939519119682e-06,0.2844029360672872,0.6504508341189389,0.05517578125,0.990982236340642,0.00035118979290813337,-0.0003636305414462249,2.4809934101698073e-06,0.001582867349497974,6.412640465294425e-14,-6.384485569308768e-09,0.0,0.0,0.9144425840695476,0.9970832467079163,0.990316946474195,0.9999996423721313
0,val::math500::3::2b78f19c3079ebc6::sample2,val::math500::3::2b78f19c3079ebc6,14,2,math500,1.0,1.0,502,-0.4216676070356311,0.876532783787407,-5.7318220138549805,-3.576278118089249e-07,0.8018049340559711,0.0032411664724349976,0.466206181131079,0.6706852405706131,0.09760956175298804,0.8905064726714045,0.0007375181439142969,-0.0007668802408619907,3.6873841093253605e-06,0.0004109458823222667,1.3542886279083177e-07,-7.740547328232631e-10,0.0,0.0,0.8527588051747516,0.7769964337348938,0.9890621398312162,0.9997325539588928
0,val::math500::3::2b78f19c3079ebc6::sample3,val::math500::3::2b78f19c3079ebc6,15,3,math500,0.0,0.0,436,-2.966773708682055,3.7743147393914303,-15.53458309173584,-3.6954811548639555e-06,0.42665203169775084,1.7923230188898742e-07,3.00649673722804,2.7310446246071307,0.44954128440366975,0.2776471299713421,-0.004109177071393558,0.0028190862938023906,0.0014100222915543231,0.2060416042804718,0.0020197760313749313,6.297013066384173e-06,0.0022935779816513763,0.0022935779816513763,0.5394504818480051,0.12495911866426468,0.7401741034214582,0.6119970679283142
0,val::math500::4::966411903cb858a7::sample0,val::math500::4::966411903cb858a7,16,0,math500,0.0,0.0,665,-0.37894365007437214,0.9822908074193965,-11.846632957458496,-2.3841855067985307e-07,0.8357467225158522,7.1626327553531155e-06,0.4054427475344231,0.6817524727280503,0.07969924812030076,0.799475695930596,0.00045638497433224883,-0.00033703679104871457,1.2538966957672062e-05,0.005743319168686867,0.00012267945567145944,8.348542321052609e-08,0.0,0.0,0.8830625236034393,0.9338532090187073,0.9870168786299857,0.9993531703948975
0,val::math500::4::966411903cb858a7::sample1,val::math500::4::966411903cb858a7,17,1,math500,0.0,0.0,80,-2.0714092501013512,2.941980949340048,-16.28959846496582,-0.00016020445036701858,0.42317551412006227,8.423978670180077e-08,1.7110877008497483,1.2790717023552085,0.425,0.4378540958913284,-0.03052307978035861,0.0015157264250574495,0.0003299676974971355,0.02069890685379505,0.0016302287112921476,-6.66572279961915e-06,0.0,0.0,0.5834119386039675,0.1826315075159073,0.8993962904438376,0.5855167508125305
0,val::math500::4::966411903cb858a7::sample2,val::math500::4::966411903cb858a7,18,2,math500,0.0,0.0,511,-0.22550896015195798,0.668976787856688,-7.096709728240967,0.0,0.8892954863059296,0.0008278242312371731,0.2566057716132959,0.5184247848363509,0.0410958904109589,0.907558023929596,0.0009335768554707744,-0.0010635304271914663,1.807635250157269e-05,0.006585221271961927,6.743552512489259e-05,-1.3509258742254057e-07,0.0,0.0,0.9182219546718373,0.9009205102920532,0.9947737167259485,0.9996006488800049
0,val::math500::4::966411903cb858a7::sample3,val::math500::4::966411903cb858a7,19,3,math500,0.0,0.0,670,-0.6524678368335056,1.3472276408000936,-13.089984893798828,-6.556489552167477e-06,0.7535506310065176,2.0658167159126606e-06,0.6849698934205174,0.9651027795435091,0.14925373134328357,0.5140364504186437,0.0006703965471442038,-0.0003897808624203198,0.00018835825545475445,0.10518253594636917,0.00030814565252512693,1.3574734655111064e-06,0.0014925373134328358,0.0,0.8145333486706463,0.8106342554092407,0.9678363474892147,0.9879626631736755
0,val::math500::5::d8dded60713b1691::sample0,val::math500::5::d8dded60713b1691,20,0,math500,1.0,1.0,222,-0.5138002714047549,1.0901289302715653,-6.726190567016602,0.0,0.7795910837253565,0.0011990921339020133,0.5195826932092555,0.691431458003386,0.0990990990990991,0.9342826884239912,0.0051909752909170765,-0.003974485558964726,0.00019925702241122193,0.040170300751924515,7.0606938606943e-07,4.787877788161852e-07,0.0,0.0,0.8403847727018434,0.7976760864257812,0.9866650040085251,0.9994746446609497
0,val::math500::5::d8dded60713b1691::sample1,val::math500::5::d8dded60713b1691,21,1,math500,1.0,1.0,215,-0.32146670350260553,0.7934585188823611,-7.394522666931152,0.0,0.8400237651517463,0.0006146099767647684,0.40394557406068754,0.656441413315927,0.07441860465116279,0.9805016443133354,0.004052991310989897,-0.004018616004322915,3.6400828790758666e-06,0.000207390621653758,0.000207390621653758,1.8325518070257767e-08,0.0,0.0,0.8758011264856471,0.845009982585907,0.9887000842149868,0.9997949600219727
0,val::math500::5::d8dded60713b1691::sample2,val::math500::5::d8dded60713b1691,22,2,math500,1.0,1.0,280,-0.5837879571383073,1.305772910362923,-9.546442031860352,-6.794906312279636e-06,0.778850451415175,7.145504787331447e-05,0.47535816614220366,0.6463861722314547,0.125,0.8704191353172064,0.0007909335081281616,0.00020756884538351806,1.3272895567389976e-05,0.0015958783915266395,7.985150296008214e-05,2.2113990947977695e-07,0.0,0.0,0.8564718279987573,0.4733869433403015,0.9873571828007698,0.9964490532875061
0,val::math500::5::d8dded60713b1691::sample3,val::math500::5::d8dded60713b1691,23,3,math500,0.0,0.0,1407,-0.30472375124103923,1.1663519643364983,-15.607287406921387,0.0,0.892324252401103,1.6666376723151188e-07,0.318616459840504,0.8065287480756631,0.051883439943141436,0.9306724295020103,0.00045819355325103415,-0.0004599927690053446,0.00048327257000361525,0.07698571681976318,0.000942294136621058,-1.4188370049101107e-06,0.0,0.0,0.9200797477828414,0.7560156583786011,0.9843534507498134,0.9996307492256165
0,val::math500::6::e3f65b774eb2dab0::sample0,val::math500::6::e3f65b774eb2dab0,24,0,math500,0.0,0.0,1816,-0.2008092031357507,0.6606795105189804,-10.52034854888916,0.0,0.8991238232525357,2.6981784685631283e-05,0.20322965701201437,0.4093758316799106,0.037995594713656385,0.9745061146095395,6.30437367679393e-05,-8.012209697732065e-05,6.7692283388439265e-06,0.0010066162794828415,2.550127283029724e-05,1.2204069532812622e-08,0.0,0.0,0.927921649659389,0.8172725439071655,0.9980056078915817,0.9999154210090637
0,val::math500::6::e3f65b774eb2dab0::sample1,val::math500::6::e3f65b774eb2dab0,25,1,math500,0.0,0.0,1600,-0.09403922404952487,0.5617431380731417,-13.345613479614258,0.0,0.9584498950171059,1.5998294884411735e-06,0.08345160959328446,0.27922130619865493,0.015625,0.92775019898545,0.00015019471698078795,-0.00013340185481419922,1.5162330872037959e-05,0.0004878514155279845,0.000308011076413095,2.7543446068552918e-08,0.0,0.0,0.9703586595505476,0.7150703072547913,0.9992550953105092,0.9995882511138916
0,val::math500::6::e3f65b774eb2dab0::sample2,val::math500::6::e3f65b774eb2dab0,26,2,math500,1.0,1.0,261,-1.0146771131452785,2.1309888261726413,-13.50405502319336,-8.4638240878121e-06,0.6975830545990325,1.3654112080985215e-06,0.9397295579839774,1.2994061007123616,0.19923371647509577,0.3158290018935901,-0.009075454898833353,0.007891380935782427,4.8487727755699885e-05,0.002129932167008519,0.00048603402683511376,9.186522955091388e-07,0.0,0.0,0.7739243363511974,0.9354457259178162,0.9424604980196533,0.9924972057342529
0,val::math500::6::e3f65b774eb2dab0::sample3,val::math500::6::e3f65b774eb2dab0,27,3,math500,1.0,1.0,450,-0.1981593504262,0.5882956752200121,-5.701498508453369,0.0,0.8954733126884741,0.003340955125167966,0.2380858375470583,0.5054893732632076,0.03333333333333333,0.9429142456501722,0.0005318914298266644,-0.0008083745597533799,0.0003228999674111976,0.09357871860265732,2.0057614165125415e-06,-3.9576580940944375e-06,0.0,0.0,0.9221883475449351,0.8336127400398254,0.9944873876041836,0.9982298612594604
0,val::math500::7::b64d85c8e36aad61::sample0,val::math500::7::b64d85c8e36aad61,28,0,math500,1.0,1.0,655,-0.15848738996618708,0.5632230078888408,-4.349460601806641,-1.1920928244535389e-07,0.9227108062607527,0.012913776561617851,0.15359125410169217,0.3758937787948783,0.02900763358778626,0.7599369605013635,0.0001354607126951647,-0.00025363898953855216,8.81935534100061e-07,0.00014203594764694571,2.1830686819157563e-05,-8.717935651410048e-10,0.0,0.0,0.9447325818866263,0.5118651986122131,0.9985460993897823,0.999419093132019
0,val::math500::7::b64d85c8e36aad61::sample1,val::math500::7::b64d85c8e36aad61,29,1,math500,1.0,1.0,597,-0.09350920380114033,0.33562026470988154,-3.400237798690796,0.0,0.9414907973977289,0.03336533531546593,0.13077175429193721,0.32704499119929176,0.008375209380234505,0.9868259876966476,0.0003917022940335406,-0.0005177318363057321,2.895336322258635e-07,3.0973085813457146e-05,8.274993888335302e-06,-1.0598488828600144e-09,0.0,0.0,0.9517529637270437,0.8168719410896301,0.9987446659773438,0.9999867677688599
0,val::math500::7::b64d85c8e36aad61::sample2,val::math500::7::b64d85c8e36aad61,30,2,math500,1.0,1.0,809,-0.26874951429650934,0.8555838043195715,-10.396113395690918,0.0,0.8845027681765446,3.055099296034314e-05,0.2772196055669112,0.5844318136241179,0.05067985166872682,0.7614362355088815,0.000642730858078569,-0.0006081820810573121,0.0005540473558153382,0.44673213362693787,2.8517422833829187e-05,3.869907032058516e-06,0.0012360939431396785,0.0,0.915140217743418,0.43171238899230957,0.99177900129844,0.9906187057495117
0,val::math500::7::b64d85c8e36aad61::sample3,val::math500::7::b64d85c8e36aad61,31,3,math500,0.0,0.0,2048,-0.2747655482077237,0.9201328862028074,-14.029918670654297,0.0,0.8842615582723704,8.070189210229728e-07,0.26142182897888644,0.6236914606315128,0.0556640625,0.9108223337680101,0.00013002351466632117,-6.120467135271697e-05,4.568533955289108e-05,0.07073483616113663,1.104300739740438e-08,-1.3211274188032468e-07,0.0,0.0,0.9155892840062734,0.9910722374916077,0.9926010656126891,0.9992662072181702
0,val::math500::8::d746154a90ea4a79::sample0,val::math500::8::d746154a90ea4a79,32,0,math500,0.0,0.0,141,-0.661795243902287,1.8955297370586177,-12.445306777954102,-3.504691630951129e-05,0.8147443818859156,3.9361525523418095e-06,0.6411063119507782,1.2660133303276901,0.11347517730496454,0.9268614891916513,0.0036434304603200998,-0.003931246889963048,0.0006466663219995838,0.07020323723554611,6.91235763952136e-05,1.2311917676515384e-05,0.0,0.0,0.8580993761751035,0.2998075485229492,0.9638844811958625,0.9711853861808777
0,val::math500::8::d746154a90ea4a79::sample1,val::math500::8::d746154a90ea4a79,33,1,math500,1.0,1.0,355,-0.12781331272313942,0.414103002590127,-3.9297025203704834,0.0,0.9250652430867645,0.01964951679110527,0.16046811673650452,0.36915181856992624,0.01971830985915493,0.9615478902123868,-0.00036415464335542286,0.0002964974096434737,5.910829582253899e-07,6.911626405781135e-05,1.8875946352636674e-06,-6.541363790777332e-11,0.0,0.0,0.9397919338353923,0.9462888836860657,0.9989124783327882,0.9999697804450989
0,val::math500::8::d746154a90ea4a79::sample2,val::math500::8::d746154a90ea4a79,34,2,math500,1.0,1.0,399,-0.1414607591960365,0.4479708030666493,-3.3648061752319336,0.0,0.9217990756240255,0.03456871584057808,0.17594791086241307,0.4316953251742053,0.03258145363408521,0.9595691356807947,0.0002748393387658188,-0.00032918202616680073,3.943897207622646e-06,0.00017798267072066665,2.3115506337489933e-05,7.486100504826874e-09,0.0,0.0,0.9436538536895188,0.9512228965759277,0.9966690004021302,0.999630868434906
0,val::math500::8::d746154a90ea4a79::sample3,val::math500::8::d746154a90ea4a79,35,3,math500,0.0,0.0,1615,-0.21446022239500848,0.7012604494519029,-9.570432662963867,0.0,0.8996668610581939,6.976119038881734e-05,0.21238133620368307,0.49134805178502744,0.04396284829721362,0.974858159199357,3.5823735780555216e-05,-0.0001022016125610182,1.3947077441409771e-05,0.0056624929420650005,2.1399420802481472e-05,-4.9810539984935586e-08,0.0,0.0,0.927428506448542,0.7771306037902832,0.9957586712881508,0.9999398589134216
0,val::math500::9::cd5d9530ec3e4205::sample0,val::math500::9::cd5d9530ec3e4205,36,0,math500,0.0,0.0,2048,-3.862344109923468,3.9453613800198015,-17.730953216552734,-4.291525328881107e-06,0.35594448792655914,1.9931723826971393e-08,3.868624406829941,3.0545305629811597,0.57861328125,0.6717040898404321,0.0011626586478328197,-0.0011453144875028499,0.0005172648986430166,0.36811187863349915,1.192560716845037e-09,-5.664379732900728e-07,0.00048828125,0.00048828125,0.44360747715290927,0.9997113943099976,0.5985185812933196,0.9999845623970032
0,val::math500::9::cd5d9530ec3e4205::sample1,val::math500::9::cd5d9530ec3e4205,37,1,math500,0.0,0.0,2048,-0.43607917878484603,1.0592160448389627,-15.09721851348877,0.0,0.809644229918635,2.775628331619373e-07,0.4373654631900238,0.6965759532636473,0.08984375,0.9133509038947523,2.9455100431082967e-05,-2.0595666508961993e-05,1.2724375353275148e-06,0.0008067943854257464,1.1979295777564403e-07,-2.418287302094335e-10,0.0,0.0,0.8609592669417907,0.999998927116394,0.9872250543849077,0.9999998807907104
0,val::math500::9::cd5d9530ec3e4205::sample2,val::math500::9::cd5d9530ec3e4205,38,2,math500,0.0,0.0,572,-0.2581552431256823,0.8123480470914891,-12.03566837310791,-2.7418097943154862e-06,0.8784966918729883,5.928920927544823e-06,0.2755102782917369,0.5597916994788724,0.05419580419580419,0.7708239452913404,6.439451191357795e-05,-0.0001287662325773815,3.8781228635548885e-06,0.0007046860991977155,2.014263918681536e-05,2.6907820259771774e-08,0.0,0.0,0.9091896892792278,0.9998279213905334,0.9926714743975993,0.9999852180480957
0,val::math500::9::cd5d9530ec3e4205::sample3,val::math500::9::cd5d9530ec3e4205,39,3,math500,0.0,0.0,680,-1.5567137125376227,2.6905279538639673,-16.905174255371094,-8.34461570775602e-06,0.5894409013701644,4.5517261071381654e-08,1.5680436794263561,1.8632627842304395,0.27647058823529413,0.012149211308297936,-0.005400368623820195,0.004800481713904687,9.812518144171992e-05,0.01222841814160347,9.671312000136822e-06,7.435147705775242e-07,0.0,0.0,0.6726124005104579,0.12328924238681793,0.8817181342336184,0.22986000776290894
0,val::math500::10::436d6841a02f9cb7::sample0,val::math500::10::436d6841a02f9cb7,40,0,math500,1.0,1.0,893,-0.5362640960455639,1.082582390036271,-9.06755256652832,-1.1920928244535389e-07,0.7607561358170943,0.0001153484990936704,0.5206937928761782,0.6125366089441237,0.1019036954087346,0.9861472845077515,6.363664185312252e-05,-0.00019750799262982323,1.8510338472868212e-06,0.00027608932578004897,3.195956742274575e-05,-5.382428383060209e-09,0.0,0.0,0.8304948173171328,0.9038981199264526,0.9906366239202783,0.9999484419822693
0,val::math500::10::436d6841a02f9cb7::sample1,val::math500::10::436d6841a02f9cb7,41,1,math500,1.0,1.0,597,-0.5476172776950216,1.1758471922968203,-9.773120880126953,-2.3841855067985307e-07,0.7753202554350831,5.696230073226616e-05,0.4953675463001029,0.6480795200849327,0.11892797319932999,0.9755188869312406,0.0007410092908864697,-0.0005039693600604082,4.571139000617035e-06,0.00038508305442519486,8.487969353154767e-06,2.5078723672431684e-08,0.0,0.0,0.8455485411275372,0.8919363021850586,0.9882398554228459,0.9997197985649109
0,val::math500::10::436d6841a02f9cb7::sample2,val::math500::10::436d6841a02f9cb7,42,2,math500,1.0,1.0,805,-0.33612074991419466,0.857109355315838,-7.962184906005859,0.0,0.8406058227063463,0.00034839106956496835,0.35297402964873276,0.5456149854617341,0.05714285714285714,0.9745491147041321,0.0002858023726579982,-0.0003262311204015379,4.177174331610807e-06,0.0030266649555414915,6.055506219126983e-06,-1.5319336126615052e-08,0.0,0.0,0.8798884242587949,0.8697564005851746,0.9948907695201613,0.9999505877494812
0,val::math500::10::436d6841a02f9cb7::sample3,val::math500::10::436d6841a02f9cb7,43,3,math500,0.0,0.0,1237,-1.8119997380039412,2.603723349643919,-16.918048858642578,-1.1920928244535389e-07,0.5141902824971104,4.493500327384936e-08,1.8406566560259605,1.9365621278091827,0.3387227162489895,0.021405999460597513,-0.0024068603401103178,0.002352339275440907,0.0007064585042673283,0.1597643345594406,0.000255041552009061,1.6990422947989465e-06,0.0008084074373484236,0.0008084074373484236,0.6131259534039694,0.09080111980438232,0.8533751067939601,0.28258389234542847
0,val::math500::11::9e7a876ff78fb308::sample0,val::math500::11::9e7a876ff78fb308,44,0,math500,0.0,0.0,789,-0.2094093024404249,0.6253056166936243,-6.387701511383057,0.0,0.8949921665782834,0.00168211804702878,0.20454921339285498,0.4330610994496774,0.036755386565272496,0.8813193619716913,0.0002988583050636037,-0.00027811024853624067,3.6601109652257633e-07,3.4232558391522616e-05,3.4517190670158016e-06,-1.5295568501141806e-10,0.0,0.0,0.9275956320445348,0.8173904418945312,0.9972926838316392,0.9999571442604065
0,val::math500::11::9e7a876ff78fb308::sample1,val::math500::11::9e7a876ff78fb308,45,1,math500,0.0,0.0,1293,-1.178691809131933,2.3164221938361944,-15.779082298278809,-3.576278118089249e-07,0.6831535819940745,1.4035620665708848e-07,1.184523773872352,1.7990999263114371,0.21577726218097448,0.0798884994022595,-0.002348978866007233,0.002300110303866864,0.00032202868680929333,0.21880961954593658,0.0014252084074541926,9.133157148019054e-07,0.0007733952049497294,0.0,0.7497539666725491,0.44778725504875183,0.9047087445013853,0.8615573644638062
0,val::math500::11::9e7a876ff78fb308::sample2,val::math500::11::9e7a876ff78fb308,46,2,math500,0.0,0.0,2048,-0.3250488303621132,0.8950387726213727,-10.264671325683594,0.0,0.8538128524243582,3.48425455740653e-05,0.3273578274381328,0.5873030890921581,0.0625,0.8957628563512117,-2.848327442586947e-05,2.5456195422944325e-05,5.022532411483309e-07,3.766777444980107e-05,5.780031120394824e-09,-3.3904694087886027e-10,0.0,0.0,0.8935094549997302,0.9998940229415894,0.9924106120597571,0.9999998211860657
0,val::math500::11::9e7a876ff78fb308::sample3,val::math500::11::9e7a876ff78fb308,47,3,math500,0.0,0.0,1253,-0.6016779995436967,1.470246453545615,-15.720355987548828,-1.1920928244535389e-07,0.7922879400143813,1.4884565757711243e-07,0.6051205765285236,1.0873648188795615,0.12450119712689545,0.5200119095021023,-0.0006278458536892432,0.0008100784408439795,1.796951919677646e-05,0.0027961619198322296,1.7658287106314674e-05,7.668577087963149e-08,0.0,0.0,0.8421081470092201,0.6412695050239563,0.9641175199677634,0.9917916655540466
0,val::math500::12::694dbe3224840a65::sample0,val::math500::12::694dbe3224840a65,48,0,math500,0.0,0.0,441,-0.14952206836904772,0.48360375534551686,-4.324470520019531,0.0,0.9179784979020792,0.01324055902659893,0.17634798593844625,0.3812708877989578,0.022675736961451247,0.9881218802183867,0.0005154148261360707,-0.0006907099289267665,2.40233646700127e-07,9.458869499212597e-06,6.6726861405186355e-06,1.3948277306221387e-09,0.0,0.0,0.9370772884208329,0.7945433855056763,0.9985556530844327,0.9998024106025696
0,val::math500::12::694dbe3224840a65::sample1,val::math500::12::694dbe3224840a65,49,1,math500,0.0,0.0,2048,-0.3458868587520614,0.9434010291667673,-12.317841529846191,0.0,0.8465132372531252,4.471254669624614e-06,0.35939472606045464,0.6254491560983662,0.0654296875,0.8845919722225517,9.105700596107353e-05,-0.00012139261972616019,6.400515017172278e-07,0.00044010026613250375,2.0408184864262324e-10,-1.6543390171149999e-10,0.0,0.0,0.8869895614298002,1.0,0.9910939915134804,1.0
0,val::math500::12::694dbe3224840a65::sample2,val::math500::12::694dbe3224840a65,50,2,math500,0.0,0.0,460,-0.23592020169498598,0.8332286625369553,-10.161966323852539,0.0,0.894195794762171,3.861127333948389e-05,0.29206814493140637,0.5515432712949366,0.03695652173913044,0.9756512194871902,0.0010102312820401786,-0.000926680939969772,5.376730747609692e-06,0.0008590255165472627,4.065151006216183e-05,-2.0835617609070908e-08,0.0,0.0,0.9137966960992502,0.7901954650878906,0.9922231850416764,0.9993987679481506
0,val::math500::12::694dbe3224840a65::sample3,val::math500::12::694dbe3224840a65,51,3,math500,0.0,0.0,425,-0.24818415680558406,0.7917233867725942,-10.08324146270752,0.0,0.8851662438916494,4.1773790144361556e-05,0.22342038114597684,0.4126103094759227,0.04941176470588235,0.9529568023281172,0.0005814641674440235,-0.0007297708980802401,9.936373297101654e-07,0.00010132291936315596,9.28943609324051e-06,3.292714976903503e-09,0.0,0.0,0.9233934051149032,0.8614549040794373,0.9977725786321303,0.9998122453689575
0,val::math500::13::1aa139d1f9a1498d::sample0,val::math500::13::1aa139d1f9a1498d,52,0,math500,1.0,1.0,270,-0.20941884917125392,0.5557960417985167,-4.513779640197754,-1.9073468138230965e-06,0.8827218324118467,0.010956968180835247,0.23719431181124054,0.41251397998133604,0.02962962962962963,0.9458550624549389,0.00032500173481438333,-0.00046017948681019823,3.0780326993403642e-06,0.00026718821027316153,0.00026718821027316153,2.8222757081145236e-08,0.0,0.0,0.9142851084470749,0.9025262594223022,0.9976695623662737,0.999804675579071
0,val::math500::13::1aa139d1f9a1498d::sample1,val::math500::13::1aa139d1f9a1498d,53,1,math500,0.0,0.0,391,-0.6953638010647583,1.3522508136072022,-8.205671310424805,-4.768370445162873e-07,0.7360914088531827,0.00027310033328831196,0.6904394983334885,0.9488502919945097,0.1534526854219949,0.39473712240578607,-0.0030885728183700674,0.003314027699651809,0.0022594029756796887,0.6904496550559998,0.00019481263007037342,9.856224763062308e-06,0.0025575447570332483,0.0025575447570332483,0.8023367971562974,0.5124909281730652,0.9680163933492988,0.9970666170120239
0,val::math500::13::1aa139d1f9a1498d::sample2,val::math500::13::1aa139d1f9a1498d,54,2,math500,1.0,1.0,364,-0.25731307071106124,0.697467210067228,-5.380259990692139,-5.960462772236497e-07,0.8709718223512787,0.004606624133884907,0.25617970644644367,0.4450928088887516,0.04395604395604396,0.9070582566782832,0.0004939292269052826,-0.00013648680622711326,2.348443458775493e-06,0.00010716458200477064,0.00010716458200477064,1.8476093216641722e-08,0.0,0.0,0.9047877431980201,0.8683638572692871,0.9973100012802816,0.999644935131073
0,val::math500::13::1aa139d1f9a1498d::sample3,val::math500::13::1aa139d1f9a1498d,55,3,math500,1.0,1.0,384,-0.427996644322197,0.9678006561010205,-6.172967910766602,0.0,0.8111764503543478,0.0020850386936217546,0.4307268240926307,0.6868934890360007,0.08854166666666667,0.8094075289554894,-0.0003261602741312653,0.0009043416916308235,3.114935032029366e-06,0.000263803027337417,1.0453711183799896e-05,2.0203399617965182e-08,0.0,0.0,0.8627334211487323,0.9694236516952515,0.9870278225280344,0.9993842244148254
0,val::math500::14::79d0db7102756483::sample0,val::math500::14::79d0db7102756483,56,0,math500,0.0,0.0,406,-0.7562865751754374,1.4643604934565797,-13.783833503723145,0.0,0.7008008277578969,1.0321841728000436e-06,0.7332560782688617,0.8362927290132576,0.14532019704433496,0.5277275374537567,0.0017095989759618162,-0.0009233810143606557,0.001994233630195121,0.8034057021141052,6.0471182223409414e-05,2.528452547214081e-05,0.0024630541871921183,0.0024630541871921183,0.7804457240650806,0.9154465198516846,0.9724860176664268,0.9987769722938538
0,val::math500::14::79d0db7102756483::sample1,val::math500::14::79d0db7102756483,57,1,math500,0.0,0.0,320,-0.32949177689739084,0.7947959191161028,-6.459280490875244,0.0,0.8362386624532518,0.0015659220516681671,0.3771553547873309,0.6036274434523815,0.053125,0.9059797720983624,0.0008484820375801673,-0.0016904873078276653,7.782723720372776e-06,0.0012760435929521918,5.810442416986916e-06,-9.734245262873559e-08,0.0,0.0,0.8792370958253741,0.9456771016120911,0.9916991265490651,0.9997202157974243
0,val::math500::14::79d0db7102756483::sample2,val::math500::14::79d0db7102756483,58,2,math500,1.0,1.0,126,-0.18810403302665604,0.6334313944084615,-3.9002201557159424,-2.50339189733495e-06,0.9159557129152947,0.020237455144524574,0.2156972710478248,0.5343361613176472,0.03968253968253968,0.7547686506877653,-0.0051665888374812985,0.0030253369151132937,0.00018987318950786534,0.013989493250846863,0.0013799360021948814,4.918148086312796e-06,0.0,0.0,0.940642031412276,0.4615253210067749,0.9921642007335784,0.9602137804031372
0,val::math500::14::79d0db7102756483::sample3,val::math500::14::79d0db7102756483,59,3,math500,0.0,0.0,349,-0.3211810999401073,0.7871453706901008,-6.8767828941345215,0.0,0.8438396480929822,0.0010314569808542728,0.33656063357910077,0.5294765204945873,0.06303724928366762,0.891738612903282,0.0004732640419947193,-0.0006352301954694502,1.513060873473234e-05,0.003886388847604394,4.487515616347082e-05,7.980385630651339e-08,0.0,0.0,0.8875826215504917,0.7231588959693909,0.9945068050250625,0.999470055103302
0,val::math500::15::63d1d4b8890b1ac0::sample0,val::math500::15::63d1d4b8890b1ac0,60,0,math500,0.0,0.0,863,-0.21998222668969825,0.6615012049637293,-6.322983741760254,0.0,0.8909903118374184,0.0017945809522643685,0.20522134042714918,0.3893337502423602,0.04171494785631518,0.8972153807990253,5.4393992759885135e-05,-6.316563637182448e-05,2.0017508561242378e-06,0.0001159017119789496,1.9720144337043166e-05,6.88164290286712e-09,0.0,0.0,0.9253347107184444,0.7161469459533691,0.9984610322452779,0.9990419745445251
0,val::math500::15::63d1d4b8890b1ac0::sample1,val::math500::15::63d1d4b8890b1ac0,61,1,math500,0.0,0.0,1798,-0.19447474838524975,0.6471526471550626,-7.341175079345703,0.0,0.90419328708824,0.0006482882308773696,0.20749437087086722,0.42921147414782496,0.03670745272525028,0.984894149005413,-9.198465990790612e-05,9.613048297065455e-05,7.08419992480972e-06,0.0005527429166249931,0.00012902080197818577,1.7189508752513532e-08,0.0,0.0,0.9291937587590053,0.8667223453521729,0.9972903060170514,0.9999499917030334
0,val::math500::15::63d1d4b8890b1ac0::sample2,val::math500::15::63d1d4b8890b1ac0,62,2,math500,0.0,0.0,602,-0.2551614490343964,0.6429458080830243,-4.63547420501709,-2.3841855067985307e-07,0.8690634901059847,0.009701506234705448,0.2725548284533875,0.4993289119143742,0.05149501661129568,0.995705209672451,0.0005050414718037664,-0.0004200906736104945,4.009745506270756e-06,0.000507374934386462,2.903504173445981e-05,2.218046913491681e-08,0.0,0.0,0.9034389300748359,0.8741468191146851,0.9960156206870792,0.9960454702377319
0,val::math500::15::63d1d4b8890b1ac0::sample3,val::math500::15::63d1d4b8890b1ac0,63,3,math500,0.0,0.0,422,-0.48832889457289413,0.9891006055353443,-7.264627933502197,-7.152555099310121e-07,0.7883928022932226,0.0006998616736382246,0.4547056887126195,0.6941316066673937,0.13033175355450238,0.9880840536206961,0.0008346468078960213,-0.00015065487299267924,3.928698122331786e-05,0.013726148754358292,2.714065703912638e-05,2.449845410196467e-07,0.0,0.0,0.8518832000899371,0.6774104237556458,0.986161081853071,0.9995626211166382
0,val::math500::16::e0aa8976db49ccab::sample0,val::math500::16::e0aa8976db49ccab,64,0,math500,1.0,1.0,790,-0.19485316352561075,0.652616418721125,-7.221746444702148,0.0,0.9058770151036686,0.0007305254694074392,0.20546218041789852,0.45310810201453683,0.03670886075949367,0.9250013260170817,7.885741860915374e-05,-1.261042322926573e-05,2.0752432311214232e-05,0.012331293895840645,0.00277759600430727,1.4969291328174112e-07,0.0,0.0,0.9319873002511037,0.9888928532600403,0.9962413575830339,0.9990385174751282
0,val::math500::16::e0aa8976db49ccab::sample1,val::math500::16::e0aa8976db49ccab,65,1,math500,1.0,1.0,143,-0.39421325995927137,0.8803155351018026,-6.859149932861328,0.0,0.81369079983308,0.0010498060146346688,0.4188215110488681,0.6373379615534343,0.1048951048951049,0.9091630564071238,0.004477216510285882,-0.003144572054650556,4.670718335014198e-06,0.00016736485122237355,0.00016736485122237355,8.650470024633344e-08,0.0,0.0,0.8658988509144816,0.7727228999137878,0.990910556349721,0.999635636806488
0,val::math500::16::e0aa8976db49ccab::sample2,val::math500::16::e0aa8976db49ccab,66,2,math500,0.0,0.0,2048,-0.4167173601617944,1.0304248209276774,-10.671674728393555,0.0,0.8244064239725004,2.319265877304133e-05,0.42431835699973836,0.7040891244988503,0.0830078125,0.6844053652603179,0.0001326672659958877,-0.00013245792173817854,4.0471971516650134e-05,0.07380262762308121,1.3586908265139641e-09,-7.312088943638646e-08,0.0,0.0,0.8684633949451381,0.46561336517333984,0.9865230978175532,0.9859227538108826
0,val::math500::16::e0aa8976db49ccab::sample3,val::math500::16::e0aa8976db49ccab,67,3,math500,0.0,0.0,1423,-0.2890295763197646,0.9298452225495322,-13.761516571044922,0.0,0.8733256325741168,1.0554782647886896e-06,0.29238286010296116,0.5576773015182678,0.050597329585382995,0.632769425021479,-0.0002936981296557968,0.0002243255229277971,0.00022954523919467622,0.3261629641056061,2.7132000468554907e-06,9.437479851222576e-07,0.0007027406886858749,0.0007027406886858749,0.9057781913030424,0.6839421987533569,0.9933745792464145,0.9543136954307556
0,val::math500::17::2d8274195f73ed9c::sample0,val::math500::17::2d8274195f73ed9c,68,0,math500,0.0,0.0,681,-0.8225724837590583,1.5490015465890936,-10.939290046691895,-2.3841855067985307e-07,0.6963404766369697,1.7747070160112344e-05,0.7861748253978347,0.9374713525516999,0.17180616740088106,0.722477478091605,-0.00129298011006905,0.0011122125947620055,2.9605517409669036e-05,0.01793891377747059,3.0655683076474816e-05,-2.235495440087551e-07,0.0,0.0,0.7795683877889981,0.8144901394844055,0.9638615150371137,0.9995558857917786
0,val::math500::17::2d8274195f73ed9c::sample1,val::math500::17::2d8274195f73ed9c,69,1,math500,0.0,0.0,665,-0.27172423228841636,0.710843701216048,-8.428365707397461,-2.3841855067985307e-07,0.8567444004315167,0.000218578425119631,0.32003838675565616,0.4854837122406129,0.045112781954887216,0.9817065894603729,0.0006457240393540188,-0.0005534015727322022,1.4471965708488157e-06,0.0006884461035951972,1.1561650126168388e-07,5.7848446640367226e-09,0.0,0.0,0.8895402809731046,0.851728618144989,0.9964404165296626,0.9998924732208252
0,val::math500::17::2d8274195f73ed9c::sample2,val::math500::17::2d8274195f73ed9c,70,2,math500,0.0,0.0,685,-2.212280993359372,3.0551276494932345,-16.31378173828125,-9.536738616588991e-07,0.5085088526028438,8.222703229421313e-08,2.1834651174093826,2.4391825911964555,0.3883211678832117,0.30008784506894637,-0.007814892379732756,0.007464069732923918,0.0003207543329489155,0.1055053249001503,0.002573822159320116,2.2342230115029676e-06,0.00145985401459854,0.0,0.6006982394174611,0.024419739842414856,0.7963779250200648,0.11673810333013535
0,val::math500::17::2d8274195f73ed9c::sample3,val::math500::17::2d8274195f73ed9c,71,3,math500,0.0,0.0,833,-0.9455824379282947,1.7688234950520272,-14.00513744354248,-1.0728830375228426e-06,0.691357220494705,8.272677405329887e-07,0.9550217693720113,1.2560891182732519,0.1908763505402161,0.8056339951931477,-0.0011349417267246767,0.001153971134225968,1.7264912347796754e-05,0.0014415154000744224,0.00017183616000693291,5.82921498157983e-08,0.0,0.0,0.7705559936561146,0.6178749799728394,0.9385352362604702,0.9987078309059143
0,val::math500::18::c7d731882930870c::sample0,val::math500::18::c7d731882930870c,72,0,math500,0.0,0.0,863,-4.710420654837888,3.865161467925351,-15.629949569702148,-5.6980417866725475e-05,0.2473981652705466,1.6292929672090395e-07,4.657053616530894,3.0533058580708703,0.6825028968713789,0.02637049846026862,-0.010044257009484144,0.010094488329917316,0.0012193353479654694,0.2668122351169586,0.002114861970767379,4.856461864862634e-06,0.002317497103128621,0.0034762456546929316,0.32659841839144244,0.012170190922915936,0.5059136300113566,0.06285685300827026
0,val::math500::18::c7d731882930870c::sample1,val::math500::18::c7d731882930870c,73,1,math500,1.0,1.0,516,-0.30232632475109944,0.741582424424491,-6.470630168914795,0.0,0.8467350166975502,0.001548249856568873,0.336037845998601,0.5382129468276543,0.046511627906976744,0.951269808690995,0.000526534111697059,-0.0008735028002588198,1.1247388880929704e-05,0.00331444526091218,1.7729325918480754e-05,-4.55595173219726e-08,0.0,0.0,0.8850919875467933,0.9367957711219788,0.9942468260378801,0.9996597170829773
0,val::math500::18::c7d731882930870c::sample2,val::math500::18::c7d731882930870c,74,2,math500,0.0,0.0,409,-0.49655390740771355,1.0746976827688588,-7.931541442871094,-1.1920928244535389e-07,0.7826304834579831,0.0003592322755139321,0.4970716318138844,0.6399684738287841,0.09535452322738386,0.782668786123395,0.00037022043769908676,-0.0006432928936209828,5.057041814473852e-06,0.0012862522853538394,9.021536406805808e-09,-2.5235405032099576e-11,0.0,0.0,0.8360595334421451,0.9465778470039368,0.9908477579468912,0.9999918341636658
0,val::math500::18::c7d731882930870c::sample3,val::math500::18::c7d731882930870c,75,3,math500,0.0,0.0,508,-0.5138117485907295,0.9748399855091355,-7.620619297027588,0.0,0.7594390365822877,0.0004902381333522499,0.5396784737587036,0.6798366495888026,0.1062992125984252,0.8763275393284857,0.0006327445545753361,-0.0008492438021942711,1.705638983404198e-05,0.004151221830397844,6.174961163196713e-05,-1.499463736155872e-07,0.0,0.0,0.8239339837936435,0.8781635165214539,0.9883837070990735,0.9997655749320984
0,val::math500::19::bc0d44d3d5575105::sample0,val::math500::19::bc0d44d3d5575105,76,0,math500,0.0,0.0,871,-0.19910910723753664,0.6585792930919083,-7.135721206665039,0.0,0.9004336933713769,0.0007961514056660235,0.2130419543550641,0.4172334806357737,0.03214695752009185,0.9395399787463248,-3.702741930390538e-05,-3.3972039380479264e-05,1.7110819543163638e-06,0.00019102985970675945,5.065940786153078e-05,5.922173843873462e-09,0.0,0.0,0.9274242146178037,0.5610835552215576,0.9974382179612817,0.9998043179512024
0,val::math500::19::bc0d44d3d5575105::sample1,val::math500::19::bc0d44d3d5575105,77,1,math500,0.0,0.0,965,-4.7410732159244455,3.8737395854865397,-16.301738739013672,-1.0371154530730564e-05,0.2591444899524813,8.322327005316765e-08,4.60725780753455,3.0242504659002347,0.6932642487046632,0.07139544683192867,-0.00897526207673233,0.008570248024320059,0.0017248222194655271,0.15587040781974792,0.006338553037494421,5.179009553004732e-06,0.002072538860103627,0.004145077720207254,0.33340467714120686,0.032189834862947464,0.5010866656552015,0.1952459216117859
0,val::math500::19::bc0d44d3d5575105::sample2,val::math500::19::bc0d44d3d5575105,78,2,math500,1.0,1.0,2048,-0.2776051204070078,0.8342489230241534,-10.624356269836426,0.0,0.8735429763985945,2.4316479539265856e-05,0.2771484459608341,0.5224313340796273,0.048828125,0.8654215163551271,-0.00017149835262976723,0.00017075691806696017,2.903508097601912e-06,0.0004878223408013582,3.899981209087855e-07,2.219213481711343e-09,0.0,0.0,0.9089360964935622,0.6213416457176208,0.9945469223894179,0.9994396567344666
0,val::math500::19::bc0d44d3d5575105::sample3,val::math500::19::bc0d44d3d5575105,79,3,math500,0.0,0.0,1500,-0.31888807060052315,0.9115689332379724,-12.085783004760742,0.0,0.8607225649018043,5.639117262035143e-06,0.3033186764024694,0.5282244597196638,0.06333333333333334,0.7044208946754225,0.00010412755330353203,-6.254712329682858e-05,2.0543261448829488e-06,0.0008050742326304317,5.846759449923411e-05,3.2649949134798546e-09,0.0,0.0,0.900514829725027,0.5368494987487793,0.9945097109874089,0.9905691742897034
0,val::math500::20::3df80308e3f022b6::sample0,val::math500::20::3df80308e3f022b6,80,0,math500,0.0,0.0,649,-0.2510562596908735,0.7433374992754882,-6.8914642333984375,0.0,0.8795589338385361,0.0010164245031774044,0.24170790798058087,0.4502588477121652,0.04160246533127889,0.9605831960216165,0.0009771448346669056,-0.0009174066449402281,1.8460910424886602e-05,0.011468643322587013,6.919269799254835e-05,-1.5804064918728002e-07,0.0,0.0,0.9148474786608539,0.8157763481140137,0.9970628141622147,0.9999170303344727
0,val::math500::20::3df80308e3f022b6::sample1,val::math500::20::3df80308e3f022b6,81,1,math500,0.0,0.0,2048,-4.453952572168461,4.444974508695958,-16.935222625732422,-6.151010165922344e-05,0.35835539493002777,4.416988375055553e-08,4.390990038177023,3.5812557444455853,0.60009765625,0.9982896577566862,5.923299290554999e-05,-5.506926692467171e-06,0.0010040341612934935,0.07348152995109558,0.0001395953877363354,-3.713203701406434e-07,0.0,0.00048828125,0.42381236140067813,0.998239278793335,0.5672151685666904,0.9991728663444519
0,val::math500::20::3df80308e3f022b6::sample2,val::math500::20::3df80308e3f022b6,82,2,math500,1.0,1.0,154,-0.2825133807574628,0.7173548353288699,-4.691917419433594,-3.576278118089249e-07,0.8617716739800844,0.009169088676571846,0.3018233870314556,0.5406691879334683,0.05844155844155844,0.9386358533520252,0.0042321642919957185,-0.004652439762311209,6.041996761062677e-06,0.00013705056335311383,8.726539090275764e-05,-1.8340328607057002e-08,0.0,0.0,0.8959965992283512,0.7527239322662354,0.9944196231179423,0.9996902346611023
0,val::math500::20::3df80308e3f022b6::sample3,val::math500::20::3df80308e3f022b6,83,3,math500,0.0,0.0,1405,-2.3405582277961217,2.4797749573673773,-16.96295928955078,-0.0003904534096363932,0.34574288434407935,4.296159517025444e-08,2.415007557536664,1.4258336790861863,0.501067615658363,0.10458946363611688,-0.0006511883510006382,0.0005435788309828229,0.0018484591081492946,0.1557357758283615,0.0001309465296799317,1.3107958377925393e-06,0.004270462633451958,0.004270462633451958,0.473847713468603,0.2855832874774933,0.794858705305438,0.761062502861023
0,val::math500::21::47139315ca038099::sample0,val::math500::21::47139315ca038099,84,0,math500,0.0,0.0,2048,-0.7049624345642588,1.5535467315567864,-13.9473876953125,0.0,0.7517466945888147,8.764486665313598e-07,0.6388741750096676,0.9911145979704946,0.1396484375,0.8830172927118838,0.0002882228147733522,-0.0002887274662014848,0.00046362530136875857,0.44716063141822815,4.638657458144735e-09,3.6208082164524507e-07,0.0009765625,0.00048828125,0.820485973099494,0.6152569055557251,0.9709714848431759,0.999314546585083
0,val::math500::21::47139315ca038099::sample1,val::math500::21::47139315ca038099,85,1,math500,0.0,0.0,273,-1.8643752638832773,2.633995248161413,-14.060995101928711,-3.838465272565372e-05,0.504177707479788,7.823253440619737e-07,1.8652853586855123,1.8385047374138432,0.3626373626373626,0.7548187507884165,-0.0028197019576987376,0.001974033484968556,0.0009439462443064696,0.08302253484725952,2.58428008237388e-05,1.073253643007243e-05,0.0,0.003663003663003663,0.6030357856126058,0.9990215301513672,0.8470140835713773,0.9999030828475952
0,val::math500::21::47139315ca038099::sample2,val::math500::21::47139315ca038099,86,2,math500,0.0,0.0,415,-3.58876928960058,3.4237441856927657,-14.570808410644531,-0.00019107422849629074,0.28071139829222885,4.698706277395104e-07,3.5015420816647986,2.4137732672600203,0.6168674698795181,0.023910390698296702,-0.012232716562360453,0.012276827173209081,0.0008740213046986849,0.030657803639769554,0.0014924758579581976,3.00055608317129e-06,0.0,0.0,0.4058423302394439,0.06346168369054794,0.6593055457953947,0.1858411431312561
0,val::math500::21::47139315ca038099::sample3,val::math500::21::47139315ca038099,87,3,math500,0.0,0.0,797,-0.5197332846249221,1.0518084362576519,-8.001802444458008,-1.1920928244535389e-07,0.7748480434355663,0.0003348585159983486,0.5592534041501234,0.7925537293652879,0.11543287327478043,0.9043878184165806,0.00038366873661968196,-0.0004936464192494377,3.2631728980057976e-06,0.00036891037598252296,3.0078317649895325e-05,4.2661798913910436e-09,0.0,0.0,0.8249185683867115,0.8506912589073181,0.9801355633263008,0.9998539090156555
0,val::math500::22::712f9feff9344745::sample0,val::math500::22::712f9feff9344745,88,0,math500,0.0,0.0,717,-0.45175241134767624,1.104311968351276,-8.384929656982422,0.0,0.8112129462217426,0.00022828180226497352,0.46680659524744805,0.6912364812288182,0.07810320781032078,0.5726954208003008,5.918918709052997e-05,1.8002732709776822e-05,2.9241290732929e-06,0.000878737831953913,0.000878737831953913,1.778170394040425e-08,0.0,0.0,0.8591353181266386,0.5490728616714478,0.9862695602359798,0.908114492893219
0,val::math500::22::712f9feff9344745::sample1,val::math500::22::712f9feff9344745,89,1,math500,0.0,0.0,614,-1.092762109768606,2.039267758343214,-14.7215576171875,-2.0265558760002023e-06,0.6537410761669288,4.041185093228705e-07,1.0396535169632528,1.1855626354310478,0.21009771986970685,0.5311459045915399,0.0002677565465114688,0.0001449909417564317,1.68018684346549e-05,0.0017077215015888214,8.681866347615141e-06,9.793276177485167e-08,0.0,0.0,0.745635369458882,0.8570371270179749,0.9375528651941871,0.9993737936019897
0,val::math500::22::712f9feff9344745::sample2,val::math500::22::712f9feff9344745,90,2,math500,0.0,0.0,2048,-0.6699172432851894,1.3839386113250183,-12.847504615783691,-3.576278118089249e-07,0.7419956503279268,2.632689529491472e-06,0.6986007361770814,0.982608295290421,0.140625,0.639676451246487,-8.654814924828303e-05,0.00014850352369456766,4.342067193363039e-05,0.008187093771994114,3.180013663950376e-05,6.160046150962092e-08,0.0,0.0,0.807534431485692,0.42484116554260254,0.965058390982449,0.9376647472381592
0,val::math500::22::712f9feff9344745::sample3,val::math500::22::712f9feff9344745,91,3,math500,0.0,0.0,1079,-0.3608346968821388,0.9996998692980622,-10.879087448120117,0.0,0.8531481965325431,1.8848306353902444e-05,0.36364157460069096,0.7107080600030427,0.07970342910101946,0.44223187049465196,9.901876839518389e-05,-9.146908765441918e-05,6.748658005576315e-06,0.000752683321479708,0.0005701422924175858,1.870551064344693e-08,0.0,0.0,0.8962614302686567,0.8545976281166077,0.9854269139848449,0.9976780414581299
0,val::math500::23::b0dac61211aa35f0::sample0,val::math500::23::b0dac61211aa35f0,92,0,math500,1.0,1.0,889,-0.16941728895659372,0.5990519208829943,-6.452557563781738,0.0,0.9185432273525529,0.001576484995894134,0.15986408747573871,0.3846272460940463,0.03487064116985377,0.9457439510151744,0.0001314661779879062,-0.000184204915925343,3.4467811654017116e-07,2.887433220166713e-05,2.607466740300879e-05,7.645846966665876e-10,0.0,0.0,0.9446508852415063,0.7850198149681091,0.998001972052056,0.999904215335846
0,val::math500::23::b0dac61211aa35f0::sample1,val::math500::23::b0dac61211aa35f0,93,1,math500,1.0,1.0,580,-0.13158434577290665,0.5358192716472735,-7.263979434967041,0.0,0.935490662826462,0.0007003156351856887,0.11622067727069535,0.3064570729531452,0.02413793103448276,0.9641057532280684,0.00014130369538813554,-0.0001436298343986028,2.0251612853838396e-07,1.3650394066644367e-05,7.409335012198426e-06,2.65977426550643e-10,0.0,0.0,0.9573772724846313,0.9391595125198364,0.9992227266574728,0.9999123811721802
0,val::math500::23::b0dac61211aa35f0::sample2,val::math500::23::b0dac61211aa35f0,94,2,math500,0.0,0.0,719,-0.3194841480474294,0.8991248709487448,-8.31506633758545,0.0,0.8614420394498744,0.0002448006416670978,0.337468902778292,0.6667765653181363,0.055632823365785816,0.755036739769821,0.00015184368289942454,-0.00044835271219810833,9.820856657751459e-05,0.033062223345041275,3.05624894281209e-06,-1.8533040492687862e-09,0.0,0.0,0.896011635557501,0.846138596534729,0.9896342543799622,0.9996713995933533
0,val::math500::23::b0dac61211aa35f0::sample3,val::math500::23::b0dac61211aa35f0,95,3,math500,1.0,1.0,666,-0.09553395506327868,0.3536740936992326,-4.5683794021606445,0.0,0.9422737529778199,0.010374759323894978,0.11661444153548335,0.30492326628597677,0.010510510510510511,0.9656846672296524,0.00018916848844992474,-0.00019790238492582184,7.414703117312991e-07,0.00032522372202947736,3.719027063198155e-06,4.068513894934542e-09,0.0,0.0,0.9544880458632031,0.8806908130645752,0.999298857049541,0.9999618530273438
0,val::math500::24::29e3258744efc95c::sample0,val::math500::24::29e3258744efc95c,96,0,math500,0.0,0.0,1804,-0.16306115027515236,0.5728420067658633,-6.337924480438232,0.0,0.9190128202325026,0.001767967827618122,0.1603308045892679,0.3759700958669941,0.02827050997782705,0.9127757521346211,-2.1809509873848113e-05,-2.073959076446201e-05,6.459936561004411e-05,0.08196581900119781,0.00018183210340794176,1.1858114597417718e-07,0.0,0.0,0.9431818482649829,0.951298713684082,0.9984490794445617,0.9999273419380188
0,val::math500::24::29e3258744efc95c::sample1,val::math500::24::29e3258744efc95c,97,1,math500,0.0,0.0,477,-0.19549044464513043,0.6545221354060269,-8.649293899536133,0.0,0.9008880103105741,0.000175250563188456,0.20820250249994984,0.3993341147587037,0.039832285115303984,0.9052206298802048,-2.1843729331757528e-05,-0.00035739201541246747,3.285057516826715e-07,5.8004905440611765e-05,2.124324964825064e-06,-9.867495156313182e-10,0.0,0.0,0.9283097069280952,0.9398300647735596,0.9980285521323325,0.9999813437461853
0,val::math500::24::29e3258744efc95c::sample2,val::math500::24::29e3258744efc95c,98,2,math500,0.0,0.0,527,-0.5851556111767562,1.1620341895487267,-7.719564437866211,-2.861018856492592e-06,0.7567515318805818,0.00044405399239622056,0.6086388795171292,0.8315092541377058,0.13282732447817835,0.8726451578550041,-0.0005924130400257821,0.0006238748537639204,9.16591751611571e-06,0.0012897019041702151,7.874197763158008e-05,5.992651816265812e-08,0.0,0.0,0.8293197805616842,0.8192759156227112,0.9773158574692439,0.9984508156776428
0,val::math500::24::29e3258744efc95c::sample3,val::math500::24::29e3258744efc95c,99,3,math500,0.0,0.0,524,-1.13230618235276,1.9578885743994752,-14.955238342285156,-6.997340824455023e-05,0.626474250837248,3.1990609272725123e-07,1.154260380160044,1.2338851574797194,0.23091603053435114,0.5107251712797396,0.0014726444600361946,-0.001515510392162255,0.0009789306136011602,0.19260559976100922,0.006417788099497557,7.402762281698695e-06,0.003816793893129771,0.0,0.720812289598789,0.3729981482028961,0.9279372406028609,0.827441930770874
0,val::math500::25::4f2f6cb4d4223ec2::sample0,val::math500::25::4f2f6cb4d4223ec2,100,0,math500,0.0,0.0,914,-0.2253988900016309,0.7558679062454736,-8.718935012817383,0.0,0.8985811233249944,0.0001634611835470423,0.1804270525264906,0.3764938138886723,0.044857768052516414,0.9189868774265051,0.0001476190501446078,-0.00012442141365171566,3.544454602325221e-07,3.489468872430734e-05,8.047439905567444e-07,6.952490712897516e-10,0.0,0.0,0.9327884002117933,0.7305254340171814,0.9988974427368239,0.9993802905082703
0,val::math500::25::4f2f6cb4d4223ec2::sample1,val::math500::25::4f2f6cb4d4223ec2,101,1,math500,0.0,0.0,752,-0.2551447236422056,0.7488748790131502,-8.409358024597168,0.0,0.8797105532805213,0.00022277282550930977,0.24100587623364877,0.460534794837977,0.04920212765957447,0.8496449899685103,6.329807003526212e-05,-6.824878432975415e-05,2.5371814206476973e-06,0.0006208643317222595,0.0006208643317222595,1.0734333791338305e-08,0.0,0.0,0.9136382446802677,0.6808605194091797,0.9972542028953421,0.9991757273674011
0,val::math500::25::4f2f6cb4d4223ec2::sample2,val::math500::25::4f2f6cb4d4223ec2,102,2,math500,0.0,0.0,1094,-0.246292654312528,0.6778335718214558,-6.891158580780029,0.0,0.876529474414215,0.0010167352156713605,0.23162571607306107,0.4213124149581203,0.04661791590493602,0.9108767644502223,5.96617458230786e-05,-1.688026580754107e-05,4.084719448449791e-07,8.289759716717526e-05,1.0961227417283226e-05,1.0110995590899527e-09,0.0,0.0,0.9162675271685861,0.6165313124656677,0.9981673812626485,0.9994820952415466
0,val::math500::25::4f2f6cb4d4223ec2::sample3,val::math500::25::4f2f6cb4d4223ec2,103,3,math500,0.0,0.0,2048,-0.08301514104111644,0.4011168842112722,-6.37678861618042,0.0,0.9563425261803218,0.001700575347058475,0.0827798413444753,0.24787733622602312,0.01416015625,0.9997544679790735,0.00011748684928500766,-0.00012157809839341441,5.210498453102454e-05,0.00033534460817463696,0.00013981721713207662,9.310007247216464e-08,0.0,0.0,0.969098533882061,0.9998257756233215,0.999638276087353,0.9999982714653015
0,val::math500::26::7f269eada4e5b30d::sample0,val::math500::26::7f269eada4e5b30d,104,0,math500,0.0,0.0,828,-0.2840428825477275,0.7687680343126184,-7.574060440063477,0.0,0.8622000600503205,0.0005136027466505766,0.28293669483637907,0.4497255748744987,0.050724637681159424,0.9214908201247454,0.00031067273618448236,-0.0003856701803101315,5.814412572277986e-06,0.00177723856177181,8.344676643901039e-06,-3.4601401921224436e-08,0.0,0.0,0.9020577628111494,0.8768786787986755,0.997343699425315,0.9999133348464966
0,val::math500::26::7f269eada4e5b30d::sample1,val::math500::26::7f269eada4e5b30d,105,1,math500,0.0,0.0,574,-1.1772406004622022,2.3613607667088856,-16.161943435668945,-6.9141146923357155e-06,0.6805974702629529,9.570996439833834e-08,1.0841636980851783,1.6936289088665706,0.2073170731707317,0.04574669966310729,-0.005600406772693143,0.004549802864226123,0.00018684050516461337,0.02136196568608284,5.059533941675909e-05,1.8040069372812633e-06,0.0,0.0,0.7564234765253001,0.1373254805803299,0.9252649225320551,0.35632407665252686
0,val::math500::26::7f269eada4e5b30d::sample2,val::math500::26::7f269eada4e5b30d,106,2,math500,0.0,0.0,952,-0.3794518652385963,1.0070443582045268,-9.394784927368164,-2.3841855067985307e-07,0.8323389595711161,8.315660670632496e-05,0.3728019209954776,0.5669198547554353,0.0703781512605042,0.8600347379688174,0.0003215511561651582,-0.00041040249678424794,2.3513176338669097e-05,0.012378453277051449,1.9542587324394844e-05,-6.456345544860954e-08,0.0,0.0,0.8765809888943654,0.9112713932991028,0.9939733866069999,0.9998906850814819
0,val::math500::26::7f269eada4e5b30d::sample3,val::math500::26::7f269eada4e5b30d,107,3,math500,0.0,0.0,483,-1.2791886398345953,2.401687903805286,-14.180648803710938,-8.344646857949556e-07,0.6371672065966834,6.941007200111926e-07,1.1399382784280443,1.500778672614971,0.22567287784679088,0.5751187104593498,-0.004982297575961755,0.0045072490375134035,8.638704060897678e-05,0.020226428285241127,9.62873764365213e-06,8.849677442612572e-07,0.0,0.0,0.7393588959846807,0.1286373734474182,0.9304700242066235,0.35177749395370483
0,val::math500::27::69040b81cefdaccc::sample0,val::math500::27::69040b81cefdaccc,108,0,math500,1.0,1.0,506,-0.12314122236684223,0.40452091332925944,-4.207176208496094,0.0,0.9281633023721103,0.01488835085183382,0.1556368519712818,0.35852186034423233,0.023715415019762844,0.9399426407180727,0.0003995844675594568,-0.0004856880037393299,1.599247056527012e-07,7.777277460263576e-06,1.8743972987067536e-06,4.639851726639746e-11,0.0,0.0,0.9429764780602437,0.9396727085113525,0.9988713306871798,0.9999454617500305
0,val::math500::27::69040b81cefdaccc::sample1,val::math500::27::69040b81cefdaccc,109,1,math500,0.0,0.0,291,-0.29636939002167473,0.9498914590401045,-8.373956680297852,-8.344646857949556e-07,0.8723811113586728,0.00023080054961610585,0.34248513586832824,0.7166596160280463,0.048109965635738834,0.8581572633702308,0.0023495896494694427,-0.002651051024035183,1.8533159358504825e-06,0.00011025846470147371,9.517893886368256e-06,-1.6742198449743898e-08,0.0,0.0,0.8976491762907645,0.9395663738250732,0.9876231819493664,0.9998447299003601
0,val::math500::27::69040b81cefdaccc::sample2,val::math500::27::69040b81cefdaccc,110,2,math500,1.0,1.0,488,-0.22310240731412867,0.6443694195469869,-6.170125961303711,0.0,0.8875882312198375,0.002090972615405917,0.2143540874200832,0.41605699651118144,0.036885245901639344,0.9186584735289216,0.0008536721665032839,-0.0008489632367132017,9.065808133292276e-07,0.00016825720376800746,1.0523514220039942e-06,-6.671121121801215e-10,0.0,0.0,0.9213156033856947,0.7676027417182922,0.9982954561710358,0.9999678730964661
0,val::math500::27::69040b81cefdaccc::sample3,val::math500::27::69040b81cefdaccc,111,3,math500,0.0,0.0,366,-0.30637749249124435,0.8722447342620753,-8.33918285369873,-3.576278118089249e-07,0.8591827667521296,0.00023896755010355264,0.31653937166099805,0.5162437425824427,0.06284153005464481,0.8609190503325408,0.00033572093539479625,-0.0004832012775167278,0.0001258696565877603,0.04565092548727989,0.04565092548727989,2.047259021107621e-06,0.0,0.0,0.9006145807807563,0.9169231653213501,0.9945855966356935,0.9925888776779175
0,val::math500::28::f3ed9561c6f7f1cb::sample0,val::math500::28::f3ed9561c6f7f1cb,112,0,math500,1.0,1.0,196,-0.3247243776420436,0.7675912298138795,-5.340398788452148,-4.768370445162873e-07,0.8358803213174854,0.004793958738446236,0.42944318020608896,0.6151109305718994,0.05612244897959184,0.9340102095156908,0.003031965341450022,-0.0036126965771394893,5.354462715401181e-05,0.00873055960983038,6.462915916927159e-05,-1.4191812097788326e-06,0.0,0.0,0.8700147316772111,0.8634278774261475,0.9903007052382644,0.9997124075889587
0,val::math500::28::f3ed9561c6f7f1cb::sample1,val::math500::28::f3ed9561c6f7f1cb,113,1,math500,0.0,0.0,426,-1.4639525536378146,2.4704424445624484,-16.516225814819336,-2.5033637939486653e-05,0.5867821729034279,6.715745826113562e-08,1.3043519598297981,1.5069032466953882,0.2746478873239437,0.1432709221525572,-0.0042303330500177766,0.0024859243736261557,0.0021904230051868192,0.6532248854637146,2.639622107381001e-05,2.5012511899216094e-05,0.002347417840375587,0.002347417840375587,0.6938301784996416,0.49731123447418213,0.9161385062364905,0.7841719388961792
0,val::math500::28::f3ed9561c6f7f1cb::sample2,val::math500::28::f3ed9561c6f7f1cb,114,2,math500,0.0,0.0,586,-0.9376754973037271,2.007538327651918,-15.94251537322998,-2.3841855067985307e-07,0.7269969843742586,1.1919377129743225e-07,0.8853281740938929,1.4069846909314572,0.18088737201365188,0.7532082469842862,-0.0012401926504843604,0.0015192896594844777,0.0003603498051534839,0.08555500209331512,0.00029047520365566015,2.063976070432984e-06,0.0,0.0,0.7940361611926515,0.9811868071556091,0.9387698731935065,0.9989862442016602
0,val::math500::28::f3ed9561c6f7f1cb::sample3,val::math500::28::f3ed9561c6f7f1cb,115,3,math500,1.0,1.0,360,-0.5948690481827612,1.602829194381131,-16.5787296295166,-3.814689989667386e-06,0.7896975796774209,6.30883505436941e-08,0.5261617514729248,1.0164671310560198,0.11666666666666667,0.8191954232170247,0.0011946699043632423,-0.0010818769742714117,6.12805244139847e-05,0.014271486550569534,7.817176083335653e-05,6.049155723940135e-07,0.0,0.0,0.8558251715782615,0.559002161026001,0.9795598525967862,0.9988234043121338
0,val::math500::29::b21de5e7f45f522c::sample0,val::math500::29::b21de5e7f45f522c,116,0,math500,1.0,1.0,314,-0.14569998302597004,0.5004486685734506,-4.266744613647461,0.0,0.9221420772670276,0.014027373865246773,0.17430186307640966,0.3759752384895974,0.028662420382165606,0.9779028855264187,0.0009016789248734324,-0.0011503114907062185,3.557009888719957e-07,6.4223977460642345e-06,4.107595486857463e-06,2.0444080134935762e-10,0.0,0.0,0.9418937659757153,0.8584102988243103,0.9984913891667773,0.9998615384101868
0,val::math500::29::b21de5e7f45f522c::sample1,val::math500::29::b21de5e7f45f522c,117,1,math500,1.0,1.0,386,-0.1520498565109815,0.6090315842039773,-5.6643195152282715,0.0,0.9318660234777894,0.0034675064962357283,0.13627124116918346,0.3325789797362128,0.03367875647668394,0.992279190570116,0.0008779669358639872,-0.0006591682014859172,1.292437829353981e-06,6.117227167123929e-05,6.920177384017734e-06,-9.251162777029345e-09,0.0,0.0,0.9567363540897715,0.8240127563476562,0.9984517744476931,0.9998407959938049
0,val::math500::29::b21de5e7f45f522c::sample2,val::math500::29::b21de5e7f45f522c,118,2,math500,0.0,0.0,52,-6.789755704311224,3.824853275169831,-13.187914848327637,-0.8818600177764893,0.03486954008266926,1.8731016098172404e-06,6.1636740152652445,2.0169714806629724,0.9807692307692307,0.03915540268951645,-0.0484306259901489,0.05780709637612841,0.006769502920284365,0.08256004005670547,2.6871211957768537e-05,-3.2117421505516432e-06,0.0,0.0,0.16934662401819459,0.04043543338775635,0.39864835443978125,0.16649013757705688
0,val::math500::29::b21de5e7f45f522c::sample3,val::math500::29::b21de5e7f45f522c,119,3,math500,0.0,0.0,523,-0.4940161005099465,1.4473609981344977,-15.997706413269043,-2.3841855067985307e-07,0.827491205013011,1.1279358602678258e-07,0.4697510545201283,0.9165207178934542,0.08986615678776291,0.9535967046394944,0.003080216009464573,-0.002898653526333333,3.771341241832285e-06,0.0003655821201391518,4.024584086437244e-06,-2.7592246133872884e-08,0.0,0.0,0.8734877026189354,0.8953065276145935,0.9766418691688924,0.9999076128005981
0,val::math500::30::9fb1d825458ad431::sample0,val::math500::30::9fb1d825458ad431,120,0,math500,0.0,0.0,207,-0.17900416478303788,0.4847169325926524,-3.061150550842285,0.0,0.899075421428191,0.04683377966284752,0.1954166766126649,0.39297788355685,0.03864734299516908,0.8681587314931676,0.0008674446507612216,-0.0006949469589598974,9.873532587881453e-05,0.02028323896229267,9.492738172411919e-06,2.42883567327195e-06,0.0,0.0,0.9281635304579988,0.8803083300590515,0.9982070531246167,0.9998945593833923
0,val::math500::30::9fb1d825458ad431::sample1,val::math500::30::9fb1d825458ad431,121,1,math500,1.0,1.0,433,-0.1867336671280887,0.5474895997684834,-4.891435146331787,0.0,0.9012565784818788,0.007510636001825333,0.18431431308992402,0.3900273645363719,0.03464203233256351,0.9824231546372175,0.00030747543597684266,-0.0003362647526637211,3.301025323994532e-07,3.213634772691876e-05,4.52753829449648e-06,1.023715479473045e-10,0.0,0.0,0.9321740631349643,0.8349927663803101,0.998486241897865,0.9999596476554871
0,val::math500::30::9fb1d825458ad431::sample2,val::math500::30::9fb1d825458ad431,122,2,math500,0.0,0.0,37,-0.47571496242513556,1.1237201126524012,-5.304173946380615,-2.4199192921514623e-05,0.8037116754347006,0.004970802925527096,0.5494273122835817,0.7253586968395335,0.08108108108108109,0.8145109877805226,-0.000597050617527085,-0.006773257848680318,0.00013781385556227581,0.0021793420892208815,0.0009045954211615026,-7.397147142939505e-08,0.0,0.0,0.8463467834769068,0.725769579410553,0.981102303878681,0.9979280233383179
0,val::math500::30::9fb1d825458ad431::sample3,val::math500::30::9fb1d825458ad431,123,3,math500,0.0,0.0,2048,-0.2338834935094486,0.683661675978614,-6.949247360229492,0.0,0.8870630188743576,0.0009593568975105882,0.24824332857974873,0.5118387403926635,0.04833984375,0.9677270315587521,1.968567002551124e-05,-4.278436886524142e-05,7.071551761485283e-07,0.0002443393168505281,1.0571701380968079e-07,-1.4091991226438157e-09,0.0,0.0,0.9175653049824177,0.9999991059303284,0.9943625240412075,0.9999998807907104
0,val::math500::31::a2306c7c78cec7e5::sample0,val::math500::31::a2306c7c78cec7e5,124,0,math500,0.0,0.0,2048,-0.20489222675636481,0.6745005635471286,-7.875556468963623,0.0,0.9008829023303946,0.0003799174737650901,0.23038412540339726,0.5358214810066706,0.03564453125,0.9548542159609497,7.066196421058069e-05,-8.2536474926048e-05,9.110895001544431e-07,0.0002000717940973118,5.905270161754572e-10,-1.6126456954257542e-09,0.0,0.0,0.9244902994469157,0.9999949932098389,0.9942233480614959,0.9999995231628418
0,val::math500::31::a2306c7c78cec7e5::sample1,val::math500::31::a2306c7c78cec7e5,125,1,math500,1.0,1.0,351,-0.37255331181831625,0.896524160826544,-5.445058822631836,-9.536738616588991e-07,0.8354211690174973,0.0043175858445465565,0.3651087141462834,0.6165706005055054,0.07407407407407407,0.7458850009425078,-0.000876706140510153,0.00011114486980971009,1.4410938540302334e-05,0.0006005343166179955,1.4610709797580057e-07,9.905003502060216e-08,0.0,0.0,0.8855682042589215,0.8923239707946777,0.9910396319678706,0.9991579055786133
0,val::math500::31::a2306c7c78cec7e5::sample2,val::math500::31::a2306c7c78cec7e5,126,2,math500,1.0,1.0,238,-0.23833858060089733,0.7531838751449544,-6.888199806213379,-1.1920928244535389e-07,0.8867316476613315,0.0010197479277849197,0.250627722840509,0.5183217703854078,0.04201680672268908,0.9867976512759924,0.0021606164237118097,-0.0019594727759758225,3.0478973741375155e-05,0.00602393364533782,1.9403285477892496e-05,1.0131583606602991e-08,0.0,0.0,0.9140416813873443,0.849958062171936,0.9950163286774099,0.9999291300773621
0,val::math500::31::a2306c7c78cec7e5::sample3,val::math500::31::a2306c7c78cec7e5,127,3,math500,1.0,1.0,427,-0.4583387914813417,1.1278408754146891,-10.394342422485352,0.0,0.8124526494269856,3.06051442748867e-05,0.4455171749876468,0.7238268007897243,0.08899297423887588,0.741848785080947,-0.001488947919329754,0.0012876179764443783,1.7762420941044346e-06,0.00024991261307150126,1.5792296835570596e-05,1.3474183401171398e-08,0.0,0.0,0.8648200332943952,0.8344447612762451,0.9857972089105245,0.9997855424880981
60,val::math500::0::2c4303ce28478c25::sample0,val::math500::0::2c4303ce28478c25,0,0,math500,1.0,1.0,338,-0.39451250479860905,1.2090682514273143,-13.135621070861816,0.0,0.8437747263535134,1.9736596641450888e-06,0.3965621483471584,0.9644431918259257,0.07396449704142012,0.9181068949401379,-0.001872828754571185,0.0016245000120156028,0.0010353689387244496,0.19050368666648865,0.00014915877545718104,1.423315612358301e-05,0.0029585798816568047,0.0,0.890658462827904,0.9412943720817566,0.9861231670665318,0.9997718930244446
60,val::math500::0::2c4303ce28478c25::sample1,val::math500::0::2c4303ce28478c25,1,1,math500,1.0,1.0,366,-0.24733642998066555,0.8848898915726744,-11.409246444702148,0.0,0.8902252593935756,1.1092442946392111e-05,0.2291259885794973,0.44997007819805607,0.03551912568306011,0.9022794868797064,-8.819418817822427e-05,-4.263796766784165e-06,2.782646549212253e-07,8.939596227719449e-06,2.5185058802890126e-06,2.4869500009125514e-09,0.0,0.0,0.9217402895128792,0.9237216114997864,0.9963861917211709,0.9998850226402283
60,val::math500::0::2c4303ce28478c25::sample2,val::math500::0::2c4303ce28478c25,2,2,math500,1.0,1.0,493,-0.2576675063373871,0.8092239183384214,-7.528671741485596,0.0,0.88626971782639,0.0005374516476877034,0.2369221062942998,0.4322014734077625,0.0486815415821501,0.8367016794018127,6.358136154569222e-05,0.00019321057182342452,0.00257017355769662,0.9717354774475098,4.7834681026870385e-05,2.7863452304175237e-05,0.004056795131845842,0.002028397565922921,0.9227106741064702,0.9298245906829834,0.9967253202115305,0.999402642250061
60,val::math500::0::2c4303ce28478c25::sample3,val::math500::0::2c4303ce28478c25,3,3,math500,1.0,1.0,497,-0.3438764086570909,1.0003804007360004,-11.805121421813965,0.0,0.8445860177070422,7.466222086804919e-06,0.3465472173143691,0.5917586874903813,0.060362173038229376,0.854227930540219,-8.366397122396219e-06,0.0001107593122918774,1.2306393948116266e-06,0.0001323411997873336,0.0001323411997873336,8.51237542320767e-09,0.0,0.0,0.8873837434010247,0.7370297908782959,0.9922466421990808,0.9994611144065857
60,val::math500::1::0242d16f52e4149b::sample0,val::math500::1::0242d16f52e4149b,4,0,math500,0.0,0.0,825,-0.22319424651819797,0.6425234855688225,-6.272052764892578,0.0,0.8884844744470761,0.0018883482553064823,0.22543785745408554,0.447995312045811,0.044848484848484846,0.838219610741362,1.1411600430984527e-05,-2.1783243522688405e-05,3.2143883490495666e-07,2.277304884046316e-05,2.4029242240430904e-07,1.9519735529173113e-10,0.0,0.0,0.9203844732768608,0.6512189507484436,0.9973131167527401,0.9998767375946045
60,val::math500::1::0242d16f52e4149b::sample1,val::math500::1::0242d16f52e4149b,5,1,math500,1.0,1.0,477,-0.14382630335134952,0.5331442195092706,-6.201728343963623,0.0,0.9251438200667079,0.0020259260199964046,0.1496208849767213,0.34432486722434386,0.027253668763102725,0.9334040796384215,0.0004889025306703661,-0.00019007653697084248,4.17955484180337e-07,3.721012035384774e-05,3.721012035384774e-05,1.1417093753777996e-09,0.0,0.0,0.9457430914825363,0.6383107900619507,0.9989194115252865,0.999380350112915
60,val::math500::1::0242d16f52e4149b::sample2,val::math500::1::0242d16f52e4149b,6,2,math500,1.0,1.0,942,-0.208080424293646,0.6567510255941919,-6.7578840255737305,0.0,0.900434930540914,0.001161684631370008,0.18624053806336727,0.39533848149393636,0.045647558386411886,0.9148764607962221,-3.878373925088754e-06,-2.0688861719989167e-05,6.774881748149822e-07,0.00014113629003986716,1.1457769488742997e-07,2.0125715120160614e-09,0.0,0.0,0.9329781077976186,0.5801241397857666,0.9982054225958077,0.9989084601402283
60,val::math500::1::0242d16f52e4149b::sample3,val::math500::1::0242d16f52e4149b,7,3,math500,0.0,0.0,2048,-0.12128764543057378,0.5479517820765618,-7.6049323081970215,0.0,0.9431278911827405,0.0004979891236871481,0.11995982829506824,0.3332271589121381,0.02099609375,0.9999175667762756,0.00012969495532616466,-0.00011312027581619726,9.941394961849845e-06,0.0003353432985022664,5.829099609400146e-05,2.31061461282016e-08,0.0,0.0,0.9582795867609093,0.9999371767044067,0.9986500472296029,0.9999997615814209
60,val::math500::2::6b2a4988c67e4477::sample0,val::math500::2::6b2a4988c67e4477,8,0,math500,1.0,1.0,525,-0.07014452181112008,0.36558260045759905,-6.501563549041748,0.0,0.9593944207960297,0.0015010903589427471,0.0838132866952137,0.24129586305331738,0.007619047619047619,0.9242960345000029,4.0713627743398795e-05,2.1745954129971763e-05,1.6893893251412895e-07,4.700365388998762e-05,5.228988584349281e-07,9.287541168499446e-10,0.0,0.0,0.9676438138598488,0.9739668965339661,0.9998375536146618,0.9999727010726929
60,val::math500::2::6b2a4988c67e4477::sample1,val::math500::2::6b2a4988c67e4477,9,1,math500,1.0,1.0,377,-0.05074926325355207,0.24696298664867122,-3.288041830062866,0.0,0.9678937695841416,0.0373268686234951,0.07038550027329842,0.23067834836052348,0.005305039787798408,0.9293710310012102,-0.00015059555749683088,-4.047275075904713e-05,1.5979557922619445e-07,1.3845206012774725e-05,1.0976509656757116e-05,1.5506688360378108e-09,0.0,0.0,0.9735036694718925,0.4516928791999817,0.9998207674102378,0.9974321126937866
60,val::math500::2::6b2a4988c67e4477::sample2,val::math500::2::6b2a4988c67e4477,10,2,math500,0.0,0.0,678,-0.1130597373414855,0.48287434909541666,-6.626683235168457,0.0,0.9441581646079722,0.0013245489681139588,0.10480196556187908,0.2944454332140709,0.025073746312684365,0.9542246761266142,1.0892638535511856e-05,-5.877442554207905e-05,4.125743708676932e-07,1.7778342225938104e-05,3.4092479381797602e-06,2.379653178147394e-09,0.0,0.0,0.961539580187263,0.9738296866416931,0.9996903835848018,0.9999318718910217
60,val::math500::2::6b2a4988c67e4477::sample3,val::math500::2::6b2a4988c67e4477,11,3,math500,1.0,1.0,402,-0.14103452475378728,1.0582064046426685,-14.774456977844238,0.0,0.9574938012483192,3.8329650919877167e-07,0.10290402614986803,0.5631072807066887,0.017412935323383085,0.8216421237933558,-0.00121492562872849,0.0005207561795932286,0.0028690718653547657,0.9758396148681641,0.002104779239743948,4.23221290520443e-05,0.004975124378109453,0.0024875621890547263,0.9716867967045388,0.015552333556115627,0.9965231125219841,0.04996538907289505
60,val::math500::3::2b78f19c3079ebc6::sample0,val::math500::3::2b78f19c3079ebc6,12,0,math500,1.0,1.0,354,-0.1435515603272884,0.5405460457442676,-5.272167682647705,0.0,0.9296892282571433,0.005132472608238459,0.13423426622488088,0.3107877707471239,0.02824858757062147,0.997817425057292,0.000495447249797065,-0.00039633225938400955,1.8994102762894593e-06,0.0006168416584841907,1.4874028693157015e-06,4.2038381765877054e-09,0.0,0.0,0.9508859558967547,0.9574530124664307,0.9994426036285142,0.9999755620956421
60,val::math500::3::2b78f19c3079ebc6::sample1,val::math500::3::2b78f19c3079ebc6,13,1,math500,1.0,1.0,463,-0.10149178412174738,0.3798467484946625,-4.186585426330566,0.0,0.9415773189250485,0.015198091976344585,0.11022004622627922,0.2686986130187483,0.017278617710583154,0.9975103996694088,0.00031702300576141515,-0.00040595053464633206,5.884431293884395e-08,6.539949481521035e-06,7.47936667266913e-07,-2.429867422645832e-10,0.0,0.0,0.9580432806107705,0.9574825763702393,0.9996876363877859,0.9999728202819824
60,val::math500::3::2b78f19c3079ebc6::sample2,val::math500::3::2b78f19c3079ebc6,14,2,math500,1.0,1.0,543,-0.2220317106873924,0.7926513383653638,-9.842772483825684,0.0,0.8990600061241357,5.312981011229567e-05,0.1884688556413743,0.36708377761457583,0.040515653775322284,0.9937692321836948,0.000255831064135048,-0.0002992318527867744,2.0068881895091127e-07,2.126902290910948e-05,5.20755793331773e-06,2.912496807487135e-10,0.0,0.0,0.9338760996172222,0.960405707359314,0.9986738618566187,0.9999213814735413
60,val::math500::3::2b78f19c3079ebc6::sample3,val::math500::3::2b78f19c3079ebc6,15,3,math500,1.0,1.0,388,-0.21345412777982894,0.6851262210446584,-5.970129013061523,0.0,0.9008080504052149,0.002553911879658699,0.1726962850504454,0.3647618617203913,0.04896907216494845,0.9277026602358092,0.0001486848528834672,-0.0003422407090553195,0.00011960714802186005,0.046324294060468674,3.1479642075282754e-06,1.5750397130714234e-06,0.0,0.0,0.9372823511816791,0.9571885466575623,0.9989346152113885,0.9999676942825317
60,val::math500::4::966411903cb858a7::sample0,val::math500::4::966411903cb858a7,16,0,math500,1.0,1.0,480,-0.26525458784953115,0.7247368078007992,-7.451196193695068,0.0,0.8715566397369305,0.0005807465058751404,0.25498246491785465,0.4690671146549043,0.05625,0.8317832229658961,0.0008723015068416747,-0.0006169776425418448,1.7892665830307912e-05,0.008282163180410862,3.913507498509716e-06,-1.6499300543667086e-07,0.0,0.0,0.9133629393142958,0.9865156412124634,0.9971488392601411,0.9996736645698547
60,val::math500::4::966411903cb858a7::sample1,val::math500::4::966411903cb858a7,17,1,math500,1.0,1.0,466,-0.14408604373450395,0.5176353900706191,-5.0155839920043945,-1.1920928244535389e-07,0.9265245900573329,0.006633756682276726,0.15837003410719264,0.39043914981902406,0.023605150214592276,0.8645547893829644,0.0005246142871191626,-0.0006523120112780995,1.340978491308634e-06,0.0001265900064026937,0.0001265900064026937,8.836997684252975e-09,0.0,0.0,0.9438797570605135,0.6221603751182556,0.9983509423395083,0.9999538064002991
60,val::math500::4::966411903cb858a7::sample2,val::math500::4::966411903cb858a7,18,2,math500,1.0,1.0,745,-0.3897921562714752,0.9244059128188284,-8.675658226013184,-1.1920928244535389e-07,0.822927226600645,0.00017069056048057973,0.41717425110154815,0.6752553437793295,0.0738255033557047,0.8483246099203825,0.0004733006569055664,-0.0006044252997034922,2.2433456287530768e-06,0.0002516926033422351,4.35031006418285e-06,6.772519203620024e-09,0.0,0.0,0.8679869382973485,0.9677676558494568,0.9880919899316442,0.9997705817222595
60,val::math500::4::966411903cb858a7::sample3,val::math500::4::966411903cb858a7,19,3,math500,0.0,0.0,587,-0.21631907005393947,0.6583408362130061,-5.569930076599121,0.0,0.8944133668380363,0.003810746828094125,0.21789458264128592,0.4201249927865375,0.04258943781942078,0.8636749383294955,0.00019679232244340417,-0.0002994639075329764,7.159789207418902e-07,0.0001448098773835227,3.2120947253133636e-06,4.226535101301635e-09,0.0,0.0,0.9247104039945635,0.9766884446144104,0.9983942545252318,0.999739944934845
60,val::math500::5::d8dded60713b1691::sample0,val::math500::5::d8dded60713b1691,20,0,math500,1.0,1.0,262,-0.23221057761874442,0.5578968366602578,-3.737612724304199,0.0,0.8679001988089494,0.02381087839603424,0.25743817613493153,0.4069646149277894,0.03435114503816794,0.996808722615242,0.0012761779297644146,-0.0013098529503522982,8.848881302894628e-08,3.0789974516665097e-06,2.764294549706392e-06,1.103045013514984e-09,0.0,0.0,0.8975728845778312,0.9524432420730591,0.9993022163860671,0.9999945163726807
60,val::math500::5::d8dded60713b1691::sample1,val::math500::5::d8dded60713b1691,21,1,math500,1.0,1.0,260,-0.19632369492691654,0.5091872954560027,-4.043813228607178,0.0,0.8882131218193815,0.017530497163534164,0.22188311924866835,0.3956833828488477,0.038461538461538464,0.9934180099517107,0.001068774571207152,-0.0009988701720349956,1.9490581858896332e-05,0.0050087361596524715,5.129898454470094e-06,-8.978750951680236e-08,0.0,0.0,0.9162006391928746,0.946083664894104,0.9991707845376088,0.9999927878379822
60,val::math500::5::d8dded60713b1691::sample2,val::math500::5::d8dded60713b1691,22,2,math500,1.0,1.0,299,-0.2949035346122211,0.783347787219081,-6.04392671585083,0.0,0.8625072960143778,0.002372225746512413,0.2413920548368554,0.4037942643809276,0.06688963210702341,0.9969452582299709,0.0018844146977297835,-0.0014042189561929241,2.6767975650812293e-07,1.7228976503247395e-05,3.3124997571576387e-06,-5.514108812284471e-10,0.0,0.0,0.9115982155337381,0.9461938738822937,0.9988661468228369,0.9999921917915344
60,val::math500::5::d8dded60713b1691::sample3,val::math500::5::d8dded60713b1691,23,3,math500,1.0,1.0,323,-0.22197757228499881,0.5282367477947779,-3.962899684906006,0.0,0.8717780079138998,0.019007915630936623,0.2619953561418763,0.4213965522760998,0.03715170278637771,0.9974442664533854,0.0013043080579346908,-0.0011485056874645282,7.407177105530328e-08,5.538702680496499e-06,2.4394860247412e-06,4.60474420419202e-10,0.0,0.0,0.9050502180130489,0.9524443745613098,0.9987847810559228,0.9999952912330627
60,val::math500::6::e3f65b774eb2dab0::sample0,val::math500::6::e3f65b774eb2dab0,24,0,math500,1.0,1.0,510,-0.14627017697789652,0.4317808615989085,-3.682935953140259,0.0,0.9137558581891889,0.025149030610919,0.16338787910493302,0.32243581383026587,0.021568627450980392,0.9870505630970001,1.862266087029192e-05,-1.3027692590615905e-05,2.1319381944780983e-07,3.7635672924807295e-05,7.443006779794814e-07,1.3973320888281086e-09,0.0,0.0,0.9367603699366251,0.9235123991966248,0.9995029327916164,0.999599277973175
60,val::math500::6::e3f65b774eb2dab0::sample1,val::math500::6::e3f65b774eb2dab0,25,1,math500,0.0,0.0,359,-0.21374134416391574,0.569613929111397,-4.591132164001465,0.0,0.8850297641740661,0.010141369886696339,0.20041573062393225,0.35695426913497613,0.04456824512534819,0.966263365931809,0.00039663649869536697,-0.0001554982701828265,6.108712003004692e-07,0.00010802887845784426,8.038723535719328e-06,6.086592641575568e-09,0.0,0.0,0.9242030637842035,0.9572024941444397,0.999332767675182,0.9998828768730164
60,val::math500::6::e3f65b774eb2dab0::sample2,val::math500::6::e3f65b774eb2dab0,26,2,math500,1.0,1.0,587,-0.21593814645738962,0.6255203712268024,-5.669144153594971,0.0,0.8903858062364574,0.003450817195698619,0.21044337936290725,0.38768852719164837,0.044293015332197615,0.9590878318995237,-4.752025085712049e-05,2.8199000406452174e-05,4.794057425850071e-07,8.933422941481695e-05,2.77048201269281e-07,2.0848215388814943e-09,0.0,0.0,0.9222277507719027,0.8508029580116272,0.9990291081660854,0.9989027380943298
60,val::math500::6::e3f65b774eb2dab0::sample3,val::math500::6::e3f65b774eb2dab0,27,3,math500,1.0,1.0,435,-0.17429890038340232,0.5840860580162506,-6.876118183135986,0.0,0.9078168879883984,0.0010321428999304771,0.17957803205684106,0.3642737119262252,0.022988505747126436,0.9985314551740885,-0.00019414040897318662,0.000127872332598726,8.630392504227792e-08,6.540336471516639e-06,2.3152626908995444e-06,4.1130913390469626e-10,0.0,0.0,0.933148316131241,0.9622434973716736,0.9991300212925878,0.9999768733978271
60,val::math500::7::b64d85c8e36aad61::sample0,val::math500::7::b64d85c8e36aad61,28,0,math500,1.0,1.0,566,-0.09230167745218062,0.34636031425858615,-3.6513493061065674,0.0,0.9443133639520555,0.025956083089113235,0.11511410087441473,0.2939793704104023,0.0088339222614841,0.8802004801109433,0.00024508354101386185,-0.00029421990108020104,2.1287661221929694e-07,2.0482779291342013e-05,1.8562657714937814e-05,1.1806144398180497e-09,0.0,0.0,0.9570459333830924,0.6332699656486511,0.9996217529259807,0.9991679191589355
60,val::math500::7::b64d85c8e36aad61::sample1,val::math500::7::b64d85c8e36aad61,29,1,math500,0.0,0.0,794,-0.17045850238492236,0.5739243525418893,-5.761949062347412,0.0,0.9176481305454419,0.003144975984469056,0.15456203583732198,0.4056090998419263,0.03904282115869018,0.7330651790834963,-5.867573109921682e-05,5.58355792650479e-05,1.9935797539182147e-07,2.992082227137871e-05,2.7106807465315796e-06,9.442191984931253e-10,0.0,0.0,0.9417248620775995,0.8773839473724365,0.9970491788249172,0.999922513961792
60,val::math500::7::b64d85c8e36aad61::sample2,val::math500::7::b64d85c8e36aad61,30,2,math500,1.0,1.0,658,-0.1038914020142814,0.4164028271810569,-4.764134883880615,0.0,0.9426680308961985,0.008530264720320702,0.10695175394820286,0.2696252541228677,0.016717325227963525,0.8928986079990864,0.0002692958874746331,-0.00028363438079671057,1.6122399562637612e-07,1.8637994799064472e-05,5.212104042584542e-06,7.922500594220166e-10,0.0,0.0,0.9584790107689367,0.7968996167182922,0.999701766348175,0.9999595284461975
60,val::math500::7::b64d85c8e36aad61::sample3,val::math500::7::b64d85c8e36aad61,31,3,math500,1.0,1.0,578,-0.0918220045983676,0.35588009407796106,-3.416281223297119,0.0,0.9467066904420361,0.032834310084581375,0.10260466905710845,0.2637394999721789,0.01730103806228374,0.9923816453665495,0.00020963304310620776,-0.0003478240362966558,9.499907623121603e-08,6.907866918481886e-06,6.907866918481886e-06,2.0076105882491392e-10,0.0,0.0,0.9616746363652207,0.9320681095123291,0.9997630666902734,0.9999933838844299
60,val::math500::8::d746154a90ea4a79::sample0,val::math500::8::d746154a90ea4a79,32,0,math500,1.0,1.0,483,-0.10387278580277413,0.49034571136510374,-6.804519176483154,0.0,0.947468305447459,0.001108753145672381,0.10541222884228792,0.2690050934771199,0.016563146997929608,0.9947064761072397,-7.250983000190152e-05,9.274499899603857e-05,6.432883745291625e-06,0.0030301178339868784,4.0577563709121023e-07,1.964069320726888e-08,0.0,0.0,0.9617542663346166,0.9704793095588684,0.9996968557128748,0.9999704957008362
60,val::math500::8::d746154a90ea4a79::sample1,val::math500::8::d746154a90ea4a79,33,1,math500,1.0,1.0,480,-0.08689138967564657,0.33143548506053033,-3.2444982528686523,0.0,0.9477710698886465,0.03898812085390091,0.10419691620300658,0.270166944772209,0.016666666666666666,0.8432176248170435,-0.00011696404638137003,-5.634682970217951e-07,3.1376060074223676e-06,0.0014008022844791412,1.325196421930741e-06,2.9745975401549026e-09,0.0,0.0,0.9590359020357331,0.966620147228241,0.9997929939379294,0.9999603629112244
60,val::math500::8::d746154a90ea4a79::sample2,val::math500::8::d746154a90ea4a79,34,2,math500,1.0,1.0,304,-0.12969045064063456,0.43557661366460854,-2.8866918087005615,0.0,0.9298120739036485,0.055760376155376434,0.12162800973335032,0.28640534037776966,0.03289473684210526,0.9839890114963055,0.0002711586059412075,-0.00017647561699918036,7.014254650905175e-05,0.021138213574886322,6.168159671915419e-08,4.96204762654189e-07,0.0,0.0,0.9563643772547182,0.9323664903640747,0.999575041822697,0.9999698400497437
60,val::math500::8::d746154a90ea4a79::sample3,val::math500::8::d746154a90ea4a79,35,3,math500,1.0,1.0,381,-0.1306490862064307,0.46828219906382507,-3.751275062561035,0.0,0.9311353277532369,0.02348777838051319,0.12334121973981071,0.3051049245190177,0.023622047244094488,0.9557443782687187,-0.00019352360009403243,6.250327175621854e-05,1.5569306190513072e-07,1.3946943909104448e-05,7.117531026779034e-07,6.387595870508568e-10,0.0,0.0,0.9521456055753813,0.9699270725250244,0.9996991656583751,0.9999256730079651
60,val::math500::9::cd5d9530ec3e4205::sample0,val::math500::9::cd5d9530ec3e4205,36,0,math500,0.0,0.0,896,-0.160742143940434,0.5816652906004115,-7.543690204620361,0.0,0.9191901821327519,0.0005294402944855392,0.16798029269534961,0.39235049440638964,0.024553571428571428,0.9970607962459326,0.0004089447573665723,-0.0003543046207911928,2.7293284817982494e-07,4.875749073107727e-05,2.4468150513712317e-05,4.1628809073467384e-10,0.0,0.0,0.9429844878946564,0.9458814859390259,0.9976776742509433,0.999956488609314
60,val::math500::9::cd5d9530ec3e4205::sample1,val::math500::9::cd5d9530ec3e4205,37,1,math500,0.0,0.0,2048,-0.5297039834776506,1.225203614317713,-14.795297622680664,-5.960462772236497e-07,0.7783822550497895,3.7539103914241423e-07,0.5133768467097948,0.7173124305083185,0.10205078125,0.9723630910739303,0.0002072392183842234,-0.0002262056009358147,1.5122037986857383e-05,0.0007551487651653588,0.0001482052175560966,3.8459029324492326e-08,0.0,0.0,0.8432196064022719,0.9955974817276001,0.9840493266965495,0.999947190284729
60,val::math500::9::cd5d9530ec3e4205::sample2,val::math500::9::cd5d9530ec3e4205,38,2,math500,0.0,0.0,1290,-0.7279988456445732,1.7044319148939104,-13.615129470825195,-1.4305104514278355e-06,0.7727339197577298,1.2218683878018055e-06,0.7025250537439051,1.2925634074013725,0.14418604651162792,0.5993401993450789,-0.00042338181276865556,0.0004124553094592724,5.252747918232254e-05,0.013746341690421104,1.2100915114388044e-07,1.0737453307370847e-07,0.0,0.0,0.8319868323616972,0.557858407497406,0.953410317650599,0.9970227479934692
60,val::math500::9::cd5d9530ec3e4205::sample3,val::math500::9::cd5d9530ec3e4205,39,3,math500,1.0,1.0,624,-0.30094902999583484,0.839754453561903,-11.511054992675781,-3.576278118089249e-07,0.859304493677518,1.0018722605309449e-05,0.3122366590679465,0.5457713984707248,0.060897435897435896,0.922989803366363,-3.3291060932332005e-05,-5.72415219064505e-05,0.00011428961330781948,0.07057978212833405,0.00012223240628372878,1.0130807267530274e-06,0.0,0.0,0.8983805282280232,0.9304509162902832,0.9934953219997578,0.9998021125793457
60,val::math500::10::436d6841a02f9cb7::sample0,val::math500::10::436d6841a02f9cb7,40,0,math500,1.0,1.0,409,-0.3731496693542886,1.0372666355657505,-13.256600379943848,0.0,0.8347803202564128,1.7487656123194029e-06,0.331112152196316,0.503151229219383,0.06601466992665037,0.9821454873308539,0.0009662820066129371,-0.0006471328779531307,2.1192524039117544e-07,9.513202712696511e-06,2.610406227177009e-06,1.7232458113456954e-09,0.0,0.0,0.8852752963750461,0.9574282169342041,0.9962513330221759,0.999973475933075
60,val::math500::10::436d6841a02f9cb7::sample1,val::math500::10::436d6841a02f9cb7,41,1,math500,0.0,0.0,539,-0.2578110315741765,0.6974687255325448,-5.2394022941589355,0.0,0.8686390494977873,0.0053034257143735886,0.2591463203677769,0.3794327620175835,0.04452690166975881,0.9684968329966068,0.00016551537358622636,-0.0002360905295401191,2.1545974656291433e-07,4.8391942982561886e-05,3.3339017591060838e-06,1.0069960581274028e-09,0.0,0.0,0.9076959813680631,0.9523071050643921,0.9987348549220026,0.9999698996543884
60,val::math500::10::436d6841a02f9cb7::sample2,val::math500::10::436d6841a02f9cb7,42,2,math500,0.0,0.0,279,-0.4445551165089774,0.9425552787091149,-6.835244655609131,-1.1920928244535389e-07,0.7915732552844857,0.0010752042289823294,0.42996925274358166,0.5387755481046241,0.07168458781362007,0.9411175022833049,0.0025480642757313397,-0.0017255580329214807,6.344398348866836e-07,4.7024408559082076e-05,4.7024408559082076e-05,5.494381155292958e-09,0.0,0.0,0.852787476286666,0.914074182510376,0.9949930068839835,0.9999100565910339
60,val::math500::10::436d6841a02f9cb7::sample3,val::math500::10::436d6841a02f9cb7,43,3,math500,1.0,1.0,1072,-0.26932398850931405,0.6971613682309177,-7.495655059814453,0.0,0.8614393122376502,0.0005554927047342062,0.2988400217039512,0.46552605778447087,0.04477611940298507,0.9639201853424311,0.00012874479345963277,-0.00012371471675352245,2.4899821892011068e-06,0.00017917959485203028,7.68154040997615e-06,9.857840096985003e-09,0.0,0.0,0.8956774243278735,0.9146713018417358,0.9973072251165981,0.9999703764915466
60,val::math500::11::9e7a876ff78fb308::sample0,val::math500::11::9e7a876ff78fb308,44,0,math500,0.0,0.0,842,-0.16682325390416095,0.5876377697427319,-7.289628028869629,0.0,0.9173135176660342,0.0006825818563811481,0.1713429233694406,0.37609944811138457,0.0332541567695962,0.9440572005696595,-1.154312456506241e-05,9.250718354764998e-06,1.6321225792715819e-07,8.321090717799962e-06,3.818475306616165e-06,3.073332286675367e-10,0.0,0.0,0.9403572722809331,0.962559700012207,0.9982645780626782,0.9999560713768005
60,val::math500::11::9e7a876ff78fb308::sample1,val::math500::11::9e7a876ff78fb308,45,1,math500,0.0,0.0,806,-0.15002107275434104,0.4702193788676652,-6.031375408172607,0.0,0.9141194103418552,0.002402187790721655,0.17955862630954142,0.36631074782588136,0.02357320099255583,0.9639197438955307,0.000233890318676655,-0.00033090206662831826,3.630104409303148e-07,3.535375799401663e-05,2.4757903247518698e-06,1.5302067621397573e-09,0.0,0.0,0.9353566966008016,0.5173938274383545,0.9988195172906218,0.9992901682853699
60,val::math500::11::9e7a876ff78fb308::sample2,val::math500::11::9e7a876ff78fb308,46,2,math500,0.0,0.0,1207,-0.20147580890826203,0.6309948116179448,-6.461852550506592,0.0,0.9003560999573295,0.001561899553053081,0.21563699910999606,0.4507302528605179,0.03811101905550953,0.9428082839585841,0.00016888552261474536,-0.00014993418379628462,8.077379093367821e-07,5.4730760894017294e-05,1.689629471002263e-06,1.999797301840269e-09,0.0,0.0,0.9246367776477841,0.7022247910499573,0.9969911658279937,0.9987696409225464
60,val::math500::11::9e7a876ff78fb308::sample3,val::math500::11::9e7a876ff78fb308,47,3,math500,0.0,0.0,850,-0.3129625315402772,1.0186045031235753,-14.952927589416504,-4.768370445162873e-07,0.8758119801579235,3.206461656191095e-07,0.3042589254950155,0.6355688009017587,0.06470588235294118,0.8324502367759123,0.0005578857339799158,-0.0004833531283845238,5.1643894838357675e-05,0.04118433594703674,6.522282637888566e-05,-1.574327578516273e-08,0.0,0.0,0.9098837697681259,0.4964854121208191,0.9896411142980351,0.9995462894439697
60,val::math500::12::694dbe3224840a65::sample0,val::math500::12::694dbe3224840a65,48,0,math500,1.0,1.0,816,-0.14374925201180966,0.6358945148287999,-10.50002384185791,0.0,0.9348819367243252,2.753579246927984e-05,0.12030281805538975,0.3148054858604222,0.02696078431372549,0.9641857231035829,0.00033307820239085033,-0.0002646618725690365,4.807797235134069e-07,4.0110142435878515e-05,3.982729595009005e-06,9.103576406421735e-10,0.0,0.0,0.9556526536231532,0.943137526512146,0.9993820454852254,0.9999001622200012
60,val::math500::12::694dbe3224840a65::sample1,val::math500::12::694dbe3224840a65,49,1,math500,1.0,1.0,539,-0.08002161815388235,0.3445004613096566,-3.895548105239868,0.0,0.9534152297748871,0.020332226529717445,0.09249115653786978,0.2389814787813392,0.011131725417439703,0.9973407108336687,0.00021289006753769893,-0.0002739839691582067,1.9090185897910316e-06,0.0009260066435672343,8.850032600093982e-07,5.069022797791493e-10,0.0,0.0,0.9663957026208265,0.9392492771148682,0.9997352899116134,0.9999473094940186
60,val::math500::12::694dbe3224840a65::sample2,val::math500::12::694dbe3224840a65,50,2,math500,0.0,0.0,729,-0.07788754646425859,0.35680077727026943,-3.956573486328125,0.0,0.9568891545683554,0.019128546118736267,0.08247152231897907,0.2335268352472825,0.010973936899862825,0.996201241388917,2.910023407668672e-05,-0.0001034620534650067,3.9872950316884397e-07,1.9835555576719344e-05,1.3068371629287867e-07,9.44047688921005e-10,0.0,0.0,0.9700728746026305,0.9043980240821838,0.9997933789862854,0.9998621344566345
60,val::math500::12::694dbe3224840a65::sample3,val::math500::12::694dbe3224840a65,51,3,math500,1.0,1.0,552,-0.11888545718969154,0.4337831017709688,-5.026357173919678,0.0,0.9341994735084987,0.006562673486769199,0.13037307096648704,0.3235778808551352,0.018115942028985508,0.9465875453315675,0.0005032164507482022,-0.0005718713823320817,1.1193812260569565e-06,0.00015173917927313596,9.12562245503068e-06,6.838970397172581e-09,0.0,0.0,0.9529176573606505,0.9589423537254333,0.9993112466257551,0.9996212124824524
60,val::math500::13::1aa139d1f9a1498d::sample0,val::math500::13::1aa139d1f9a1498d,52,0,math500,1.0,1.0,530,-0.6487007361038105,1.8754219928375009,-14.259478569030762,-8.344646857949556e-07,0.8046884812909129,6.41485939922859e-07,0.6323311434291202,1.4938844341393431,0.09811320754716982,0.8603798698168248,-0.00013852510353140794,0.0006548355796347853,0.0006330790200012542,0.10210908949375153,1.0486616019989015e-06,8.115135438688301e-08,0.0018867924528301887,0.0,0.8551392018267849,0.9226587414741516,0.9658782490019528,0.9985962510108948
60,val::math500::13::1aa139d1f9a1498d::sample1,val::math500::13::1aa139d1f9a1498d,53,1,math500,1.0,1.0,297,-0.1677531233843998,0.4529997918724599,-2.7810306549072266,-1.1920928244535389e-07,0.9020398755366553,0.061974599957466125,0.19462117972188048,0.369399782115326,0.026936026936026935,0.9532939223572612,0.0003897934914927849,-0.00027050244435590677,7.165884630616705e-07,6.188313273014501e-05,6.188313273014501e-05,6.749522075936778e-09,0.0,0.0,0.9273253998872808,0.9368213415145874,0.998881145157798,0.9999248385429382
60,val::math500::13::1aa139d1f9a1498d::sample2,val::math500::13::1aa139d1f9a1498d,54,2,math500,1.0,1.0,334,-0.3908661752692763,1.1554915650888558,-14.341066360473633,-2.3841855067985307e-07,0.8375283136211671,5.912266942686983e-07,0.32521115150726626,0.5064802040360171,0.0718562874251497,0.926216903142631,-0.000699105939583101,0.0009454590265766546,2.4448635813264333e-05,0.003591690445318818,0.0006966107757762074,1.3851175323774388e-07,0.0,0.0,0.8895830669981277,0.921471118927002,0.9951415111918649,0.9993085861206055
60,val::math500::13::1aa139d1f9a1498d::sample3,val::math500::13::1aa139d1f9a1498d,55,3,math500,1.0,1.0,374,-0.24348717777856735,0.6664041570758107,-5.815785884857178,0.0,0.878111288451993,0.0029801372438669205,0.22913447490587102,0.4334108628978578,0.05614973262032086,0.9611260425299406,-0.0007685732743739454,0.0007575025476139295,5.944439028173942e-07,0.00011066075967391953,8.561380127503071e-06,-1.77492622515772e-09,0.0,0.0,0.9191554740549409,0.9576724171638489,0.9973949590787531,0.999987006187439
60,val::math500::14::79d0db7102756483::sample0,val::math500::14::79d0db7102756483,56,0,math500,1.0,1.0,447,-0.3259757029909731,0.7671937243476322,-4.760316848754883,0.0,0.8431321724590906,0.008562895469367504,0.33184104072672116,0.5636100992039232,0.07158836689038031,0.8663433268666267,-0.0002790797789051965,0.00036553179374254174,3.920645258525552e-06,0.0005147241754457355,1.20978465929511e-05,3.466250828717367e-08,0.0,0.0,0.8847418277455656,0.9300814867019653,0.994085824329581,0.999705970287323
60,val::math500::14::79d0db7102756483::sample1,val::math500::14::79d0db7102756483,57,1,math500,1.0,1.0,477,-0.3147695981405821,0.9195011803159386,-10.256075859069824,0.0,0.8584204092256632,3.5143326385878026e-05,0.3295501678141259,0.5911446511267617,0.05450733752620545,0.6050564278120873,0.0001804095998040771,0.00011770967146075764,4.03812125475672e-06,0.0005309156258590519,0.0005309156258590519,3.169249665972574e-08,0.0,0.0,0.8933606979513319,0.7475849390029907,0.9916786175353972,0.9382268786430359
60,val::math500::14::79d0db7102756483::sample2,val::math500::14::79d0db7102756483,58,2,math500,0.0,0.0,363,-0.38469791377635043,0.9065340108452545,-8.524871826171875,0.0,0.8142854528846867,0.00019847016665153205,0.3879315029033253,0.5330289394312171,0.06887052341597796,0.9039419651962817,0.001155409507471193,-0.0006900568809437478,3.5275251308559857e-06,0.0009656469337642193,1.406123715241847e-07,4.6451219013350236e-08,0.0,0.0,0.8639974157343883,0.9731089472770691,0.996057598879843,0.9999480843544006
60,val::math500::14::79d0db7102756483::sample3,val::math500::14::79d0db7102756483,59,3,math500,1.0,1.0,509,-0.2776450415964606,0.8476991121939887,-6.9709906578063965,0.0,0.878579099128784,0.0009387225145474076,0.2506916585661814,0.4533606793622328,0.05697445972495088,0.9013049206114374,0.0014261644893671815,-0.0009638470073328472,1.6611758265613413e-06,0.00024203794600907713,1.2446349728634232e-06,4.160728666056076e-09,0.0,0.0,0.9156668550080541,0.966408908367157,0.9972956379644997,0.9999634623527527
60,val::math500::15::63d1d4b8890b1ac0::sample0,val::math500::15::63d1d4b8890b1ac0,60,0,math500,0.0,0.0,500,-0.1787080763994236,0.5969776396392964,-6.351158618927002,0.0,0.9071450686147436,0.0017447245772928,0.1862221189747534,0.375051326801187,0.024,0.9641916933469474,0.00011236391824081132,-0.0002589032604763072,2.5666703271282075e-07,4.536041888059117e-05,2.2810912923887372e-05,2.04972833081264e-09,0.0,0.0,0.9289947002530098,0.9386888742446899,0.999050121307373,0.999899685382843
60,val::math500::15::63d1d4b8890b1ac0::sample1,val::math500::15::63d1d4b8890b1ac0,61,1,math500,0.0,0.0,839,-0.12233968656177474,0.4101520454602792,-4.63755464553833,0.0,0.9292214789413387,0.009681343100965023,0.13076039585621468,0.28356452261030424,0.021454112038140644,0.8892904743552208,-8.13253724396968e-06,8.598050146275946e-05,6.59974780153044e-07,6.605134694837034e-05,3.900299361703219e-06,2.0623480395241598e-09,0.0,0.0,0.9508667052218399,0.9831859469413757,0.99971654751872,0.9992800951004028
60,val::math500::15::63d1d4b8890b1ac0::sample2,val::math500::15::63d1d4b8890b1ac0,62,2,math500,0.0,0.0,995,-0.20978316625691754,0.8218832278126426,-14.609354972839355,-1.1920928244535389e-07,0.9053953143208066,4.5210339294499136e-07,0.19731568246881498,0.42267536108921616,0.034170854271356785,0.9418663484975696,6.797869277851585e-05,1.0497915765569123e-05,2.1888627482919383e-06,0.00017952425696421415,1.1754039405786898e-05,7.061602274403455e-09,0.0,0.0,0.9327032285494421,0.9619296193122864,0.9968953611263678,0.9997523427009583
60,val::math500::15::63d1d4b8890b1ac0::sample3,val::math500::15::63d1d4b8890b1ac0,63,3,math500,0.0,0.0,490,-0.3259076660292092,0.8736195912740774,-11.135637283325195,0.0,0.8511831765512434,1.4583245501853526e-05,0.29047387448799455,0.522850475277438,0.07755102040816327,0.9985649008303881,0.0006021403964037063,-0.00030131438522097297,2.1440789448845207e-06,0.0006316849612630904,4.299885404179804e-06,5.693179287021234e-09,0.0,0.0,0.8943695965774205,0.9565501809120178,0.9958516886039656,0.999890923500061
60,val::math500::16::e0aa8976db49ccab::sample0,val::math500::16::e0aa8976db49ccab,64,0,math500,1.0,1.0,271,-0.14845219088481512,0.5107549772437978,-5.877998352050781,0.0,0.9178863556323593,0.0028003850020468235,0.1794993188132214,0.37602915994407893,0.025830258302583026,0.9897154811769724,0.0012438834478692316,-0.001451008163427269,9.987342739717651e-08,5.954220796411391e-06,1.8995528989762533e-06,1.127262217091541e-09,0.0,0.0,0.9352497592623383,0.9522835612297058,0.9993369962016595,0.9999728798866272
60,val::math500::16::e0aa8976db49ccab::sample1,val::math500::16::e0aa8976db49ccab,65,1,math500,1.0,1.0,297,-0.38610959376372295,1.0647525643014044,-9.797441482543945,0.0,0.8406140953296993,5.5593656725250185e-05,0.3269473282087424,0.5189586807300862,0.07744107744107744,0.9923848025500774,0.002844976087890743,-0.0017972452547256482,2.565427195076948e-07,9.509574738331139e-06,4.518441073741997e-06,1.5101495668212466e-09,0.0,0.0,0.8883204028662608,0.9442700743675232,0.9957642133789834,0.9999595284461975
60,val::math500::16::e0aa8976db49ccab::sample2,val::math500::16::e0aa8976db49ccab,66,2,math500,1.0,1.0,308,-0.20329531124386055,0.6635100340555804,-6.7540788650512695,0.0,0.8997506070118579,0.00116611341945827,0.2028524663854369,0.3919525688716397,0.03571428571428571,0.9969781972467899,0.0009017035239903218,-0.0007321758694680115,1.1286265085853357e-07,4.582384462992195e-06,4.582384462992195e-06,7.861971661042873e-10,0.0,0.0,0.9229907394423114,0.9576330184936523,0.9989764622666619,0.9999814033508301
60,val::math500::16::e0aa8976db49ccab::sample3,val::math500::16::e0aa8976db49ccab,67,3,math500,1.0,1.0,282,-0.13867973522698024,0.5121461045948171,-4.511358261108398,0.0,0.9283352970964678,0.01098353136330843,0.14920015141282322,0.3218135249742228,0.028368794326241134,0.9960596058517694,0.0006892070451200579,-0.0008872878317766254,6.480828566773137e-08,3.492096766422037e-06,2.793434987324872e-06,5.105461890183989e-10,0.0,0.0,0.9510459582856361,0.9624831080436707,0.9992668605442588,0.9999831318855286
60,val::math500::17::2d8274195f73ed9c::sample0,val::math500::17::2d8274195f73ed9c,68,0,math500,0.0,0.0,512,-0.4452052617083878,1.2438527199088105,-12.79636001586914,-1.1920928244535389e-07,0.8134641144261621,2.7708399557013763e-06,0.40043129248094234,0.6876431573558803,0.078125,0.8725184099748731,-3.6182083764911206e-05,-0.000122218840198798,0.00042005477455116653,0.11848033964633942,5.136088248036685e-07,2.5097634579776314e-06,0.001953125,0.0,0.8717514896998182,0.8442519307136536,0.9918262479477562,0.9949010014533997
60,val::math500::17::2d8274195f73ed9c::sample1,val::math500::17::2d8274195f73ed9c,69,1,math500,0.0,0.0,369,-0.37310092806463296,0.8708702064847782,-8.018377304077148,0.0,0.816474986919388,0.00032935405033640563,0.4069470836723804,0.5657398166709426,0.06775067750677506,0.9165075260680169,0.00045680503549693825,-0.00017305503919104334,1.0140890380689103e-07,1.2324096132942941e-05,1.2324096132942941e-05,5.555209923015839e-10,0.0,0.0,0.8639255121632966,0.8900708556175232,0.9935528750665142,0.9998143315315247
60,val::math500::17::2d8274195f73ed9c::sample2,val::math500::17::2d8274195f73ed9c,70,2,math500,0.0,0.0,1404,-0.6684822832007874,1.3923339865249547,-15.45170783996582,-7.152555099310121e-07,0.7353483997367068,1.9471909240564855e-07,0.6815131012028957,0.8898615303841615,0.13746438746438747,0.7331204774673097,-0.0002518429306287073,0.0002428038699779511,0.00016835697726461118,0.21511298418045044,3.554483555490151e-05,6.782165738333133e-07,0.0007122507122507123,0.0,0.8019232551150682,0.7354919910430908,0.9726162513564115,0.996762216091156
60,val::math500::17::2d8274195f73ed9c::sample3,val::math500::17::2d8274195f73ed9c,71,3,math500,0.0,0.0,812,-0.68720448798993,1.3244138376186843,-8.264992713928223,0.0,0.7357956808336177,0.00025737081887200475,0.6264908502647059,0.8099051542772304,0.14655172413793102,0.9161843159236014,0.0008415960321713409,-0.0005891297291968362,4.560643584618016e-06,0.0007290858775377274,3.063221447519027e-05,3.855344710050102e-10,0.0,0.0,0.8130945164086343,0.8663572669029236,0.9770263233428518,0.9997423887252808
60,val::math500::18::c7d731882930870c::sample0,val::math500::18::c7d731882930870c,72,0,math500,0.0,0.0,608,-0.23770506320922172,0.7653951369083651,-9.018763542175293,0.0,0.8871894263139846,0.00012111578689655289,0.23290334211308347,0.4069937732319761,0.03453947368421053,0.965226505883038,0.0007050087145327676,-0.0005229260411927098,2.4801142065076247e-07,2.419258998997975e-05,3.368664692970924e-06,-2.04121888789505e-10,0.0,0.0,0.9170464201781311,0.9622377753257751,0.998294374072238,0.9999449253082275
60,val::math500::18::c7d731882930870c::sample1,val::math500::18::c7d731882930870c,73,1,math500,0.0,0.0,237,-0.38927296303549963,0.7856778297678282,-3.91778826713562,-1.1920928244535389e-07,0.8067875267694142,0.019885025918483734,0.37905457079451665,0.5033809004097778,0.08016877637130802,0.851654950180091,0.0007350324455434432,-0.0009080641110323486,3.3125656584776547e-07,2.7319529181113467e-05,8.026642717595678e-06,5.161637379998109e-09,0.0,0.0,0.8690543020073371,0.5981020927429199,0.996079899842226,0.9987432956695557
60,val::math500::18::c7d731882930870c::sample2,val::math500::18::c7d731882930870c,74,2,math500,0.0,0.0,505,-0.39130905348268974,0.8968149098693317,-7.794083118438721,0.0,0.8190902218368425,0.0004121664969716221,0.3689048657252222,0.5398510212526001,0.06930693069306931,0.9096768257440999,0.00019287730766134306,-6.18727302574425e-05,1.0105564789177668e-06,9.433235391043127e-05,6.982854756643064e-07,6.258316049170933e-09,0.0,0.0,0.8715820632063517,0.9515743255615234,0.9954366497474142,0.9998347759246826
60,val::math500::18::c7d731882930870c::sample3,val::math500::18::c7d731882930870c,75,3,math500,1.0,1.0,408,-0.6217533929846668,1.395720613626657,-12.095609664916992,-9.536738616588991e-07,0.7580795730412856,5.583975053014001e-06,0.5720014250503695,0.7691262005232428,0.11519607843137254,0.60762961180437,0.001188953266586928,-0.0009776475888936553,2.662412828740168e-06,0.0003187171241734177,0.0003187171241734177,2.318626988045873e-08,0.0,0.0,0.8217136310961317,0.7399250268936157,0.9809241885063695,0.9529112577438354
60,val::math500::19::bc0d44d3d5575105::sample0,val::math500::19::bc0d44d3d5575105,76,0,math500,1.0,1.0,628,-0.3691602709763293,0.8799907409586774,-8.658071517944336,0.0,0.8257089749363592,0.00017371900321450084,0.37624185397446486,0.5732163026685215,0.0732484076433121,0.9065436916425824,0.00022490204778371435,-0.00015622382254119906,2.2566168077684515e-07,2.8491351258708164e-05,2.8491351258708164e-05,4.0927143456088286e-10,0.0,0.0,0.8682449785577264,0.5895416736602783,0.9945972128089067,0.9997936487197876
60,val::math500::19::bc0d44d3d5575105::sample1,val::math500::19::bc0d44d3d5575105,77,1,math500,1.0,1.0,2048,-0.4487116719635918,1.1272664758118993,-14.357582092285156,0.0,0.8156131714631474,5.815423378408013e-07,0.4514091088337579,0.7384079717187879,0.09228515625,0.8488802732899785,0.00022931472362134494,-0.00022887379500576244,7.300649058248299e-06,0.006593302823603153,6.691573961603581e-10,6.926832615175272e-09,0.0,0.0,0.8652560186383198,0.9999973177909851,0.9837128820363432,1.0
60,val::math500::19::bc0d44d3d5575105::sample2,val::math500::19::bc0d44d3d5575105,78,2,math500,0.0,0.0,903,-0.3291204605877678,0.9104386635585952,-11.40427017211914,0.0,0.8523286038343497,1.1147780242026784e-05,0.32020307939388537,0.5594019380088147,0.06312292358803986,0.9556730724871159,-0.00019264549294253138,0.00018477360985661413,4.6587578546972593e-07,7.966523116920143e-05,2.451054648133777e-08,1.714743653702032e-09,0.0,0.0,0.892316023269431,0.8349257707595825,0.9939828531554635,0.9997996091842651
60,val::math500::19::bc0d44d3d5575105::sample3,val::math500::19::bc0d44d3d5575105,79,3,math500,1.0,1.0,732,-0.2423841067960504,0.6615979007265874,-5.5255937576293945,0.0,0.877177745244425,0.003983502741903067,0.24205980275322173,0.4239953702181041,0.04234972677595628,0.9840694814920425,0.0002570779892963948,-0.0001765156025406982,1.1232717434145965e-07,1.2067460374964867e-05,1.2067460374964867e-05,3.340086342313968e-10,0.0,0.0,0.9130757209218916,0.6787530183792114,0.9980757234037899,0.9999381303787231
60,val::math500::20::3df80308e3f022b6::sample0,val::math500::20::3df80308e3f022b6,80,0,math500,1.0,1.0,231,-0.14845395272086312,0.4032174094700803,-2.6949381828308105,0.0,0.9065802008945705,0.0675465539097786,0.205453543830064,0.3626753106980846,0.021645021645021644,0.9354464097414166,0.00019969874863077027,-0.0007662869288185691,1.3142742347618678e-07,8.917644663597457e-06,4.064640961587429e-06,2.092516342946284e-09,0.0,0.0,0.920607659852866,0.9625345468521118,0.9993722051769108,0.9999868869781494
60,val::math500::20::3df80308e3f022b6::sample1,val::math500::20::3df80308e3f022b6,81,1,math500,1.0,1.0,275,-0.22443216476787028,0.5074656771906604,-3.2625274658203125,0.0,0.8689547893540426,0.03829149529337883,0.24240318184654366,0.40688001394208917,0.03272727272727273,0.9673567097634077,0.001089703118048602,-0.0010103766073961463,1.2797702179506748e-07,6.264368494157679e-06,6.264368494157679e-06,1.6527957630110628e-09,0.0,0.0,0.904451544826681,0.9577845931053162,0.9990371186083014,0.9999858736991882
60,val::math500::20::3df80308e3f022b6::sample2,val::math500::20::3df80308e3f022b6,82,2,math500,1.0,1.0,187,-0.2875540460334514,0.6100366182207567,-3.8986361026763916,0.0,0.8377396672824646,0.02026953734457493,0.32136573604329566,0.4445635819039786,0.053475935828877004,0.9500618381425738,0.0019301447982623167,-0.0016337267530591969,3.312424218531822e-07,1.856621565821115e-05,1.0930119969998486e-05,3.902450256023116e-09,0.0,0.0,0.8788324925988753,0.952192485332489,0.99897107147278,0.9999767541885376
60,val::math500::20::3df80308e3f022b6::sample3,val::math500::20::3df80308e3f022b6,83,3,math500,1.0,1.0,261,-0.2470296644113028,0.7581818222672685,-6.384336471557617,0.0,0.8804041383974432,0.0016877880552783608,0.20768928918347626,0.3519971123897028,0.02681992337164751,0.9186516229965491,-4.6576114849452014e-05,-0.0008817832395489613,2.861661425800088e-07,3.5290395317133516e-05,6.112529149504553e-08,2.457517495096037e-09,0.0,0.0,0.9163001827124891,0.9239570498466492,0.9995522588148884,0.9998682141304016
60,val::math500::21::47139315ca038099::sample0,val::math500::21::47139315ca038099,84,0,math500,0.0,0.0,866,-0.24013798905583647,0.6495741836962298,-4.973283290863037,0.0,0.8803629807968717,0.006920388899743557,0.2516862630666672,0.4858171937219991,0.053117782909930716,0.9923228435218334,-9.33431516065763e-05,3.119475329662308e-05,3.8986257103803446e-07,1.752275784383528e-05,1.4958498013584176e-06,4.680484822478852e-10,0.0,0.0,0.9122583084410663,0.9045515060424805,0.9961930059120231,0.999976396560669
60,val::math500::21::47139315ca038099::sample1,val::math500::21::47139315ca038099,85,1,math500,0.0,0.0,740,-0.22776264392413464,0.697909135202875,-7.010584354400635,0.0,0.8928579530541036,0.000902281200978905,0.217437270683111,0.44311563895584555,0.04594594594594595,0.9062398495152593,5.5946820437056064e-05,-0.00015339640040879486,5.275812522830623e-07,1.734178113110829e-05,1.734178113110829e-05,3.1083810546013986e-10,0.0,0.0,0.9268900234755632,0.5221024751663208,0.9970395795396856,0.9997035264968872
60,val::math500::21::47139315ca038099::sample2,val::math500::21::47139315ca038099,86,2,math500,0.0,0.0,608,-0.29537542129607014,0.8219784545574923,-6.63502836227417,0.0,0.8645591398719836,0.0013135414337739348,0.2908558343855039,0.49347953515988835,0.044407894736842105,0.9966901000589132,0.00042279580345042924,-0.00014751207687086214,1.1710807407253967e-07,6.407091404980747e-06,8.378395364161406e-07,-6.714325390369926e-11,0.0,0.0,0.9015036635713554,0.9465427398681641,0.9958027378704987,0.9999849796295166
60,val::math500::21::47139315ca038099::sample3,val::math500::21::47139315ca038099,87,3,math500,0.0,0.0,901,-0.21713179632988902,0.7566441565013537,-7.375744819641113,0.0,0.9065564811117555,0.0006262600654736161,0.19726709258831704,0.4624813980801434,0.04550499445061043,0.9899531397968531,5.631170432354502e-05,-7.634181195613248e-05,1.1381572456955186e-06,0.00024984683841466904,1.7313977878075093e-06,2.4186043980952773e-09,0.0,0.0,0.9361917284233588,0.9239645004272461,0.9959017851376507,0.9999731779098511
60,val::math500::22::712f9feff9344745::sample0,val::math500::22::712f9feff9344745,88,0,math500,0.0,0.0,1131,-0.34034489977535454,0.8395773806818199,-9.803658485412598,0.0,0.8399566087833249,5.524910011445172e-05,0.32993297825717144,0.5301931897065186,0.07338638373121131,0.8772522589424625,-0.0002031050521022294,0.0002686016064411855,2.422896176589897e-07,2.5867113436106592e-05,1.918548150570132e-05,7.531256346920093e-10,0.0,0.0,0.8883674612596539,0.9523174166679382,0.9951994855460817,0.9999792575836182
60,val::math500::22::712f9feff9344745::sample1,val::math500::22::712f9feff9344745,89,1,math500,0.0,0.0,1912,-0.34022975678932993,0.8704044744277678,-10.818724632263184,0.0,0.8431147381554561,2.0021083400934003e-05,0.3309839618923974,0.5567285951530119,0.06851464435146444,0.6910759047896136,-6.556303726802503e-05,7.398575405803387e-05,1.5483443936059905e-06,0.00024378790112677962,5.915343535889406e-06,2.4578621241845537e-09,0.0,0.0,0.8870845152665257,0.54855877161026,0.9949568242894555,0.9999374151229858
60,val::math500::22::712f9feff9344745::sample2,val::math500::22::712f9feff9344745,90,2,math500,0.0,0.0,363,-0.28500790651701446,0.7558626115226034,-5.856752395629883,-2.3841855067985307e-07,0.8632018655357683,0.002860518405213952,0.27260051285418757,0.4721386026253693,0.05785123966942149,0.8828438590280712,0.0009442457005239014,-0.00041824313374465766,4.6221253093218107e-07,2.5855966669041663e-05,7.586698757222621e-06,3.457868178978453e-09,0.0,0.0,0.9069527645823713,0.9033777713775635,0.9963563664228792,0.999860405921936
60,val::math500::22::712f9feff9344745::sample3,val::math500::22::712f9feff9344745,91,3,math500,1.0,1.0,771,-0.35859282445142393,1.0716267695728978,-14.03448486328125,0.0,0.8505376192173062,8.033423455344746e-07,0.34269844579893505,0.5940435071408932,0.07133592736705577,0.8226846780162305,0.0005145033955907032,-0.00042481995722069567,4.229885830397594e-06,0.0014690092066302896,9.694391565062688e-07,1.4962153758466336e-08,0.0,0.0,0.8910468430795867,0.9665247797966003,0.9918861745551093,0.9999762177467346
60,val::math500::23::b0dac61211aa35f0::sample0,val::math500::23::b0dac61211aa35f0,92,0,math500,1.0,1.0,543,-0.09849239990926757,0.4138785053496758,-4.240241050720215,0.0,0.9468425385616239,0.014404118992388248,0.10095828930173553,0.2598349711889255,0.016574585635359115,0.985150245949626,0.00019712916698621288,-0.00010902898441456056,5.382521907796513e-08,2.2602625904255547e-06,1.598345647835231e-06,2.5847628101313763e-10,0.0,0.0,0.9622793332099037,0.9665313363075256,0.9997715271638902,0.9999884963035583
60,val::math500::23::b0dac61211aa35f0::sample1,val::math500::23::b0dac61211aa35f0,93,1,math500,1.0,1.0,547,-0.08263390495499898,0.36029998319049933,-4.5057854652404785,0.0,0.9533677820722407,0.011044912040233612,0.08261683126573308,0.23504068450410284,0.012797074954296161,0.8991928724572062,0.0001079287991457807,-0.00011589868056800178,6.498013741991941e-08,3.949576694139978e-06,3.949576694139978e-06,3.9263568986266505e-10,0.0,0.0,0.9667282183492859,0.6842705607414246,0.9999297788635686,0.999771773815155
60,val::math500::23::b0dac61211aa35f0::sample2,val::math500::23::b0dac61211aa35f0,94,2,math500,1.0,1.0,626,-0.0902824336546811,0.39341093551659384,-5.459564685821533,0.0,0.9488279549025607,0.004255407955497503,0.09714230121215453,0.2526430083948267,0.012779552715654952,0.9743184819817543,0.0001927055124539383,-0.00015428058122029584,2.8026911766704563e-07,8.480723045067862e-05,7.299376392211343e-08,2.3062787010105566e-09,0.0,0.0,0.9617445445098816,0.9737092852592468,0.9996820247401825,0.9999192357063293
60,val::math500::23::b0dac61211aa35f0::sample3,val::math500::23::b0dac61211aa35f0,95,3,math500,1.0,1.0,1017,-0.1655775690860337,0.5423817497782336,-5.608734130859375,0.0,0.914349919283715,0.003665706841275096,0.1679552957430066,0.3690000859881815,0.03048180924287119,0.9619466778822243,-3.2898576469587608e-06,-1.676377575013919e-05,1.5169693740564082e-07,3.8219492125790566e-05,1.6937918871917645e-06,-1.2949848701143715e-10,0.0,0.0,0.939080352774998,0.9621927738189697,0.9987147238871107,0.999987006187439
60,val::math500::24::29e3258744efc95c::sample0,val::math500::24::29e3258744efc95c,96,0,math500,0.0,0.0,858,-0.2756722491097469,0.9305293861794902,-12.13138198852539,0.0,0.8817019580126657,5.387753844843246e-06,0.2562193925801937,0.5024957283406697,0.047785547785547784,0.9257016181945801,5.827674309592749e-05,-0.0001817823280026803,3.865974006546398e-07,8.830659498926252e-05,2.052464333246462e-05,1.3358430236322746e-09,0.0,0.0,0.9120808931497427,0.7934348583221436,0.9949998884073227,0.9989588856697083
60,val::math500::24::29e3258744efc95c::sample1,val::math500::24::29e3258744efc95c,97,1,math500,0.0,0.0,409,-0.2308811840634419,0.6462344256915915,-5.0649285316467285,0.0,0.8879348897229434,0.006314361933618784,0.24655643986044096,0.4953458976985513,0.061124694376528114,0.7541185700101778,-0.0003041700799710065,0.00012719222449840542,1.4614012200195895e-07,1.9005794456461444e-05,2.9250891202536877e-06,1.5108773704145866e-09,0.0,0.0,0.9140359060360633,0.889419674873352,0.9945246690934328,0.999693751335144
60,val::math500::24::29e3258744efc95c::sample2,val::math500::24::29e3258744efc95c,98,2,math500,0.0,0.0,588,-0.2078638911984692,0.6454974225826845,-6.662438869476318,0.0,0.8950903370576914,0.0012780256802216172,0.19318420896952052,0.369995104190367,0.034013605442176874,0.9420817391946912,0.00028483789056897417,-0.00015785901759007617,2.1535563819293756e-07,2.27101754717296e-05,3.3984156289079692e-06,3.4088314556872846e-10,0.0,0.0,0.9287698438175681,0.9119214415550232,0.9986527543895098,0.9997574090957642
60,val::math500::24::29e3258744efc95c::sample3,val::math500::24::29e3258744efc95c,99,3,math500,1.0,1.0,592,-0.2509142791669766,0.7360750092410605,-7.1843791007995605,0.0,0.8798728052313743,0.0007583397091366351,0.25112381039142373,0.4529431527007641,0.052364864864864864,0.9214022040832788,0.0007684176495738657,-0.00043531247691526095,4.591050099808629e-07,8.632491517346352e-05,2.163017370548914e-06,-5.389700078798163e-10,0.0,0.0,0.9155839600071713,0.9569482803344727,0.9969248693134334,0.9997985363006592
60,val::math500::25::4f2f6cb4d4223ec2::sample0,val::math500::25::4f2f6cb4d4223ec2,100,0,math500,0.0,0.0,858,-0.10982556270887901,0.4796782087713709,-5.877846717834473,0.0,0.945563797417557,0.002800809917971492,0.09735694382750304,0.2648425277810667,0.02097902097902098,0.9433832783252001,-4.799035803459282e-05,-5.367331998250628e-05,6.806355377278815e-08,1.0119539183506276e-05,3.3647734198893886e-06,2.1385773757962218e-10,0.0,0.0,0.9640820626959656,0.7968016266822815,0.9996916492641111,0.9998466372489929
60,val::math500::25::4f2f6cb4d4223ec2::sample1,val::math500::25::4f2f6cb4d4223ec2,101,1,math500,0.0,0.0,720,-0.1542634188620009,0.5979866041789695,-6.055839538574219,0.0,0.9279296572934578,0.0023441333323717117,0.1352861102716254,0.3355122856192327,0.027777777777777776,0.8858155459165573,1.968924735175061e-05,6.477868400458552e-05,5.466902162736518e-07,0.0002993547823280096,2.1969565295876237e-06,3.7049272803603846e-09,0.0,0.0,0.9495684070719613,0.805785596370697,0.9991794914007187,0.9998255968093872
60,val::math500::25::4f2f6cb4d4223ec2::sample2,val::math500::25::4f2f6cb4d4223ec2,102,2,math500,0.0,0.0,958,-0.11319138396792042,0.4114083233766753,-4.513145446777344,0.0,0.9358911646047844,0.010963919572532177,0.11924631488914178,0.28271639245480085,0.017745302713987474,0.9864991493523121,0.0001779923569690796,-0.00012899159197677314,1.5096019346953806e-07,1.221861930389423e-05,8.148375627570204e-07,3.5116174430561225e-10,0.0,0.0,0.9538792610977288,0.9205562472343445,0.9997074236327272,0.9999432563781738
60,val::math500::25::4f2f6cb4d4223ec2::sample3,val::math500::25::4f2f6cb4d4223ec2,103,3,math500,0.0,0.0,814,-0.13549830588526038,0.43366525009573764,-4.01815128326416,0.0,0.9229205632559424,0.01798618584871292,0.14113382308422254,0.3138976991734697,0.02457002457002457,0.9259852608665824,8.419222200069332e-05,-5.344832044656118e-05,7.03732957336544e-08,5.326335212885169e-06,4.766384336107876e-06,1.093280070516353e-10,0.0,0.0,0.9454625034727687,0.6845983862876892,0.9996541015785508,0.9997701644897461
60,val::math500::26::7f269eada4e5b30d::sample0,val::math500::26::7f269eada4e5b30d,104,0,math500,0.0,0.0,930,-0.24512212917140724,0.6519552185641427,-5.923725128173828,0.0,0.8739007398380988,0.002675216179341078,0.24594525169548187,0.42670339936892565,0.04838709677419355,0.956563102081418,0.0006880109659465236,-0.0005774241592938009,1.6755512037864936e-07,3.119696339126676e-05,2.4487021619279403e-06,3.9134079306717715e-10,0.0,0.0,0.9127349625031154,0.9560431838035583,0.9978779982495052,0.9999648928642273
60,val::math500::26::7f269eada4e5b30d::sample1,val::math500::26::7f269eada4e5b30d,105,1,math500,1.0,1.0,386,-0.8291135000573869,1.3745609430778933,-10.458258628845215,-2.861018856492592e-06,0.6602249583129001,2.871018477890175e-05,0.7471937334696612,0.7028822408652713,0.18134715025906736,0.7599747013882734,0.0017677817904855602,-0.0008471116603663553,4.208302612122612e-07,2.582203524070792e-05,7.386483048321679e-06,5.208187176777163e-10,0.0,0.0,0.7611521260494395,0.9966465830802917,0.9835277670714522,0.9998542666435242
60,val::math500::26::7f269eada4e5b30d::sample2,val::math500::26::7f269eada4e5b30d,106,2,math500,0.0,0.0,684,-0.2411915759289073,0.6093321489035254,-5.729870796203613,0.0,0.8693562001874943,0.003247496671974659,0.26993352915350766,0.42050155190822625,0.054093567251461985,0.9275616351515055,0.00032086597268402115,-0.0003607087872551658,1.5497815343739003e-07,4.004994116257876e-05,1.8872003693104489e-06,4.754094861975325e-10,0.0,0.0,0.9064964309596178,0.9460914731025696,0.9983220670306892,0.9999371767044067
60,val::math500::26::7f269eada4e5b30d::sample3,val::math500::26::7f269eada4e5b30d,107,3,math500,0.0,0.0,2048,-0.14939969293734523,0.6461750211631654,-13.45138931274414,0.0,0.9269810226565635,1.439248762835632e-06,0.15827259974522878,0.38026760640966234,0.02783203125,0.9961185920983553,0.00025133018759921575,-0.00024161876948656578,1.0720138610979535e-05,0.0013235211372375488,1.8925091353594325e-05,2.049951321690878e-08,0.0,0.0,0.9470660751539981,0.9999779462814331,0.9981368183216546,0.9999986290931702
60,val::math500::27::69040b81cefdaccc::sample0,val::math500::27::69040b81cefdaccc,108,0,math500,0.0,0.0,350,-0.18231707171597722,0.4826550070014273,-3.774949789047241,0.0,0.8952988535378661,0.02293824404478073,0.21686400504603023,0.4048990763876275,0.037142857142857144,0.8991482905112207,0.00040357115646465913,-0.0007430319577259999,1.4772685210059763e-07,1.9343849999131635e-05,4.004982088190445e-07,-3.4363700092697643e-10,0.0,0.0,0.9260414526718004,0.8998236060142517,0.998406696830477,0.9999593496322632
60,val::math500::27::69040b81cefdaccc::sample1,val::math500::27::69040b81cefdaccc,109,1,math500,1.0,1.0,400,-0.1924704812363368,0.5873287533212618,-5.934335708618164,0.0,0.897894199147122,0.0026469803415238857,0.1945240931045837,0.36386479546420486,0.025,0.9417159194126725,0.0006850608047227201,-0.0006874044167348396,0.002224884486857904,0.8898673057556152,9.019545643695892e-08,1.3932796908908903e-05,0.0025,0.0025,0.9262572784721851,0.9667774438858032,0.9994329719245434,0.9999608397483826
60,val::math500::27::69040b81cefdaccc::sample2,val::math500::27::69040b81cefdaccc,110,2,math500,0.0,0.0,568,-0.1966066337691642,0.6352474456518654,-6.570791244506836,0.0,0.9042197728798476,0.0014006886631250381,0.2013006450105697,0.4045204932298841,0.04225352112676056,0.8621865829918534,0.0003703397176894444,-0.0004002144749708698,7.117712576911947e-07,3.271419336670078e-05,5.497120582731441e-06,5.809633570299966e-10,0.0,0.0,0.9314499979340275,0.9523842930793762,0.997940081211043,0.9999131560325623
60,val::math500::27::69040b81cefdaccc::sample3,val::math500::27::69040b81cefdaccc,111,3,math500,1.0,1.0,416,-0.09927093263603777,0.33124469111278165,-3.206296920776367,0.0,0.9381436435505748,0.040506333112716675,0.1254070972367378,0.29152736947290464,0.01201923076923077,0.9567493759095669,0.00031882756838461584,-0.0004754509156034185,1.1647565531650222e-07,1.156022790382849e-05,4.251888015005534e-07,-7.799076064656372e-11,0.0,0.0,0.9532887320249126,0.7919695973396301,0.9997385278917276,0.9999873042106628
60,val::math500::28::f3ed9561c6f7f1cb::sample0,val::math500::28::f3ed9561c6f7f1cb,112,0,math500,1.0,1.0,431,-0.34104863023984994,0.9410458055725396,-8.065031051635742,0.0,0.854875036832264,0.0003143413341604173,0.2624679715818455,0.4470326019974969,0.07192575406032482,0.9062906173057854,0.0006698005973998235,-0.000695855444435565,4.762077110559446e-07,5.3246065363055095e-05,1.6096424815259525e-06,2.014869660408892e-09,0.0,0.0,0.9060421201925544,0.973362386226654,0.9975849297373035,0.9995616674423218
60,val::math500::28::f3ed9561c6f7f1cb::sample1,val::math500::28::f3ed9561c6f7f1cb,113,1,math500,1.0,1.0,367,-0.17791094718418946,0.545683752225767,-4.891725063323975,0.0,0.9042923771941207,0.007508458569645882,0.1884764720784023,0.35323177411336776,0.0326975476839237,0.9464889885857701,0.0006667499348650228,-0.0004947480532435925,2.484072636362414e-06,0.0008775033638812602,3.5869338717020582e-06,1.457148527691135e-08,0.0,0.0,0.9295631996698536,0.9625083208084106,0.9993056599710552,0.999971866607666
60,val::math500::28::f3ed9561c6f7f1cb::sample2,val::math500::28::f3ed9561c6f7f1cb,114,2,math500,1.0,1.0,299,-0.26742377739308487,0.701887168773521,-5.994760513305664,0.0,0.8631017426025733,0.002491773571819067,0.2637639919346201,0.41841243866764266,0.04013377926421405,0.9660045206546783,0.001988913880602496,-0.0013772570422172748,3.1204249577017416e-07,5.7554829254513606e-05,4.021791028208099e-06,1.9273410608281206e-09,0.0,0.0,0.9011978349558087,0.9523876905441284,0.9990128904680743,0.9999703168869019
60,val::math500::28::f3ed9561c6f7f1cb::sample3,val::math500::28::f3ed9561c6f7f1cb,115,3,math500,1.0,1.0,554,-0.18143277594393545,0.6065859601944609,-7.891794681549072,0.0,0.9044842762927843,0.00037379813147708774,0.19327212538828945,0.3583078407640832,0.03429602888086643,0.9255335796624422,0.0005277823127678433,-0.0005027980652811826,5.225203267069829e-07,0.00011420062946854159,1.2794371286872774e-05,2.010689379406454e-09,0.0,0.0,0.930635313076448,0.9836302995681763,0.9991224747056996,0.9996605515480042
60,val::math500::29::b21de5e7f45f522c::sample0,val::math500::29::b21de5e7f45f522c,116,0,math500,1.0,1.0,281,-0.12317344914628288,0.40621118226708425,-2.8544154167175293,0.0,0.9288410669278844,0.05758947506546974,0.1387838705897606,0.30404236713187277,0.021352313167259787,0.9835647381842136,0.0008982139721517751,-0.0009312973458399572,1.3764231837754696e-07,3.4993813642358873e-06,1.0274817441313644e-06,6.383336557638291e-10,0.0,0.0,0.9479727958232906,0.9623281955718994,0.9995499096307042,0.9999673366546631
60,val::math500::29::b21de5e7f45f522c::sample1,val::math500::29::b21de5e7f45f522c,117,1,math500,1.0,1.0,329,-0.10143662123785525,0.3736742885079247,-3.063239574432373,0.0,0.9413026455325558,0.04673604294657707,0.11674324371024547,0.2866418179381798,0.02127659574468085,0.9208439541980624,0.0006766873797962916,-0.0006062633324295477,2.469820104709473e-07,1.169138886325527e-05,1.169138886325527e-05,1.3401759464432106e-09,0.0,0.0,0.9573550824879875,0.7000117301940918,0.9995096673719064,0.9993196129798889
60,val::math500::29::b21de5e7f45f522c::sample2,val::math500::29::b21de5e7f45f522c,118,2,math500,1.0,1.0,268,-0.10195485063929492,0.32661330339155786,-2.5533459186553955,0.0,0.9350393923527714,0.07782084494829178,0.14003240826627228,0.2869874051170422,0.014925373134328358,0.9908585585653782,0.0006664435751858568,-0.0008928417177717436,9.007608721676285e-08,3.376805807420169e-06,9.023645475281228e-07,1.0644942501572153e-10,0.0,0.0,0.9505974952854327,0.957674503326416,0.9996614736407551,0.9999772906303406
60,val::math500::29::b21de5e7f45f522c::sample3,val::math500::29::b21de5e7f45f522c,119,3,math500,0.0,0.0,333,-0.16565054720153727,0.5120258605634834,-4.579545497894287,0.0,0.9093731191070812,0.010259558446705341,0.18656606615554577,0.36641207617054933,0.024024024024024024,0.9833471272140741,0.0007835022054395842,-0.0007621107381786111,1.2801594900746403e-07,3.0894275369064417e-06,7.062640179356094e-07,4.4671918942173416e-10,0.0,0.0,0.93526178571555,0.9624469876289368,0.9989714260931846,0.9999788999557495
60,val::math500::30::9fb1d825458ad431::sample0,val::math500::30::9fb1d825458ad431,120,0,math500,1.0,1.0,400,-0.10975893273091256,0.4087951070729689,-5.679242134094238,0.0,0.9340359823207837,0.003416146617382765,0.1328517223452855,0.2806600483803438,0.0075,0.9190572453662753,0.00031136814323242746,-0.0002681034591961882,3.3771087112770037e-06,0.001272803288884461,2.3041322947392473e-06,4.4682240562253985e-08,0.0,0.0,0.9491288936883211,0.9576181769371033,0.9996662843227386,0.9998490810394287
60,val::math500::30::9fb1d825458ad431::sample1,val::math500::30::9fb1d825458ad431,121,1,math500,1.0,1.0,515,-0.21692819816726214,0.651356274933579,-4.431276321411133,0.0,0.8962060327759211,0.011899293400347233,0.1937287725695472,0.38165318284875477,0.04854368932038835,0.9907041192054749,0.0009276327450325376,-0.0008665953412064348,3.62472228358465e-07,0.00013414672866929322,9.55177938521956e-07,-6.107649010681148e-10,0.0,0.0,0.9326939814588399,0.9523066282272339,0.9981630563735961,0.999984860420227
60,val::math500::30::9fb1d825458ad431::sample2,val::math500::30::9fb1d825458ad431,122,2,math500,1.0,1.0,489,-0.12433895649211424,0.5542384809215354,-8.128695487976074,0.0,0.9387165717305644,0.0002949527115561068,0.12166569598270868,0.2805635909579141,0.022494887525562373,0.978607228025794,0.0003108419864512672,-0.0002981794462848536,4.681174525505843e-08,1.8738645621851902e-06,1.3449797506837058e-06,1.547366199060119e-12,0.0,0.0,0.9553240010465337,0.9216113686561584,0.9995899915938973,0.9999722242355347
60,val::math500::30::9fb1d825458ad431::sample3,val::math500::30::9fb1d825458ad431,123,3,math500,1.0,1.0,496,-0.15261669456999083,0.7513240700046602,-10.938094139099121,0.0,0.9317394743509083,1.7768308680388145e-05,0.11461294229395418,0.2639666879334122,0.024193548387096774,0.9708096319809556,0.000447177942590233,-0.00041448519711989113,1.351160379771128e-07,3.374949665158056e-05,3.256043328292435e-07,2.1763150632128745e-10,0.0,0.0,0.9570307953944129,0.9999166131019592,0.9995709738183406,0.9999950528144836
60,val::math500::31::a2306c7c78cec7e5::sample0,val::math500::31::a2306c7c78cec7e5,124,0,math500,1.0,1.0,372,-0.13773998261778647,0.42008875854142674,-2.8858530521392822,0.0,0.9194907369592817,0.055807165801525116,0.16440862322261857,0.3531360808944998,0.021505376344086023,0.9605847932398319,0.00022368152105570587,-0.00041427039842474925,4.001132988100254e-07,9.293037874158472e-05,3.604509970500658e-07,-7.326208795641568e-10,0.0,0.0,0.9417326411893291,0.9768621325492859,0.9989163471806434,0.9999385476112366
60,val::math500::31::a2306c7c78cec7e5::sample1,val::math500::31::a2306c7c78cec7e5,125,1,math500,1.0,1.0,465,-0.3198097184107628,0.7817601444929074,-7.354203224182129,0.0,0.8460158439538371,0.0006398970726877451,0.32132947164298653,0.5418841677031647,0.06666666666666667,0.896216285880655,-0.0006811672882217858,0.0007147019705050043,2.969518982298995e-07,3.372179708094336e-05,2.1395103431132156e-06,1.647974837543778e-09,0.0,0.0,0.882164491841229,0.9465484619140625,0.9946950034428669,0.9999859929084778
60,val::math500::31::a2306c7c78cec7e5::sample2,val::math500::31::a2306c7c78cec7e5,126,2,math500,1.0,1.0,430,-0.47485074469734667,1.3143644868815811,-14.345550537109375,0.0,0.8189436595509129,5.885814857720106e-07,0.39167948048204454,0.711363875750685,0.09534883720930233,0.9245774634182453,-0.0013978335026195747,0.0010660627359824213,6.174969271117764e-05,0.020320197567343712,2.303253495483659e-06,6.598297702753977e-07,0.0,0.0,0.8776017814181571,0.957253098487854,0.9877324091833691,0.9999364614486694
60,val::math500::31::a2306c7c78cec7e5::sample3,val::math500::31::a2306c7c78cec7e5,127,3,math500,1.0,1.0,233,-0.12111045579211788,0.3547519291214137,-2.5191307067871094,0.0,0.9241500949974736,0.0805295780301094,0.1598041964022335,0.3577818039975312,0.017167381974248927,0.9430061038583517,0.000826634935243539,-0.0008523304301330502,1.6244301123542517e-07,4.785044438904151e-06,2.609406806186598e-07,1.4124184334184527e-09,0.0,0.0,0.9389307343524924,0.966597855091095,0.9992352081982363,0.9999416470527649
120,val::math500::0::2c4303ce28478c25::sample0,val::math500::0::2c4303ce28478c25,0,0,math500,1.0,1.0,445,-0.22128436574693383,0.6800868520157837,-4.699348449707031,0.0,0.8982867571200882,0.009101205505430698,0.18203606784354476,0.37195309336704685,0.05393258426966292,0.8638643047306687,0.00021164420994769712,-9.725129756046013e-05,2.0733400197138074e-07,2.0078658053535037e-05,2.003617373702582e-05,1.3664198803000269e-09,0.0,0.0,0.9373002660073592,0.877682089805603,0.9984113157465216,0.9997753500938416
120,val::math500::0::2c4303ce28478c25::sample1,val::math500::0::2c4303ce28478c25,1,1,math500,1.0,1.0,660,-0.09351347451878625,0.40616741297209397,-4.398292541503906,0.0,0.9511839441644648,0.012298321351408958,0.08948999193131783,0.24105454145216615,0.021212121212121213,0.8880176898092031,0.00017332397018605925,-0.00011974568393459922,1.254638286665328e-07,1.5096199604158755e-05,1.5096199604158755e-05,2.2136280306847406e-10,0.0,0.0,0.9681717324889068,0.9038720726966858,0.9997085096258106,0.9997910261154175
120,val::math500::0::2c4303ce28478c25::sample2,val::math500::0::2c4303ce28478c25,2,2,math500,1.0,1.0,462,-0.14100061187069973,0.5227323279100542,-5.8362507820129395,0.0,0.9247706703482865,0.002919768914580345,0.14613249361882205,0.3015534249107048,0.01948051948051948,0.9338861914584413,-0.00023290994319810916,-8.456965000703479e-05,6.286383543658509e-08,5.600027179752942e-06,3.492450105113676e-06,4.785499433795632e-10,0.0,0.0,0.9454028382574841,0.8803752660751343,0.9996189663420508,0.9999721646308899
120,val::math500::0::2c4303ce28478c25::sample3,val::math500::0::2c4303ce28478c25,3,3,math500,0.0,0.0,374,-0.31292710310754196,0.8466855962515615,-6.124538898468018,0.0,0.8612807379203804,0.002188500016927719,0.29747191836027853,0.5381896688722136,0.06149732620320856,0.8417108281282708,0.00034426196440491205,0.00018961198571889056,2.343740332663555e-06,0.00035431794822216034,0.00035431794822216034,2.3432102693016666e-08,0.0,0.0,0.9050295310901767,0.8756262063980103,0.9936882656685171,0.994242250919342
120,val::math500::1::0242d16f52e4149b::sample0,val::math500::1::0242d16f52e4149b,4,0,math500,1.0,1.0,709,-0.18379530351848947,0.6706603910978856,-6.424575328826904,0.0,0.9174473077815409,0.0016212216578423977,0.17110989513029268,0.3941126686966772,0.03385049365303244,0.6292429734312464,-0.00011891992518917872,5.90046207710281e-05,9.360181036020261e-05,0.04568122327327728,1.777630859578494e-05,7.789990618014021e-07,0.0,0.0,0.9403078134246539,0.587785005569458,0.9982070636177601,0.9956649541854858
120,val::math500::1::0242d16f52e4149b::sample1,val::math500::1::0242d16f52e4149b,5,1,math500,1.0,1.0,918,-0.25099272190850813,0.6938270184692468,-5.298835754394531,0.0,0.8760153963382727,0.004997408948838711,0.2674196886368357,0.49392392586051687,0.049019607843137254,0.8343769067432731,-0.000524903789571234,0.00044510907727712704,1.6465355165468476e-07,3.734435813385062e-05,1.4350732158163737e-07,2.898983713777537e-10,0.0,0.0,0.9091506498279395,0.7980131506919861,0.9958904843964088,0.9998924732208252
120,val::math500::1::0242d16f52e4149b::sample2,val::math500::1::0242d16f52e4149b,6,2,math500,1.0,1.0,805,-0.20307726416845992,0.583084552058727,-5.168758392333984,0.0,0.8940297688525286,0.005691630765795708,0.21272166173658189,0.43170344453099074,0.03975155279503106,0.8193925935775042,8.273989669451871e-05,-8.098196762536168e-05,3.8620017404377747e-07,1.6972708181128837e-05,3.323203756622206e-08,7.942132506154194e-10,0.0,0.0,0.9235562120350251,0.730883777141571,0.9974684716751857,0.9998735189437866
120,val::math500::1::0242d16f52e4149b::sample3,val::math500::1::0242d16f52e4149b,7,3,math500,1.0,1.0,730,-0.24928764875862242,0.6898980206449117,-5.999945163726807,0.0,0.8779063236309623,0.002478888025507331,0.23801687908394079,0.4373659208296394,0.0547945205479452,0.8933783913962543,0.00013056229837629237,-0.00011576734821128591,2.2830770883284965e-07,2.973243135784287e-05,9.320405069956905e-08,5.731914808841069e-10,0.0,0.0,0.9148080626170929,0.7309026122093201,0.9975722205965486,0.9998952746391296
120,val::math500::2::6b2a4988c67e4477::sample0,val::math500::2::6b2a4988c67e4477,8,0,math500,1.0,1.0,426,-0.05164049239279908,0.3050599828985809,-5.464288711547852,0.0,0.9684767741163397,0.004235352389514446,0.07077251520434132,0.21461286817260736,0.002347417840375587,0.9878941997885704,0.00020922242848786898,-0.00018268675563674333,1.562753120385889e-07,1.2196266652608756e-05,1.434924001841864e-07,1.060386424281987e-09,0.0,0.0,0.9733916521072388,0.9624881744384766,0.9999145728321702,0.9999068975448608
120,val::math500::2::6b2a4988c67e4477::sample1,val::math500::2::6b2a4988c67e4477,9,1,math500,1.0,1.0,611,-0.1505820437204799,0.6446640028146592,-6.605123996734619,0.0,0.9309627504477432,0.0013534153113141656,0.13961280446797456,0.33497472091544067,0.019639934533551555,0.9280139952898026,0.0005474859343562401,-0.0002552534661313582,1.3743144072704212e-07,8.93964806891745e-06,2.8947420105396304e-07,4.0700399507284866e-10,0.0,0.0,0.9476305881908405,0.9462963938713074,0.999422590490644,0.9997917413711548
120,val::math500::2::6b2a4988c67e4477::sample2,val::math500::2::6b2a4988c67e4477,10,2,math500,1.0,1.0,389,-0.0770702966943853,0.37007211124414435,-5.0928874015808105,0.0,0.957708840398477,0.0061402651481330395,0.08100748284197598,0.24360022120107305,0.012853470437017995,0.9344248822890222,0.0001491239809861471,-0.00014815908537887812,1.2168228884082166e-07,1.6060306734289043e-05,1.6060306734289043e-05,8.870077719694785e-10,0.0,0.0,0.9684238408555714,0.7488923668861389,0.9998898228826744,0.9996544122695923
120,val::math500::2::6b2a4988c67e4477::sample3,val::math500::2::6b2a4988c67e4477,11,3,math500,1.0,1.0,565,-0.11190657932086549,0.5758204310481153,-7.855467796325684,0.0,0.9514725580222212,0.00038762670010328293,0.0831546278775336,0.23307219165817936,0.023008849557522124,0.9967635869979858,0.0001074892683043351,1.7617747022628916e-05,1.0228125271642226e-07,5.923082426306792e-06,9.145647936747991e-07,1.8131636094613587e-10,0.0,0.0,0.9685007414986602,0.9706229567527771,0.9998453924086241,0.9999944567680359
120,val::math500::3::2b78f19c3079ebc6::sample0,val::math500::3::2b78f19c3079ebc6,12,0,math500,1.0,1.0,638,-0.09991655536704011,0.41774245488442585,-4.511293888092041,0.0,0.9457497666721294,0.010984238237142563,0.10895946454722405,0.28188172474777656,0.01567398119122257,0.9989881440997124,0.00031295934361087215,-0.00029749482935251156,1.0483505192899e-07,2.156053415092174e-05,4.0577296545052377e-07,2.18492923444819e-10,0.0,0.0,0.9604683681434972,0.9704728126525879,0.999553893240268,0.9999810457229614
120,val::math500::3::2b78f19c3079ebc6::sample1,val::math500::3::2b78f19c3079ebc6,13,1,math500,1.0,1.0,713,-0.1929799132113398,0.7116831622052501,-6.591616630554199,0.0,0.9126880712095952,0.0013718204572796822,0.1838180670506287,0.3881283107248758,0.03225806451612903,0.9955615978688002,3.1358288572743657e-05,0.00011320935067432448,5.47264515338303e-07,0.00013130716979503632,1.101086127164308e-06,3.3468704064819843e-10,0.0,0.0,0.9381258318417537,0.9687841534614563,0.9976843234365819,0.9999683499336243
120,val::math500::3::2b78f19c3079ebc6::sample2,val::math500::3::2b78f19c3079ebc6,14,2,math500,1.0,1.0,230,-1.262343769670592,2.4229417344346977,-14.983631134033203,-5.960462772236497e-07,0.6633960576791493,3.1095078156795353e-07,1.1409616185983,1.5712721820778852,0.22608695652173913,0.9790710248053074,0.010695280275393966,-0.008355967228595176,0.00021118263445414298,0.01632133685052395,0.00022643165721092373,-2.6493968441156716e-06,0.0,0.0,0.7459996621569861,0.9225924015045166,0.9220175209900607,0.9995417594909668
120,val::math500::3::2b78f19c3079ebc6::sample3,val::math500::3::2b78f19c3079ebc6,15,3,math500,1.0,1.0,404,-0.09801364385500298,0.3648880020707086,-2.9566211700439453,0.0,0.9432467917662741,0.05199430137872696,0.11228959405606098,0.27741582595464764,0.017326732673267328,0.9975948520004749,8.456209887923151e-05,-0.00018596583768075545,1.797531386415484e-07,1.777837678673677e-05,6.621866646128183e-07,9.98584793083102e-10,0.0,0.0,0.9590083011748767,0.9605792760848999,0.9995212470835978,0.9999730587005615
120,val::math500::4::966411903cb858a7::sample0,val::math500::4::966411903cb858a7,16,0,math500,1.0,1.0,477,-0.18590744211403426,0.5712108066258127,-5.493657112121582,0.0,0.9052589256326186,0.004112775903195143,0.19221002697029146,0.39523175094175433,0.04821802935010482,0.8911162519361824,0.0006839095820932641,-0.0007217382068390849,1.4358135578165622e-06,0.00019332129159010947,6.586496601812541e-05,7.246174847707187e-09,0.0,0.0,0.9332777425115714,0.9971007108688354,0.9987064180134227,0.9991029500961304
120,val::math500::4::966411903cb858a7::sample1,val::math500::4::966411903cb858a7,17,1,math500,0.0,0.0,502,-0.10224336873525652,0.3584130487666541,-3.402902126312256,0.0,0.9383941494462738,0.03327655792236328,0.13303597261302735,0.3096289114659218,0.01195219123505976,0.9344987655058503,0.00014566447020101627,-0.0002797295818227129,4.856226381942499e-07,3.320671748952009e-05,1.953125865838956e-05,1.906941008128288e-09,0.0,0.0,0.9527592087290676,0.969480574131012,0.9993958640621003,0.9997408986091614
120,val::math500::4::966411903cb858a7::sample2,val::math500::4::966411903cb858a7,18,2,math500,0.0,0.0,586,-0.2020176822388958,0.6451318359178149,-8.193085670471191,0.0,0.8981640134501901,0.0002765591780189425,0.22593977100812365,0.4573013632691573,0.042662116040955635,0.8852743012830615,0.00023428407319425553,-0.0002767468145195169,1.2387701628975124e-06,0.00025881908368319273,3.4184715786977904e-06,-6.416766341202105e-10,0.0,0.0,0.9217017836131334,0.9764639139175415,0.997194202585025,0.9998342394828796
120,val::math500::4::966411903cb858a7::sample3,val::math500::4::966411903cb858a7,19,3,math500,1.0,1.0,559,-0.30039888435863726,0.8159365037841698,-8.434385299682617,-1.1920928244535389e-07,0.86492168822589,0.0002172666136175394,0.2783883928482775,0.5194453524571705,0.07692307692307693,0.9470006180927157,0.0008865057766623631,-0.0009206799945308545,6.788754290997285e-06,0.003307755570858717,2.116389077855274e-05,4.048176085224401e-08,0.0,0.0,0.9100117944380891,0.9868724346160889,0.9950862990722247,0.9990269541740417
120,val::math500::5::d8dded60713b1691::sample0,val::math500::5::d8dded60713b1691,20,0,math500,1.0,1.0,337,-0.30163363173439134,0.7414765203638761,-5.628612995147705,0.0,0.8505380824443163,0.0035935561172664165,0.28890152747036524,0.4597066890500202,0.050445103857566766,0.996018273755908,0.001963617071909172,-0.0016018532458831512,5.32490909932155e-07,0.00015583405911456794,1.330629174844944e-06,1.822578047516549e-09,0.0,0.0,0.8938637617256946,0.9705825448036194,0.9982026138008525,0.9999971985816956
120,val::math500::5::d8dded60713b1691::sample1,val::math500::5::d8dded60713b1691,21,1,math500,1.0,1.0,133,-0.20133210632936402,0.48991688063868694,-2.218055248260498,-4.768370445162873e-07,0.8839789605454395,0.10882052779197693,0.22956840874914797,0.37387017189986776,0.05263157894736842,0.9132783501408994,0.0009559215869191877,-0.0015204512027748199,2.1684851747092748e-07,1.0782235221995506e-05,1.5223547507048352e-06,5.099427395234895e-09,0.0,0.0,0.9217044296569394,0.6948894262313843,0.9992738419905641,0.9995654821395874
120,val::math500::5::d8dded60713b1691::sample2,val::math500::5::d8dded60713b1691,22,2,math500,1.0,1.0,280,-0.23210151814297403,0.7563516711695881,-7.977176189422607,0.0,0.8836496359945158,0.00034320721169933677,0.2384385301277301,0.389136873973555,0.025,0.9976429622620344,0.0023060651202467383,-0.0014158641108513719,2.3940360185294315e-07,1.0446256965224165e-05,4.924256245431025e-06,5.765201150696593e-10,0.0,0.0,0.9125762631850584,0.9667285680770874,0.9991347476840019,0.9999942779541016
120,val::math500::5::d8dded60713b1691::sample3,val::math500::5::d8dded60713b1691,23,3,math500,1.0,1.0,336,-0.19806673189360535,0.5460023996004633,-3.658627510070801,0.0,0.892588624946906,0.0257678534835577,0.18985601089060578,0.324126694813369,0.044642857142857144,0.998636107891798,0.0008634529158023304,-0.0010691572354358757,5.656107306982897e-08,3.863202437059954e-06,1.3254315263111494e-06,3.4586501986029675e-10,0.0,0.0,0.9298280927219561,0.966791570186615,0.999702747024241,0.9999977350234985
120,val::math500::6::e3f65b774eb2dab0::sample0,val::math500::6::e3f65b774eb2dab0,24,0,math500,1.0,1.0,313,-0.12008355143840072,0.38744981046333676,-3.791757822036743,0.0,0.9276688455249935,0.022555917501449585,0.13783196863483488,0.2882878929767709,0.01597444089456869,0.9594190921634436,0.0001827237504291291,-0.0002424542414048078,1.2511827100720462e-07,1.4232673493097536e-05,1.4232673493097536e-05,1.775467246938468e-09,0.0,0.0,0.9457174835684962,0.6636699438095093,0.9996771692467955,0.9994683265686035
120,val::math500::6::e3f65b774eb2dab0::sample1,val::math500::6::e3f65b774eb2dab0,25,1,math500,1.0,1.0,447,-0.18078435611304636,0.5340740745848301,-4.047595024108887,0.0,0.9027510926385788,0.017464324831962585,0.17773115521482444,0.3317690686814641,0.035794183445190156,0.9966362621635199,0.00032281526107817753,-0.000331493862130851,1.3097633621442453e-07,1.453132244932931e-05,1.0982420235450263e-06,5.705179873488932e-10,0.0,0.0,0.9360948958386244,0.9662816524505615,0.9994994621948908,0.9999659657478333
120,val::math500::6::e3f65b774eb2dab0::sample2,val::math500::6::e3f65b774eb2dab0,26,2,math500,1.0,1.0,354,-0.21532252197481203,0.7104587646959628,-7.176122665405273,0.0,0.8979450535276802,0.0007646268350072205,0.2058493594290641,0.38137594329439917,0.03672316384180791,0.821405298425816,-1.0828381303699375e-05,-4.517221516911726e-05,1.197568907127945e-07,3.982744601671584e-06,3.982744601671584e-06,7.314099465593115e-10,0.0,0.0,0.9278230318578623,0.4185163974761963,0.9986802856464171,0.9985185265541077
120,val::math500::6::e3f65b774eb2dab0::sample3,val::math500::6::e3f65b774eb2dab0,27,3,math500,1.0,1.0,327,-0.12905195752126558,0.38244437515077934,-2.695962429046631,0.0,0.9203140238465155,0.06747740507125854,0.1681249861863182,0.32884492426772066,0.01834862385321101,0.8766856854781508,-2.7417650675902192e-05,-0.00018850629641439928,2.2818581682118947e-07,4.1720239096321166e-05,2.8524425488285488e-06,2.636214518346692e-09,0.0,0.0,0.9377518993452054,0.982814371585846,0.9996938158612733,0.9998332262039185
120,val::math500::7::b64d85c8e36aad61::sample0,val::math500::7::b64d85c8e36aad61,28,0,math500,0.0,0.0,761,-0.1284844544528985,0.4689550847350663,-4.2209978103637695,0.0,0.9353207198954365,0.014683986082673073,0.1359401717895255,0.39893467347328476,0.03679369250985545,0.9356498140841722,-0.0001025002817012467,0.00015666941536344155,1.5209092246373372e-07,3.71294045180548e-05,1.0041765563073568e-05,6.104127483037839e-10,0.0,0.0,0.9496219099919053,0.9912806153297424,0.9972951763092923,0.9999123215675354
120,val::math500::7::b64d85c8e36aad61::sample1,val::math500::7::b64d85c8e36aad61,29,1,math500,1.0,1.0,947,-0.09254304992162571,0.43344321596282825,-6.876049995422363,0.0,0.9525579848207991,0.0010322133312001824,0.08097675206792568,0.23461256375327708,0.01689545934530095,0.8139928741729818,5.9791081169590035e-05,-7.952075174021693e-05,7.98094309721042e-07,0.0005060737603344023,1.4281607946031727e-05,4.134752797297501e-09,0.0,0.0,0.9691421223888931,0.8550986647605896,0.9998492813160704,0.9999406337738037
120,val::math500::7::b64d85c8e36aad61::sample2,val::math500::7::b64d85c8e36aad61,30,2,math500,1.0,1.0,714,-0.11010823218173231,0.4376937646442195,-6.092178821563721,0.0,0.9380622169707904,0.0022604784462600946,0.12443244459012959,0.29457879156069994,0.014005602240896359,0.994828574359417,0.0003527677168333967,-0.0003927473071146401,1.0212773291340278e-07,8.939690815168433e-06,2.03336458071135e-06,5.11641201728474e-11,0.0,0.0,0.9531359844514969,0.957606315612793,0.9995979015566722,0.9999967217445374
120,val::math500::7::b64d85c8e36aad61::sample3,val::math500::7::b64d85c8e36aad61,31,3,math500,1.0,1.0,636,-0.08782748468163226,0.3426620406296241,-3.2292213439941406,0.0,0.9497607373251761,0.039588313549757004,0.08933472367150265,0.2549590789494886,0.018867924528301886,0.8441421333700418,0.00017896175499210472,-0.00022513715778304353,1.0609884350209616e-07,9.93959929473931e-06,9.93959929473931e-06,2.957686750679704e-10,0.0,0.0,0.9673817500753222,0.633507251739502,0.9997367721121266,0.9994826912879944
120,val::math500::8::d746154a90ea4a79::sample0,val::math500::8::d746154a90ea4a79,32,0,math500,1.0,1.0,463,-0.0481322329275957,0.21452003699109753,-2.0380547046661377,0.0,0.9678523286565591,0.13028189539909363,0.07011775686882214,0.21016299227005109,0.0064794816414686825,0.9077021284028888,-4.3298315858273453e-05,7.144800207173476e-05,4.3035945529703e-07,0.0001678795670159161,1.0625266213537543e-06,1.6964335354274276e-09,0.0,0.0,0.974792026739656,0.9951512217521667,0.9998865213816418,0.9998459219932556
120,val::math500::8::d746154a90ea4a79::sample1,val::math500::8::d746154a90ea4a79,33,1,math500,1.0,1.0,537,-0.12748628450801416,0.49929892892755656,-5.628640174865723,0.0,0.9333338507705193,0.0035934585612267256,0.13003958765751833,0.29453091966757383,0.020484171322160148,0.9922431465238333,-2.701130951483308e-05,5.307699254447618e-05,5.071829911051648e-06,0.0025679832324385643,9.164130574390583e-07,7.224665470842522e-09,0.0,0.0,0.9516560645076816,0.972584068775177,0.9994724274125623,0.9999826550483704
120,val::math500::8::d746154a90ea4a79::sample2,val::math500::8::d746154a90ea4a79,34,2,math500,0.0,0.0,227,-0.09480617569966285,0.3502130559867978,-3.4591991901397705,0.0,0.9427102650249057,0.031454943120479584,0.12198674686051998,0.30558256010733703,0.01762114537444934,0.9085648383479565,-0.0005645588722563162,0.0004777804351395683,6.6963959120758115e-06,0.001471167546696961,7.88544366514543e-06,1.451216205413585e-07,0.0,0.0,0.9540060259040757,0.8820628523826599,0.9994756009610214,0.998897910118103
120,val::math500::8::d746154a90ea4a79::sample3,val::math500::8::d746154a90ea4a79,35,3,math500,1.0,1.0,405,-0.10813378532459912,0.45395915855021374,-4.635251998901367,0.0,0.9440558988761939,0.009703661315143108,0.10208515760457644,0.2666426020823276,0.019753086419753086,0.9796046847477555,-0.00026950449983919174,5.6838030012333764e-05,1.3038636655067705e-07,1.0861352166102733e-05,4.895018150818942e-07,1.023899199783502e-09,0.0,0.0,0.9614896585911881,0.9705645442008972,0.9997422720179145,0.999984622001648
120,val::math500::9::cd5d9530ec3e4205::sample0,val::math500::9::cd5d9530ec3e4205,36,0,math500,0.0,0.0,1062,-0.3720720961286347,1.0071996696842238,-10.195097923278809,-1.1920928244535389e-07,0.8431423014986519,3.735297650564462e-05,0.3296369892413587,0.5797391132515703,0.07156308851224105,0.6504953165422194,-0.0003135707437278672,0.00028584911800266186,3.2062570614524504e-06,0.0019323440501466393,1.524071103631286e-05,2.0636470715400628e-10,0.0,0.0,0.8899920222168813,0.9713776111602783,0.9930165262994569,0.9998019933700562
120,val::math500::9::cd5d9530ec3e4205::sample1,val::math500::9::cd5d9530ec3e4205,37,1,math500,0.0,0.0,1047,-0.6065203447179544,1.2692636158110226,-11.5278902053833,-1.1920928244535389e-07,0.7531283347987903,9.851466529653408e-06,0.5496579915545892,0.7013694597281174,0.12989493791786055,0.9772148914635181,3.174650838862151e-05,-6.222729389426087e-05,3.287334609377979e-07,3.120184555882588e-05,6.54042423775536e-06,3.8299705181128474e-10,0.0,0.0,0.8313300688719909,0.9999911189079285,0.9847909603214537,0.9999991059303284
120,val::math500::9::cd5d9530ec3e4205::sample2,val::math500::9::cd5d9530ec3e4205,38,2,math500,0.0,0.0,2048,-0.4054632515427562,1.0599453797332001,-12.670108795166016,0.0,0.8324376694301027,3.143704134345171e-06,0.3948474788515297,0.695265424071504,0.08154296875,0.9498812295496464,0.00025331598949347055,-0.00022774589306474705,6.884166989153132e-06,0.0026058123912662268,3.0590203436986485e-07,4.477810453579851e-09,0.0,0.0,0.8819845982870902,0.9999993443489075,0.9873351114947582,0.9999998807907104
120,val::math500::9::cd5d9530ec3e4205::sample3,val::math500::9::cd5d9530ec3e4205,39,3,math500,0.0,0.0,1540,-0.4126995762464935,1.0631602790335803,-10.566576957702637,-1.1920928244535389e-07,0.8259613975929612,2.576285260147415e-05,0.42441299777529723,0.6668204237104828,0.08376623376623377,0.8943244735710323,0.0002856954183174267,-0.00025279540733351565,7.903663284168392e-07,0.0003977633605245501,1.9391003661439754e-05,1.4234830378212727e-09,0.0,0.0,0.8723987522063317,0.9625195264816284,0.9876568470682416,0.9999501705169678
120,val::math500::10::436d6841a02f9cb7::sample0,val::math500::10::436d6841a02f9cb7,40,0,math500,0.0,0.0,928,-0.2976924153793995,0.7074945296951686,-6.537294387817383,0.0,0.8459794521127307,0.0014484020648524165,0.32191832040201024,0.4993033726987487,0.05172413793103448,0.9644834147766232,0.0002608662646202189,-0.00023665165566028756,2.415761102949006e-07,6.332057091640308e-05,2.4637747628730722e-05,1.620773440225266e-10,0.0,0.0,0.8876558854726369,0.9524372220039368,0.9965086600518432,0.9999507665634155
120,val::math500::10::436d6841a02f9cb7::sample1,val::math500::10::436d6841a02f9cb7,41,1,math500,1.0,1.0,522,-0.40306803313102496,1.0410391008470015,-7.888760566711426,0.0,0.8300465826694814,0.00037493399577215314,0.3676198872549173,0.5733330314769146,0.07662835249042145,0.9900041297078133,0.001013276363925834,-0.0005874485140047427,3.6632675682946233e-06,0.0013083979720249772,9.764929700395442e-07,7.200348903986408e-09,0.0,0.0,0.8804532449935131,0.9735572934150696,0.993186965185107,0.9999763369560242
120,val::math500::10::436d6841a02f9cb7::sample2,val::math500::10::436d6841a02f9cb7,42,2,math500,1.0,1.0,383,-0.5336624072653735,1.383583337719618,-16.024547576904297,0.0,0.7909833249446738,1.0980633646795468e-07,0.4829049647389484,0.7165170538643366,0.11488250652741515,0.9650532333180308,-0.0002485260552432562,0.0002542310984423106,4.4610445727822494e-07,2.1444753656396642e-05,4.9409509301767685e-06,4.068867117122003e-09,0.0,0.0,0.8512234158288716,0.9700062274932861,0.9858887344987834,0.9999690055847168
120,val::math500::10::436d6841a02f9cb7::sample3,val::math500::10::436d6841a02f9cb7,43,3,math500,0.0,0.0,786,-0.31427201603939114,0.8862099835901301,-8.876517295837402,0.0,0.8563939934159047,0.00013962961384095252,0.3157470506791268,0.5286933482136448,0.058524173027989825,0.9343698141165078,1.252897664668849e-05,-0.00015234231487755147,4.5673854269682436e-07,6.243485404411331e-05,3.4027598303509876e-05,9.49000258991891e-10,0.0,0.0,0.894302428602869,0.9623868465423584,0.995179579382331,0.999937117099762
120,val::math500::11::9e7a876ff78fb308::sample0,val::math500::11::9e7a876ff78fb308,44,0,math500,0.0,0.0,2005,-0.2013132311675122,0.6145348253471501,-7.334975242614746,0.0,0.8967721456704496,0.0006523200427182019,0.2053506454052043,0.411894272215533,0.03690773067331671,0.9349692985415459,9.51894249159796e-05,-0.00010737878770174179,1.7148257647719074e-06,0.00010889641271205619,6.3705288084747735e-06,3.6921011798740985e-09,0.0,0.0,0.9241975142548506,0.9740154147148132,0.9981157307315646,0.9999926686286926
120,val::math500::11::9e7a876ff78fb308::sample1,val::math500::11::9e7a876ff78fb308,45,1,math500,0.0,0.0,557,-0.32527554685765775,0.8167669036024249,-7.878259658813477,0.0,0.8469431219636914,0.00037889188388362527,0.3071792562626844,0.5188905714722908,0.06463195691202872,0.898681839928031,-0.00025575816906363795,5.764254346314511e-05,2.710428471206855e-07,3.7270387110766023e-05,8.518382514921541e-07,2.008746866511437e-09,0.0,0.0,0.8915925826375746,0.9623579978942871,0.9959306934149518,0.9999658465385437
120,val::math500::11::9e7a876ff78fb308::sample2,val::math500::11::9e7a876ff78fb308,46,2,math500,0.0,0.0,639,-0.38806819997358827,1.0052058807232462,-8.85695743560791,0.0,0.8330155461463421,0.00014238762378226966,0.33185006208846285,0.532556581396377,0.07198748043818466,0.8635289972880855,-0.00015256177482255985,3.393362653999012e-05,1.0023482397648046e-07,6.092038802307798e-06,2.406936800980475e-06,4.388128445427355e-10,0.0,0.0,0.8853023036824705,0.9397369027137756,0.9947539794612938,0.9999762773513794
120,val::math500::11::9e7a876ff78fb308::sample3,val::math500::11::9e7a876ff78fb308,47,3,math500,0.0,0.0,582,-0.4755428000828273,1.0625333123589673,-8.465009689331055,0.0,0.7949234219210707,0.00021071381343062967,0.4246245027848979,0.6328643194598855,0.09106529209621993,0.930762518197298,0.00016593281638988824,-4.605834388954796e-05,5.213147583074712e-07,4.2009021854028106e-05,3.865127951030445e-07,2.238487798650258e-09,0.0,0.0,0.8577282542676451,0.9840283989906311,0.9902823384070315,0.9999710321426392
120,val::math500::12::694dbe3224840a65::sample0,val::math500::12::694dbe3224840a65,48,0,math500,1.0,1.0,414,-0.2082978392575697,0.706989925246138,-6.771297454833984,0.0,0.9020718397858895,0.001146206515841186,0.20115928620645956,0.3853845269220828,0.03140096618357488,0.9391262270510197,0.0004783431957453547,-0.0005297357303332261,5.825236895302908e-07,2.6533849450061098e-05,2.6533849450061098e-05,4.258898929670618e-09,0.0,0.0,0.9285153190870792,0.9635904431343079,0.9986066875826334,0.9993133544921875
120,val::math500::12::694dbe3224840a65::sample1,val::math500::12::694dbe3224840a65,49,1,math500,1.0,1.0,632,-0.09053546939389588,0.44496549475214237,-7.3328328132629395,0.0,0.9507086405809084,0.0006537190638482571,0.10402068238555055,0.2598143435083012,0.00949367088607595,0.9364512331958394,-1.3240535027759854e-05,-5.3735797454189054e-05,2.2129504852726293e-07,2.907480302383192e-05,5.054360826761695e-06,4.581191733227063e-10,0.0,0.0,0.9614170411059374,0.9922706484794617,0.9997037234185617,0.9999178051948547
120,val::math500::12::694dbe3224840a65::sample2,val::math500::12::694dbe3224840a65,50,2,math500,1.0,1.0,633,-0.16405788136273883,0.6586517539630762,-8.242154121398926,0.0,0.92113099266891,0.0002633164112921804,0.15715353454588593,0.35638295777340223,0.02527646129541864,0.9972824398428202,0.0003509210626482728,-0.0004307841863166469,3.1748397427577675e-07,1.0129920156032313e-05,8.033316589717288e-07,-5.230573766022026e-11,0.0,0.0,0.9428260516593053,0.9660903811454773,0.9986833039241568,0.9999473094940186
120,val::math500::12::694dbe3224840a65::sample3,val::math500::12::694dbe3224840a65,51,3,math500,0.0,0.0,573,-0.18543027411019572,0.5532268067186702,-5.396059989929199,0.0,0.9001984367111331,0.004534411244094372,0.1980383490688665,0.37358737489641086,0.03315881326352531,0.9626499670557678,0.000454539765493809,-0.0005242332293240844,2.0208158834967928e-06,0.0006977979210205376,3.6656522297562333e-06,-2.091456815860651e-09,0.0,0.0,0.929091812246341,0.983630895614624,0.9988650595330443,0.9996927976608276
120,val::math500::13::1aa139d1f9a1498d::sample0,val::math500::13::1aa139d1f9a1498d,52,0,math500,1.0,1.0,197,-0.16178579684924776,0.45151233650945866,-3.473123550415039,0.0,0.9050452790511441,0.031019985675811768,0.16987979439977652,0.31530726628417705,0.025380710659898477,0.8886323724873364,0.0003631756262948053,-7.821925936630989e-05,3.475374225102083e-07,1.5202793292701244e-05,1.2533355402410962e-05,6.935230584010734e-09,0.0,0.0,0.9313918376332007,0.8503419160842896,0.9997832838653913,0.9999178051948547
120,val::math500::13::1aa139d1f9a1498d::sample1,val::math500::13::1aa139d1f9a1498d,53,1,math500,1.0,1.0,236,-0.1787925677498585,0.5191068038191695,-3.372731924057007,0.0,0.9031519993381986,0.03429581597447395,0.17844824880409216,0.35692844059167045,0.038135593220338986,0.7584840862546116,-0.0009019064902706733,0.0003928721163136889,4.281233745507019e-07,7.528947753598914e-05,2.1310227111825952e-06,7.434373207133174e-09,0.0,0.0,0.9303075158495014,0.8320120573043823,0.9994175961967242,0.9997248649597168
120,val::math500::13::1aa139d1f9a1498d::sample2,val::math500::13::1aa139d1f9a1498d,54,2,math500,1.0,1.0,187,-0.10771370174399314,0.4418089629604453,-4.884708404541016,0.0,0.93884730766363,0.007561327889561653,0.12514168920337765,0.25416955015990034,0.016042780748663103,0.9151241928921081,-0.0003147054329442807,-0.0005867280616019646,5.416674853188327e-07,2.8353222660371102e-05,2.8353222660371102e-05,1.2354698412031504e-08,0.0,0.0,0.9536430756038523,0.9086729288101196,0.9998435884873498,0.9999269843101501
120,val::math500::13::1aa139d1f9a1498d::sample3,val::math500::13::1aa139d1f9a1498d,55,3,math500,1.0,1.0,308,-0.11221506931688607,0.4412851494382726,-5.754204273223877,0.0,0.9359725042792073,0.0031694278586655855,0.12741160532933088,0.28703668024356493,0.012987012987012988,0.968583457171917,0.00018416412857917542,-0.00010855052599721815,3.509321788428835e-07,6.648900307482108e-05,4.377824097900884e-06,1.7177453857114241e-09,0.0,0.0,0.9510765775264084,0.9738883972167969,0.9997564132337446,0.9999957084655762
120,val::math500::14::79d0db7102756483::sample0,val::math500::14::79d0db7102756483,56,0,math500,0.0,0.0,382,-0.4233329887428554,0.9568359095238967,-7.048519611358643,0.0,0.8077346804237581,0.0008686941000632942,0.39688870095524553,0.5459316979784615,0.08376963350785341,0.8171158485056367,-0.001212054714523632,0.00035692061053411333,9.391854691238135e-06,0.003206662368029356,4.009195436083246e-06,1.332694206826996e-07,0.0,0.0,0.8650325934612314,0.9494045376777649,0.9945450226985971,0.9998126029968262
120,val::math500::14::79d0db7102756483::sample1,val::math500::14::79d0db7102756483,57,1,math500,0.0,0.0,256,-0.21531407541516379,0.5152073397455681,-4.390866279602051,0.0,0.8739162668789504,0.01238999143242836,0.2582104297422113,0.42883187328223227,0.03125,0.9714701911434531,0.001072314331867706,-0.0016583517690129084,1.1650733420923059e-07,5.653888365486637e-06,7.551288945251144e-07,3.8760770835010493e-10,0.0,0.0,0.9018457436468452,0.9666900038719177,0.9988075094297528,0.9999895095825195
120,val::math500::14::79d0db7102756483::sample2,val::math500::14::79d0db7102756483,58,2,math500,0.0,0.0,183,-0.20724530552545894,0.4768444557692404,-3.8601908683776855,-1.1920928244535389e-07,0.872148745108009,0.02106397971510887,0.28635278555591126,0.4524972644589399,0.01639344262295082,0.9315797076560557,0.0009281377446927235,-0.0013595842704083082,2.473325688256011e-07,8.373119271709584e-06,1.4590541468351148e-06,2.4454140132015393e-09,0.0,0.0,0.8923841695316502,0.9997775554656982,0.9986392090229389,0.9999183416366577
120,val::math500::14::79d0db7102756483::sample3,val::math500::14::79d0db7102756483,59,3,math500,0.0,0.0,575,-0.3052557868623851,0.7285644760964464,-5.062251091003418,0.0,0.8505494075786808,0.006331291049718857,0.29335043780796716,0.49675326694413946,0.07304347826086957,0.9553139014169574,0.0005491971286731124,-0.0004145266063738046,3.5566013490304084e-07,2.7871936254086904e-05,2.4227963876910508e-05,8.872436631227262e-10,0.0,0.0,0.8939236708309339,0.9970011115074158,0.9961437826571258,0.9991673827171326
120,val::math500::15::63d1d4b8890b1ac0::sample0,val::math500::15::63d1d4b8890b1ac0,60,0,math500,0.0,0.0,909,-0.09424482447233067,0.35089491931258315,-3.651340961456299,0.0,0.9436226636724602,0.025956301018595695,0.10847509658407682,0.25376551251116913,0.015401540154015401,0.9559686928987503,7.35113849706135e-05,-8.355480667502454e-05,6.897041473834771e-07,0.000148832390550524,5.2235488823271226e-08,2.5800647548150565e-09,0.0,0.0,0.9581993140927767,0.9524151682853699,0.9998432645703307,0.9999412894248962
120,val::math500::15::63d1d4b8890b1ac0::sample1,val::math500::15::63d1d4b8890b1ac0,61,1,math500,0.0,0.0,711,-0.2656912381555155,0.7652794079181797,-7.376347064971924,0.0,0.8778285222620383,0.0006258830544538796,0.24575117677826744,0.4902072951935664,0.06188466947960619,0.8731463719741441,-0.0006000026929056793,0.0004709248031762078,6.783895270940751e-07,0.00017943627608474344,1.964252078323625e-06,1.6782261604949983e-09,0.0,0.0,0.9109227418082173,0.8163605332374573,0.9959054260649594,0.9999542832374573
120,val::math500::15::63d1d4b8890b1ac0::sample2,val::math500::15::63d1d4b8890b1ac0,62,2,math500,0.0,0.0,596,-0.3455425849943978,0.9584254329529833,-12.216876029968262,0.0,0.8521684722168716,4.9462737479188945e-06,0.3048488779284436,0.5817834694189933,0.08389261744966443,0.9987693559378386,-0.0006735425384952633,0.00045730483725284644,3.721340122958645e-07,2.7522641175892204e-05,8.603663445683196e-06,2.6851290947240927e-09,0.0,0.0,0.8854301194691618,0.9624025821685791,0.9933471361662718,0.9999185800552368
120,val::math500::15::63d1d4b8890b1ac0::sample3,val::math500::15::63d1d4b8890b1ac0,63,3,math500,0.0,0.0,489,-0.28734714860991095,0.7055747888059365,-5.227872848510742,-2.3841855067985307e-07,0.8599197955636387,0.005364925134927034,0.3159987231975861,0.5977819915517665,0.08588957055214724,0.998256504535675,-0.00043985732679786507,0.0006719862222254424,5.083938589434654e-07,8.258757588919252e-05,1.1934061149077024e-05,3.9723456598131465e-09,0.0,0.0,0.8839903922869627,0.9766625761985779,0.9929390759312058,0.999876081943512
120,val::math500::16::e0aa8976db49ccab::sample0,val::math500::16::e0aa8976db49ccab,64,0,math500,1.0,1.0,269,-0.2076310030792545,0.6182321011988733,-4.69050931930542,0.0,0.8948417727984349,0.009182007983326912,0.212967237827498,0.39836672769370096,0.03717472118959108,0.9847426172345877,0.0010909826192359569,-0.0009278668659545598,8.353959661941047e-08,4.4925191104994155e-06,1.2499712056524004e-06,5.886584525851322e-10,0.0,0.0,0.9260078109108383,0.9705526828765869,0.9989421786428827,0.9999861717224121
120,val::math500::16::e0aa8976db49ccab::sample1,val::math500::16::e0aa8976db49ccab,65,1,math500,1.0,1.0,331,-0.22984125805819927,0.6033183298381025,-4.3778462409973145,0.0,0.8775829624671635,0.012552364729344845,0.253201733034655,0.4390979509726326,0.03927492447129909,0.8869952319655567,0.0010283325660654886,-0.0012308682968590143,8.901151591977016e-07,0.00026185321621596813,1.7495013935331372e-06,1.3309170176250261e-08,0.0,0.0,0.9116248127376925,0.9938392043113708,0.9979854292739915,0.9998376965522766
120,val::math500::16::e0aa8976db49ccab::sample2,val::math500::16::e0aa8976db49ccab,66,2,math500,1.0,1.0,314,-0.21837318087089352,0.5739703114291064,-3.6987032890319824,0.0,0.8848985550260753,0.024755606427788734,0.22317557420487885,0.4249098445848261,0.03503184713375796,0.9978675451129675,0.00117514859616536,-0.001356789629379147,6.696642223041833e-08,3.545219442457892e-06,2.326042931599659e-06,4.854681364813974e-10,0.0,0.0,0.91693203046823,0.966724157333374,0.9986676002383992,0.9999853372573853
120,val::math500::16::e0aa8976db49ccab::sample3,val::math500::16::e0aa8976db49ccab,67,3,math500,1.0,1.0,286,-0.10799920068756491,0.36714169829371024,-3.300107717514038,0.0,0.9348707035757028,0.036879196763038635,0.14199054516485735,0.31817716217812336,0.013986013986013986,0.9977553952485323,0.0006441694431492228,-0.0008421196114679867,1.107176058948751e-07,9.799854524317198e-06,1.59872990934673e-06,6.506376118952794e-10,0.0,0.0,0.9506008510406201,0.9667636156082153,0.999434980062338,0.9999883770942688
120,val::math500::17::2d8274195f73ed9c::sample0,val::math500::17::2d8274195f73ed9c,68,0,math500,0.0,0.0,522,-0.2650858598439526,0.7699118504988715,-7.3433122634887695,0.0,0.8728380171653245,0.000646904285531491,0.2909583063219186,0.518757095802773,0.05747126436781609,0.9372262265533209,0.00037888941963889095,-0.0006521425505228074,1.32758275712777e-06,0.0001992030447581783,0.0001992030447581783,8.860756066814277e-09,0.0,0.0,0.9064317298232367,0.9790372252464294,0.9946871927414818,0.9996961951255798
120,val::math500::17::2d8274195f73ed9c::sample1,val::math500::17::2d8274195f73ed9c,69,1,math500,1.0,1.0,747,-0.4005815267767364,0.8501732983005078,-6.876048564910889,0.0,0.8046752204266071,0.0010322147281840444,0.41954546928505165,0.556814144393438,0.07630522088353414,0.8979987967759371,0.00018640123712559102,-0.00034033304478369304,1.059027559205158e-06,0.00037991878343746066,1.98399646933467e-07,2.9535118624359225e-09,0.0,0.0,0.8589190349002759,0.9146331548690796,0.9944339133649466,0.9998783469200134
120,val::math500::17::2d8274195f73ed9c::sample2,val::math500::17::2d8274195f73ed9c,70,2,math500,0.0,0.0,2048,-4.475119740499233,4.408824111566389,-17.121994018554688,-5.960462772236497e-07,0.3560741339640452,3.664480985321461e-08,4.419448627230843,3.797653492404162,0.5732421875,0.00517112409476006,-0.005299403213106031,0.0053140594897285835,0.0006953430394119229,0.05242716521024704,0.0011017053620889783,1.1961224924239592e-06,0.0,0.00048828125,0.4181175570417963,0.031205974519252777,0.5599592255557582,0.10155554115772247
120,val::math500::17::2d8274195f73ed9c::sample3,val::math500::17::2d8274195f73ed9c,71,3,math500,0.0,0.0,1126,-1.2767350567413884,2.278462769388605,-17.122011184692383,-1.1920928244535389e-07,0.6253920904226787,3.664418102289346e-08,1.1965249377744613,1.435316700008747,0.24156305506216696,0.33415135535688023,-0.0023106485594132655,0.0021572237477905497,0.0001522616259189729,0.14251405000686646,1.3691155800188426e-06,7.715327933098904e-07,0.0008880994671403197,0.0008880994671403197,0.7203976256445341,0.41630154848098755,0.9216957052981027,0.9704043865203857
120,val::math500::18::c7d731882930870c::sample0,val::math500::18::c7d731882930870c,72,0,math500,0.0,0.0,1039,-0.17217891656290982,0.4943580904915348,-4.625410079956055,0.0,0.9009042914913783,0.009799635969102383,0.21862882357378638,0.4156122264911206,0.023099133782483156,0.9929500836879015,0.0002270863282436673,-0.00024353473368929248,3.992947241558498e-07,9.250118455383927e-05,9.250118455383927e-05,1.459492738909263e-09,0.0,0.0,0.9214541553963367,0.9624348282814026,0.9982383861578463,0.999935507774353
120,val::math500::18::c7d731882930870c::sample1,val::math500::18::c7d731882930870c,73,1,math500,1.0,1.0,646,-0.7724397297050108,1.5806943141872645,-13.760479927062988,0.0,0.7229941045353211,1.056572955349111e-06,0.6971343214870179,0.9235671203120775,0.15944272445820434,0.9305673725903034,0.00034685257497249033,-0.0003246166482480565,3.2563108513515167e-06,0.0009979039896279573,4.2894334910670295e-06,1.5971288496552694e-08,0.0,0.0,0.7999850854554412,0.9542253017425537,0.9686046301303634,0.9990324378013611
120,val::math500::18::c7d731882930870c::sample2,val::math500::18::c7d731882930870c,74,2,math500,0.0,0.0,404,-0.2597280363169825,0.5688456019978843,-3.9825093746185303,0.0,0.849798704423748,0.01863880828022957,0.3142879938210614,0.4427585224401971,0.04455445544554455,0.9541475027799606,0.0005090898314698665,-0.000729657313828659,1.116175969907184e-06,0.00034425948979333043,1.2561433777591446e-06,9.030022897889167e-09,0.0,0.0,0.8837167010227642,0.4904339611530304,0.998055389021883,0.9999661445617676
120,val::math500::18::c7d731882930870c::sample3,val::math500::18::c7d731882930870c,75,3,math500,1.0,1.0,504,-0.44333627197121633,1.0285308128881008,-13.447122573852539,0.0,0.7944905224361349,1.4454027450483409e-06,0.43733631801294603,0.6078003451951306,0.09325396825396826,0.8752468060702085,0.0008892907120771037,-0.0008391072422571056,5.728157532175214e-07,4.1087572753895074e-05,4.2593414946168195e-06,1.8245174482703122e-09,0.0,0.0,0.8466290945985487,0.8627367615699768,0.9922502837956898,0.9981788992881775
120,val::math500::19::bc0d44d3d5575105::sample0,val::math500::19::bc0d44d3d5575105,76,0,math500,0.0,0.0,693,-0.2915274102740081,0.7752167257466425,-6.287445068359375,0.0,0.865426728594645,0.0018595047295093536,0.2641581939529458,0.5008412263886531,0.06926406926406926,0.8536464693024755,-0.0005632840245798393,0.0004582704896765114,3.229768736111735e-07,2.9253418688313104e-05,4.773190084961243e-06,1.7144039999428603e-09,0.0,0.0,0.9032221876977155,0.7768597602844238,0.9950658853607949,0.9998977780342102
120,val::math500::19::bc0d44d3d5575105::sample1,val::math500::19::bc0d44d3d5575105,77,1,math500,0.0,0.0,953,-0.26324586814484446,0.6706497220009147,-6.0462117195129395,0.0,0.8660136567028522,0.0023668112698942423,0.2666647218893663,0.45125959115033837,0.053515215110178385,0.9237443194724619,-2.2695740978855583e-05,-2.797254834171048e-05,1.0988861830596458e-07,1.2528336810646579e-05,1.2528336810646579e-05,-2.2116448206538768e-11,0.0,0.0,0.9055792422259592,0.70467609167099,0.9975963516975875,0.9999389052391052
120,val::math500::19::bc0d44d3d5575105::sample2,val::math500::19::bc0d44d3d5575105,78,2,math500,0.0,0.0,2048,-0.22005753810872247,0.6952402081295005,-8.246847152709961,0.0,0.8967600800568363,0.0002620835730340332,0.22894426262237916,0.49891993371289545,0.04443359375,0.9430029408540577,9.42868804608074e-05,-8.915692731467372e-05,1.6212973860217432e-06,8.480941323796287e-05,6.204961391631514e-05,1.3192333208644624e-09,0.0,0.0,0.9241504787387385,0.9999239444732666,0.9951694095798302,0.9999979734420776
120,val::math500::19::bc0d44d3d5575105::sample3,val::math500::19::bc0d44d3d5575105,79,3,math500,1.0,1.0,960,-0.3286542279436704,0.7996823396664963,-7.805547714233398,0.0,0.8410744871372723,0.00040746814920566976,0.322413908827506,0.5154201724492739,0.06145833333333333,0.8207696629688144,3.242664147160165e-05,3.88062348798142e-05,1.80879962587663e-07,2.2827560314908624e-05,6.699434379697777e-06,2.426386972242435e-10,0.0,0.0,0.8864734068668138,0.7977278828620911,0.996057145918409,0.9999275803565979
120,val::math500::20::3df80308e3f022b6::sample0,val::math500::20::3df80308e3f022b6,80,0,math500,1.0,1.0,278,-0.16424350269786278,0.48009952534183564,-5.593154430389404,0.0,0.9012235410322215,0.0037232644390314817,0.20112470662908966,0.36336211824693365,0.01079136690647482,0.9243137966841459,0.00043780100491758303,-0.000596523494257008,1.7691906868414516e-07,1.349038393527735e-05,1.6099540971481474e-06,2.5115895695769087e-09,0.0,0.0,0.919922860299083,0.9735512137413025,0.9993425579808599,0.9998759031295776
120,val::math500::20::3df80308e3f022b6::sample1,val::math500::20::3df80308e3f022b6,81,1,math500,1.0,1.0,236,-0.19185494896588112,0.4921230771450171,-3.1218576431274414,0.0,0.8900058214094931,0.044075217097997665,0.20463213054214188,0.36633238566327636,0.029661016949152543,0.9722060486674309,0.000530839849844463,-0.0004500544971670972,1.0791849374106698e-07,3.7266177059791517e-06,1.9361168597242795e-06,1.4188779140034513e-09,0.0,0.0,0.9233901841660678,0.9706141352653503,0.9990735634908838,0.9999919533729553
120,val::math500::20::3df80308e3f022b6::sample2,val::math500::20::3df80308e3f022b6,82,2,math500,1.0,1.0,269,-0.14907471679806325,0.3470097005608624,-2.242072582244873,0.0,0.8997283199296565,0.10623808950185776,0.21174169569282136,0.37023079518691776,0.007434944237918215,0.9400351126678288,0.0004916647556269981,-0.0007652507509907092,8.104316748010619e-08,6.30555177849601e-06,1.4593520063499454e-06,9.184398024577146e-10,0.0,0.0,0.9191780313018529,0.9999819993972778,0.999177454572628,0.999996542930603
120,val::math500::20::3df80308e3f022b6::sample3,val::math500::20::3df80308e3f022b6,83,3,math500,1.0,1.0,274,-0.21462850227726085,0.6467844724914275,-6.055877685546875,0.0,0.8919054026559105,0.0023440439254045486,0.1911417134986864,0.35341277477453137,0.0364963503649635,0.9760619774460793,0.00045989044549507927,-0.000996056594853402,7.719739652182545e-08,5.037528353568632e-06,1.8187702153227292e-06,6.532168406342595e-10,0.0,0.0,0.9279430411810422,0.9705914855003357,0.9995877914620142,0.9999875426292419
120,val::math500::21::47139315ca038099::sample0,val::math500::21::47139315ca038099,84,0,math500,0.0,0.0,816,-0.15598176095478491,0.5780156293628149,-7.2096476554870605,0.0,0.9247330194842767,0.000739417620934546,0.16430550433893987,0.420551849169061,0.03431372549019608,0.9639916978776455,2.8882446030895787e-05,-6.265302770882109e-05,2.24397025401102e-07,9.876160220301244e-06,7.268742052701782e-08,4.031124809184803e-10,0.0,0.0,0.94065069576141,0.9397916197776794,0.9961142980438822,0.9999609589576721
120,val::math500::21::47139315ca038099::sample1,val::math500::21::47139315ca038099,85,1,math500,0.0,0.0,651,-0.3432269721172522,0.8509157276724549,-9.226887702941895,0.0,0.8335441017698254,9.83588834060356e-05,0.3421514246944572,0.5020584933832924,0.059907834101382486,0.7159191561731859,4.473755763772627e-05,-2.3724212666398745e-05,2.983538683935708e-07,5.9311405493645e-05,4.480367806536378e-06,1.0167509785643861e-09,0.0,0.0,0.8785629271545351,0.7292013168334961,0.996697843898826,0.999859094619751
120,val::math500::21::47139315ca038099::sample2,val::math500::21::47139315ca038099,86,2,math500,0.0,0.0,1050,-0.14085193796648987,0.5854713570608239,-8.87536334991455,0.0,0.9316997086101522,0.00013979081995785236,0.1323706677028629,0.31711206414916343,0.02,0.9652056694030762,-1.159695357348212e-05,-1.6870954325721457e-07,1.274572293624019e-06,0.0003420450957491994,1.0277933597535593e-06,1.884351631156437e-09,0.0,0.0,0.9528539124840781,0.962620198726654,0.9993732673213596,0.9999908208847046
120,val::math500::21::47139315ca038099::sample3,val::math500::21::47139315ca038099,87,3,math500,0.0,0.0,921,-0.20372981317089253,0.5747327221059207,-4.332380771636963,0.0,0.8935971257097849,0.013136235997080803,0.2147538877900724,0.43135246770222396,0.04125950054288816,0.9380455473437905,0.00020679984606353574,-0.00020144279359120336,4.5923129844549064e-07,4.379271558718756e-05,3.1655458769819234e-06,2.067187220813453e-10,0.0,0.0,0.9247773844631435,0.9625350832939148,0.9975192623858085,0.9999707937240601
120,val::math500::22::712f9feff9344745::sample0,val::math500::22::712f9feff9344745,88,0,math500,0.0,0.0,2048,-0.22521950602284235,0.8773097431962306,-16.19568634033203,0.0,0.9086210150580023,9.25343073276963e-08,0.21810548643624883,0.5083483701395114,0.0390625,0.9999695681035519,0.00015556831935446548,-0.00014527747452658973,7.407722045170831e-06,0.0007406985969282687,9.14629594284122e-10,1.2566792193678483e-08,0.0,0.0,0.9326782375428593,0.9999984502792358,0.9946025982790161,0.9999998807907104
120,val::math500::22::712f9feff9344745::sample1,val::math500::22::712f9feff9344745,89,1,math500,1.0,1.0,837,-0.16176345981711374,0.6004315097768805,-7.5509419441223145,0.0,0.9182375233804416,0.0005256147705949843,0.17415860213732703,0.37255262339754613,0.026284348864994027,0.9513047030195594,0.0003808441675716795,-0.00037735383856182553,2.0476982209800678e-07,3.762350752367638e-05,1.6045188431235147e-06,-1.2054501714509226e-10,0.0,0.0,0.9386825975978673,0.970264196395874,0.9986138666402482,0.9999827146530151
120,val::math500::22::712f9feff9344745::sample2,val::math500::22::712f9feff9344745,90,2,math500,0.0,0.0,761,-0.1268758625403184,0.43320407069486483,-5.007443428039551,0.0,0.9278806868381309,0.006687979679554701,0.15025383656396407,0.34460617014673617,0.018396846254927726,0.9043314731679857,0.00013687767218760756,-0.00020648808187415235,9.962761899526618e-08,8.939656254369766e-06,1.8398653764961637e-06,4.321833313897051e-10,0.0,0.0,0.9455845436661379,0.8139808773994446,0.9991585703153021,0.999891459941864
120,val::math500::22::712f9feff9344745::sample3,val::math500::22::712f9feff9344745,91,3,math500,0.0,0.0,429,-0.40758705759375147,1.157242172534741,-10.908524513244629,-3.576278118089249e-07,0.8382376717059501,1.8301556337974034e-05,0.3718305569172602,0.6338710395844419,0.09090909090909091,0.8158246063394472,0.0022917373331202344,-0.0012901188277764056,2.2039367378666802e-06,0.000148762424942106,3.5388452488405164e-06,-2.438034050550036e-09,0.0,0.0,0.8837132114213664,0.8920707702636719,0.9904705301309243,0.9999054670333862
120,val::math500::23::b0dac61211aa35f0::sample0,val::math500::23::b0dac61211aa35f0,92,0,math500,1.0,1.0,482,-0.09765046917322065,0.3560468022615583,-2.9416089057922363,0.0,0.9417606060744815,0.05278073996305466,0.10638794714552076,0.2561050873419589,0.012448132780082987,0.9473195602186024,0.0002685985650448019,-0.00027037095664839405,1.5245492827374662e-07,4.793967309524305e-05,5.543709562516597e-07,1.245983953083386e-09,0.0,0.0,0.9569639152387366,0.8832190632820129,0.9998828713082674,0.9996774792671204
120,val::math500::23::b0dac61211aa35f0::sample1,val::math500::23::b0dac61211aa35f0,93,1,math500,1.0,1.0,457,-0.1031265292085639,0.5150426316433397,-7.37575101852417,0.0,0.9480638579388773,0.0006262561655603349,0.09312577792446004,0.2372894679032759,0.015317286652078774,0.89018882997334,9.439243900445814e-05,-0.00017907735748378209,1.0317351188080085e-07,3.164237205055542e-05,4.99153998134716e-07,1.0357315652301948e-09,0.0,0.0,0.9618624417474024,0.6193400025367737,0.9999153006259409,0.9981690645217896
120,val::math500::23::b0dac61211aa35f0::sample2,val::math500::23::b0dac61211aa35f0,94,2,math500,1.0,1.0,561,-0.11704919230983375,0.445903255205489,-5.180574893951416,0.0,0.935399423383256,0.005624772049486637,0.1255699376518968,0.2954760082321583,0.0196078431372549,0.9710466619580984,4.687342129183834e-05,4.599292993731155e-06,1.0352159316081513e-07,1.6700920241419226e-05,1.8334397111630096e-07,6.554062197790261e-10,0.0,0.0,0.9515665140328348,0.9577656388282776,0.9996240739303902,0.99992835521698
120,val::math500::23::b0dac61211aa35f0::sample3,val::math500::23::b0dac61211aa35f0,95,3,math500,1.0,1.0,437,-0.18121505592862894,0.5464387527186947,-6.007727146148682,0.0,0.9010477551840911,0.0024596722796559334,0.19008241026438483,0.3562273493229766,0.029748283752860413,0.8366394499316812,-0.0002305838336171984,0.00023032146785163102,1.1020030730732479e-07,1.5213120605039876e-05,5.400429472501855e-06,-1.3569979777901703e-11,0.0,0.0,0.9272872888114414,0.9959757924079895,0.9994828684651879,0.9996671080589294
120,val::math500::24::29e3258744efc95c::sample0,val::math500::24::29e3258744efc95c,96,0,math500,0.0,0.0,401,-0.16712199012309245,0.5039403728374109,-3.749662399291992,0.0,0.9097838162391114,0.02352568879723549,0.1717951601917309,0.34468321061335616,0.02743142144638404,0.9076848505064845,0.0003696007953626588,-0.0001793365855908202,7.988641204178358e-08,4.139614247833379e-06,1.2831021649617469e-06,4.36796275458095e-10,0.0,0.0,0.9384827709703374,0.9962770938873291,0.9992686536841262,0.999926745891571
120,val::math500::24::29e3258744efc95c::sample1,val::math500::24::29e3258744efc95c,97,1,math500,0.0,0.0,514,-0.140831578515428,0.5751566159259137,-6.392381191253662,0.0,0.9280113892492491,0.0016742647858336568,0.15323153993473632,0.31468718447946836,0.017509727626459144,0.9374598592985421,0.0003060476930922275,-0.00014767481600558521,2.004091650756253e-07,2.1146783183212392e-05,4.889958290732466e-06,1.4518149850114862e-09,0.0,0.0,0.9454309715371187,0.8471932411193848,0.99949243490798,0.9994456171989441
120,val::math500::24::29e3258744efc95c::sample2,val::math500::24::29e3258744efc95c,98,2,math500,0.0,0.0,475,-0.2690176858183159,0.709439143644193,-4.865641117095947,0.0,0.8693805689345064,0.007706885226070881,0.26868791285897103,0.4655845383442132,0.05894736842105263,0.8675207234919071,-4.561936223420187e-05,-0.00020629341195761396,2.3084618733651313e-07,4.9932303227251396e-05,5.828185294376453e-06,1.4730939746536636e-09,0.0,0.0,0.9016844233086234,0.9485648274421692,0.997833710846148,0.9994845986366272
120,val::math500::24::29e3258744efc95c::sample3,val::math500::24::29e3258744efc95c,99,3,math500,0.0,0.0,565,-0.2839071549426058,0.7421596866836195,-5.703160285949707,0.0,0.867410140156136,0.003335407702252269,0.2663069847304463,0.505695300712102,0.07079646017699115,0.782091598957777,-0.00021570501835236694,0.0002635366410154477,3.2283580377336196e-07,2.6275689378962852e-05,4.0339770635000605e-07,1.1207376061983618e-09,0.0,0.0,0.9045540510157568,0.9647923111915588,0.9940899704409911,0.9999179244041443
120,val::math500::25::4f2f6cb4d4223ec2::sample0,val::math500::25::4f2f6cb4d4223ec2,100,0,math500,1.0,1.0,886,-0.12108307404408179,0.4515115634092871,-4.647200107574463,0.0,0.9342179393635445,0.009588411077857018,0.1347872832623622,0.33184522819209555,0.020316027088036117,0.9690482625737786,4.6034154652607005e-05,-2.202145502691558e-05,1.0127433373461401e-07,3.826683314400725e-05,1.3899242503612186e-06,3.5516281353867483e-10,0.0,0.0,0.9494077787980538,0.9524086713790894,0.9993923706744648,0.9999734163284302
120,val::math500::25::4f2f6cb4d4223ec2::sample1,val::math500::25::4f2f6cb4d4223ec2,101,1,math500,0.0,0.0,867,-0.1271132306792989,0.5190115096379323,-8.90860366821289,0.0,0.9336529359985443,0.00013522051449399441,0.12719134068539914,0.30204075667338315,0.02191464821222607,0.9382472969591618,0.00015264962714433558,-0.00010056824258743877,8.13232126080626e-08,6.143966402305523e-06,2.420153123239288e-06,8.294684348405057e-11,0.0,0.0,0.9513420826973524,0.7358865141868591,0.9994560307559945,0.9998599886894226
120,val::math500::25::4f2f6cb4d4223ec2::sample2,val::math500::25::4f2f6cb4d4223ec2,102,2,math500,0.0,0.0,968,-0.10760927960520796,0.35734518505826396,-3.048602819442749,0.0,0.9347200597182286,0.04742513969540596,0.1312638726780635,0.31421965872235774,0.012396694214876033,0.9295256827026606,5.7114544329473906e-05,-7.11018978447795e-05,1.0538290490476431e-07,4.495012944971677e-06,1.9103276827081572e-06,2.0813400062902447e-10,0.0,0.0,0.9503977827974095,0.7939490079879761,0.9995077975894794,0.9997843503952026
120,val::math500::25::4f2f6cb4d4223ec2::sample3,val::math500::25::4f2f6cb4d4223ec2,103,3,math500,0.0,0.0,858,-0.15139771963393675,0.5169560666444111,-5.31629753112793,0.0,0.9212047569231198,0.004910902585834265,0.14016723743248033,0.30932452888139017,0.029137529137529136,0.8421336691826582,0.0002670783585253513,-0.00012461143470314864,2.695549751764222e-07,5.4477266530739143e-05,8.888700904208235e-06,1.2294913879291277e-09,0.0,0.0,0.9477663990153578,0.8242928385734558,0.9993954908041965,0.9995341897010803
120,val::math500::26::7f269eada4e5b30d::sample0,val::math500::26::7f269eada4e5b30d,104,0,math500,0.0,0.0,561,-0.38038776041049843,0.9298223690568723,-9.132615089416504,0.0,0.8253285030066264,0.00010808257502503693,0.3781277624776497,0.5503334270104433,0.07308377896613191,0.9468935932964087,0.0008694201267867445,-0.000845922754757832,2.1095630997623714e-07,5.770618736278266e-05,1.0362427929067053e-06,6.394072225502317e-10,0.0,0.0,0.8715774074807736,0.9705333709716797,0.9948412756868862,0.9999767541885376
120,val::math500::26::7f269eada4e5b30d::sample1,val::math500::26::7f269eada4e5b30d,105,1,math500,1.0,1.0,786,-0.5510576051445744,1.0869304945677924,-9.739986419677734,-3.576278118089249e-07,0.7502810390537993,5.8881334553007036e-05,0.5384040101991105,0.6127326515715356,0.11068702290076336,0.9330799328163266,0.00023993240058508482,-0.00016267315440860077,2.0383358718792538e-07,1.5939078366500326e-05,3.5242014746472705e-06,3.61146841480245e-10,0.0,0.0,0.8227584318046958,0.888378918170929,0.9906276399246002,0.999945878982544
120,val::math500::26::7f269eada4e5b30d::sample2,val::math500::26::7f269eada4e5b30d,106,2,math500,0.0,0.0,477,-0.39742687733276916,0.88951567826323,-7.269108295440674,0.0,0.8100566087591812,0.0006967330700717866,0.3867452972452536,0.57117805627709,0.08385744234800839,0.8868107157759368,0.001123698110405284,-0.0008601744630205956,2.4561814665204527e-07,7.238668331410736e-05,2.0524594219750725e-06,3.717771341102159e-11,0.0,0.0,0.8679316250033349,0.9665991067886353,0.9945627330983959,0.9999622106552124
120,val::math500::26::7f269eada4e5b30d::sample3,val::math500::26::7f269eada4e5b30d,107,3,math500,0.0,0.0,677,-0.31162351922766607,0.8874690209282563,-10.437565803527832,0.0,0.852243833768589,2.9310469471965916e-05,0.31865464442471314,0.5048624619770569,0.05760709010339734,0.9358452009037137,0.0007406486714838669,-0.0005642640849649642,2.163752300215823e-07,2.494243744877167e-05,1.4163192645355593e-06,5.125882492661855e-10,0.0,0.0,0.8904781712871183,0.9704946279525757,0.9958546080652685,0.9999750852584839
120,val::math500::27::69040b81cefdaccc::sample0,val::math500::27::69040b81cefdaccc,108,0,math500,1.0,1.0,285,-0.14143306493460972,0.4186455906233609,-2.823401927947998,0.0,0.9165330797303142,0.05940351262688637,0.1719701815447898,0.3472169874136114,0.02456140350877193,0.8858858499443159,0.00014574164472583098,-0.0005353598729780583,2.0119182784313943e-07,8.20954028313281e-06,6.637309525103774e-06,6.451436758226345e-10,0.0,0.0,0.9370692110898202,0.6155102849006653,0.9995014383081804,0.9988752603530884
120,val::math500::27::69040b81cefdaccc::sample1,val::math500::27::69040b81cefdaccc,109,1,math500,1.0,1.0,372,-0.18567427431255132,0.5674491194362454,-4.141371250152588,0.0,0.9057026131389042,0.015901030972599983,0.17456823820843853,0.364017856750318,0.04032258064516129,0.8752152889501303,0.0006360734933316402,-0.0006027683239871424,2.873737680562387e-07,2.9591839847853407e-05,4.88364548800746e-07,-8.373668382956314e-10,0.0,0.0,0.9372152181402329,0.9683098196983337,0.9988168098272816,0.9999827742576599
120,val::math500::27::69040b81cefdaccc::sample2,val::math500::27::69040b81cefdaccc,110,2,math500,1.0,1.0,505,-0.1441140024778753,0.4591635433228003,-4.056584358215332,0.0,0.9195599159539336,0.017308037728071213,0.15319346257809838,0.32961630375178014,0.023762376237623763,0.9579560039564967,0.0005940279244136277,-0.0004691550777707457,1.200942752732125e-07,2.864170710381586e-05,4.2954036416631425e-07,1.2418533982515274e-10,0.0,0.0,0.9442757227633259,0.9650745987892151,0.9995413906503432,0.9999847412109375
120,val::math500::27::69040b81cefdaccc::sample3,val::math500::27::69040b81cefdaccc,111,3,math500,1.0,1.0,537,-0.48241711547695715,1.322808473104838,-14.054207801818848,-9.536738616588991e-07,0.8100022299909801,7.876532777117973e-07,0.4336426417832806,0.6730316173478972,0.1005586592178771,0.8832046033348888,-0.0006144390747075244,0.0004652175596915167,1.8910727453316635e-06,0.00012828184117097408,2.331245195819065e-05,9.25334973790956e-09,0.0,0.0,0.8712448938793088,0.7471246123313904,0.9875358269312307,0.9992520809173584
120,val::math500::28::f3ed9561c6f7f1cb::sample0,val::math500::28::f3ed9561c6f7f1cb,112,0,math500,1.0,1.0,201,-0.2596723327414539,0.5955739744023032,-4.093348979949951,0.0,0.8548984427598134,0.016683267429471016,0.317200046032599,0.4876393821032206,0.03980099502487562,0.9231059509329498,0.002201668210525382,-0.0020315001087387067,3.345192755063006e-07,4.294699465390295e-05,2.5604510938137537e-06,-4.018488628170845e-09,0.0,0.0,0.8821657058314898,0.9996733665466309,0.9978829485860037,0.999983012676239
120,val::math500::28::f3ed9561c6f7f1cb::sample1,val::math500::28::f3ed9561c6f7f1cb,113,1,math500,1.0,1.0,301,-0.2612283232456704,0.6881895636845443,-4.634777069091797,0.0,0.8664670200659538,0.009708271361887455,0.25708485956318966,0.43226228469150924,0.04318936877076412,0.9027047343552113,0.0003299258574075472,-0.0004361518109210898,4.541612754352708e-07,7.807408837834373e-05,1.000461935518615e-07,2.57227697032102e-09,0.0,0.0,0.9027242775375265,0.9463582038879395,0.9986970036528832,0.9998716711997986
120,val::math500::28::f3ed9561c6f7f1cb::sample2,val::math500::28::f3ed9561c6f7f1cb,114,2,math500,0.0,0.0,1036,-0.2973108366697478,0.9921083962672059,-15.969830513000488,0.0,0.8752832971279714,1.1598203997209566e-07,0.287307793704279,0.6368466114983505,0.05405405405405406,0.47680928935687916,-0.000479520159131758,0.00043044948803433995,4.595696196192271e-06,0.0008916175574995577,0.0002373958850512281,2.201912349934881e-08,0.0,0.0,0.9084740263557342,0.6647915244102478,0.9910651697097598,0.9957022666931152
120,val::math500::28::f3ed9561c6f7f1cb::sample3,val::math500::28::f3ed9561c6f7f1cb,115,3,math500,1.0,1.0,326,-0.19158306522376967,0.6056980085125062,-6.377286911010742,0.0,0.8997778568079016,0.0016997283091768622,0.19984943942535244,0.363682627965421,0.027607361963190184,0.9555019084364176,0.0010045858283395971,-0.0008961612802208804,1.0062670121602745e-07,7.888722393545322e-06,2.81653387901315e-06,9.621316479517e-10,0.0,0.0,0.9260764259136528,0.9704416990280151,0.9993278367753409,0.9999752044677734
120,val::math500::29::b21de5e7f45f522c::sample0,val::math500::29::b21de5e7f45f522c,116,0,math500,1.0,1.0,513,-0.13874275831356878,0.5209645761119424,-4.510415077209473,0.0,0.9301923396425289,0.010993896052241325,0.1365151174604364,0.32607519763292986,0.025341130604288498,0.9975259192287922,0.0006498784669224268,-0.0005623794068666451,7.993789598929301e-07,0.0003627307596616447,1.281077999237823e-07,3.51399310719742e-09,0.0,0.0,0.9496327636302331,0.9737081527709961,0.9992775771817733,0.9999410510063171
120,val::math500::29::b21de5e7f45f522c::sample1,val::math500::29::b21de5e7f45f522c,117,1,math500,1.0,1.0,399,-0.11085422313690982,0.38196459050543075,-3.7046124935150146,0.0,0.9335612178754463,0.024609753862023354,0.13096704264158793,0.2883305150325549,0.012531328320802004,0.9948919583112001,0.0007287973514480884,-0.0005994282606649521,6.36597301713592e-08,1.7603430251256214e-06,3.5666360531649843e-07,1.9098958879049595e-10,0.0,0.0,0.9491162502526639,0.9665976166725159,0.9997090662929946,0.9999668598175049
120,val::math500::29::b21de5e7f45f522c::sample2,val::math500::29::b21de5e7f45f522c,118,2,math500,1.0,1.0,457,-0.10160884186194763,0.453435973745873,-5.099567890167236,0.0,0.9477909869846585,0.006099381484091282,0.1017497304451701,0.25561815884238914,0.019693654266958426,0.963669703603955,-9.58416277944649e-05,-0.0002517118708378652,7.254463515390406e-08,1.994729927901062e-06,1.5016930774436332e-06,1.6067209583086557e-10,0.0,0.0,0.9635736391893883,0.9666514992713928,0.9997413106246381,0.9999852776527405
120,val::math500::29::b21de5e7f45f522c::sample3,val::math500::29::b21de5e7f45f522c,119,3,math500,0.0,0.0,294,-0.14441845262144348,0.564012670464777,-4.902987480163574,0.0,0.9292446581494748,0.00742436945438385,0.14601229973105423,0.31570758250168385,0.02040816326530612,0.9548227432533167,0.0007121765690754013,-0.0008548769587828243,1.1542779942222269e-07,7.4112149377469905e-06,8.037438874453073e-07,1.1125327136298587e-09,0.0,0.0,0.9486948554815889,0.9665855169296265,0.999528942870445,0.9999659061431885
120,val::math500::30::9fb1d825458ad431::sample0,val::math500::30::9fb1d825458ad431,120,0,math500,0.0,0.0,493,-0.11198597093586589,0.46993185606496984,-4.511107444763184,0.0,0.9434761571306849,0.010986287146806717,0.09570481167086206,0.2409009475355674,0.02028397565922921,0.9124532470596023,-5.2995963086976986e-05,-0.00021630051147043908,1.1483595440046555e-07,2.1171439584577456e-05,1.1838249065476703e-06,4.751721843132383e-10,0.0,0.0,0.9627038262195085,0.9784749150276184,0.9998865052604289,0.9993878602981567
120,val::math500::30::9fb1d825458ad431::sample1,val::math500::30::9fb1d825458ad431,121,1,math500,1.0,1.0,456,-0.09135194197026932,0.3739579234167851,-3.82981538772583,0.0,0.9487735953124795,0.0217136237770319,0.09227648587893712,0.23928991711015543,0.015350877192982455,0.9585219211876392,0.0003448674066417332,-0.00040140702804979193,4.197132401693492e-08,2.7264491109235678e-06,6.233893827811698e-07,3.7516236160343044e-11,0.0,0.0,0.9648630959553677,0.962622344493866,0.9998420806307542,0.9999880194664001
120,val::math500::30::9fb1d825458ad431::sample2,val::math500::30::9fb1d825458ad431,122,2,math500,0.0,0.0,448,-0.20584527550610274,0.7963922153156583,-10.632706642150879,0.0,0.9084434154454958,2.4114273401210085e-05,0.1524947884907439,0.2934728703487329,0.033482142857142856,0.7735750709035756,-0.0003992031432208596,2.5081563590517573e-06,9.617800092471844e-07,0.0003024263132829219,2.151028638763819e-06,1.0442279241582803e-08,0.0,0.0,0.9428620861976275,0.9516435265541077,0.9996957467602832,0.9998589158058167
120,val::math500::30::9fb1d825458ad431::sample3,val::math500::30::9fb1d825458ad431,123,3,math500,1.0,1.0,479,-0.10783869553116386,0.3816139709141793,-3.798985242843628,0.0,0.9366517887569358,0.0223934855312109,0.12590662552644902,0.29049550167513943,0.018789144050104383,0.9134220958221704,0.00020217669858743268,-8.233183617332171e-05,3.357644131651822e-07,6.787426536902785e-05,1.2670668638747884e-06,2.1570556892501744e-09,0.0,0.0,0.9531681382705872,0.9838265180587769,0.9996893198106881,0.9998746514320374
120,val::math500::31::a2306c7c78cec7e5::sample0,val::math500::31::a2306c7c78cec7e5,124,0,math500,1.0,1.0,344,-0.13698655908269722,0.46011145458575936,-4.539824485778809,0.0,0.9225067465165413,0.010675279423594475,0.15206733228850983,0.3221259642796386,0.020348837209302327,0.9919506963342428,0.0003549150764694792,-0.000653103890726088,8.818682868111131e-08,3.568512738638674e-06,1.0988109124809853e-06,8.80488203126513e-12,0.0,0.0,0.9430180029120556,0.9667819142341614,0.9996342347111813,0.9999907612800598
120,val::math500::31::a2306c7c78cec7e5::sample1,val::math500::31::a2306c7c78cec7e5,125,1,math500,1.0,1.0,619,-0.42071946643841157,1.0586281289732322,-14.710127830505371,0.0,0.8155580692914133,4.0876400930756063e-07,0.38960688341537847,0.6212451050419127,0.0888529886914378,0.9418653803877532,-3.0737233761981825e-05,6.777291844016912e-05,3.691848626996e-07,1.6170717572094873e-05,7.28504630842508e-07,4.0196313330266786e-10,0.0,0.0,0.8709730468630213,0.9927546381950378,0.9913406100527343,0.9999357461929321
120,val::math500::31::a2306c7c78cec7e5::sample2,val::math500::31::a2306c7c78cec7e5,126,2,math500,1.0,1.0,217,-0.23462421684547108,0.6613665417651775,-4.141505241394043,0.0,0.8872007911140742,0.015898901969194412,0.18514661715244662,0.36763448153876344,0.055299539170506916,0.9738821107894182,0.0015162152804602813,-0.0011605226452486579,1.4599326121165177e-07,6.849789770058123e-06,1.3254478972157813e-06,1.4786507641111486e-09,0.0,0.0,0.9295554886215843,0.9668037295341492,0.9995201315198626,0.9999913573265076
120,val::math500::31::a2306c7c78cec7e5::sample3,val::math500::31::a2306c7c78cec7e5,127,3,math500,1.0,1.0,426,-0.20917449402237512,0.6047547586808445,-5.033339500427246,0.0,0.8927056557933927,0.006517010275274515,0.1985628614701065,0.3736578913930425,0.04929577464788732,0.9454502346925437,0.001075417223909097,-0.0008098187954536538,3.070439673317122e-07,6.840921560069546e-05,2.499517961496167e-07,-5.882563190582412e-10,0.0,0.0,0.9290473219444494,0.9856066107749939,0.9990289913656566,0.9998179078102112
180,val::math500::0::2c4303ce28478c25::sample0,val::math500::0::2c4303ce28478c25,0,0,math500,1.0,1.0,525,-0.18137606879425275,0.5700005621223327,-4.500986099243164,0.0,0.9066589768869536,0.011098047718405724,0.1744472086248011,0.36123125051114297,0.02857142857142857,0.9050342860282399,-0.00022817040111117732,-3.72588639839992e-05,1.1735702925748385e-07,1.0547542842687108e-05,3.0089263418631162e-06,4.815379026562833e-10,0.0,0.0,0.9350554852258591,0.9739192128181458,0.9991011671792893,0.9999186992645264
180,val::math500::0::2c4303ce28478c25::sample1,val::math500::0::2c4303ce28478c25,1,1,math500,1.0,1.0,614,-0.07756338982923455,0.370083719811717,-5.566005229949951,0.0,0.955836951401212,0.003825732972472906,0.08564809150186789,0.22678008869866137,0.009771986970684038,0.9404297079890966,-0.00011553651650707519,-3.9035664205783745e-05,8.687021773156455e-07,0.000429393578087911,0.000429393578087911,7.882840166424311e-09,0.0,0.0,0.9667415668890609,0.9968684315681458,0.9997983363241637,0.9998119473457336
180,val::math500::0::2c4303ce28478c25::sample2,val::math500::0::2c4303ce28478c25,2,2,math500,1.0,1.0,457,-0.19003446928267836,0.6505200504370764,-7.310937881469727,0.0,0.9075711200421848,0.0006681900704279542,0.17357681408141887,0.35697340393695554,0.03938730853391685,0.9129460048861802,-7.713447403837935e-05,-0.00019832131745536197,1.074567285080313e-07,7.554743206128478e-06,7.554743206128478e-06,2.0271852198808243e-10,0.0,0.0,0.9356947394507719,0.9575902223587036,0.999093521084775,0.9999096989631653
180,val::math500::0::2c4303ce28478c25::sample3,val::math500::0::2c4303ce28478c25,3,3,math500,1.0,1.0,409,-0.1500468879955087,0.5439585311348271,-6.928673267364502,0.0,0.9208426333039949,0.0009792993078008294,0.1481035135931074,0.31341932771129627,0.019559902200488997,0.8771432113135234,-4.7425996032396386e-05,-0.0002164545109343616,2.2033527081819208e-07,4.8523652367293835e-05,5.666508513968438e-06,-6.843841447369163e-10,0.0,0.0,0.9443742670027726,0.9817314743995667,0.999358390829091,0.9998762011528015
180,val::math500::1::0242d16f52e4149b::sample0,val::math500::1::0242d16f52e4149b,4,0,math500,0.0,0.0,579,-0.2867795732691945,0.7020632357372305,-5.379648208618164,0.0,0.8548270278668195,0.004609443247318268,0.29377495387557756,0.5051567655758833,0.04835924006908463,0.8928214015904814,-0.0005392135599563141,0.0006719650920926951,5.725543326038124e-07,0.0002028708258876577,5.067551711590568e-08,2.1301650804096685e-09,0.0,0.0,0.8938995368122437,0.9239728450775146,0.9966368471402578,0.9999534487724304
180,val::math500::1::0242d16f52e4149b::sample1,val::math500::1::0242d16f52e4149b,5,1,math500,1.0,1.0,694,-0.22645155023150865,0.6834137050586294,-6.798672199249268,0.0,0.8895104853488351,0.0011152549413964152,0.22452668050438307,0.45692590200174776,0.04178674351585014,0.8968420373275876,0.00039576150451820494,-0.000327786190602739,1.912154869904607e-07,1.670118945185095e-05,8.458498257368774e-08,3.3987068638931693e-10,0.0,0.0,0.9198421469811747,0.8517100811004639,0.9969581258228258,0.9997650980949402
180,val::math500::1::0242d16f52e4149b::sample2,val::math500::1::0242d16f52e4149b,6,2,math500,0.0,0.0,2048,-0.29939020628684976,0.7656181658003557,-8.394798278808594,0.0,0.8521431657733629,0.00022604006517212838,0.3053553386621757,0.5065161940910168,0.0546875,0.6768363859737292,3.4363335019695657e-05,-5.557342979185178e-06,3.4161145286090367e-07,0.00024535530246794224,1.275171115366902e-07,1.9886291867589267e-11,0.0,0.0,0.8927732383926923,0.9999849200248718,0.9959924963477533,1.0000001192092896
180,val::math500::1::0242d16f52e4149b::sample3,val::math500::1::0242d16f52e4149b,7,3,math500,0.0,0.0,619,-0.22873748100998909,0.6490786911554628,-6.387872219085693,0.0,0.8834235960883217,0.0016818309668451548,0.221390163101791,0.41779910547948423,0.045234248788368334,0.9482449949719012,0.00035713677285875543,-0.00035981841068589087,2.6184684023536865e-07,6.5403987719037104e-06,3.4037902878480963e-06,1.0494669478088943e-09,0.0,0.0,0.918495524849183,0.9133638143539429,0.99802933621291,0.9999247193336487
180,val::math500::2::6b2a4988c67e4477::sample0,val::math500::2::6b2a4988c67e4477,8,0,math500,1.0,1.0,481,-0.11161744009964568,0.4626361015385949,-4.1497368812561035,0.0,0.9442193318979346,0.015768565237522125,0.09697867153646417,0.26149298838140717,0.02494802494802495,0.8679312509484589,-0.00025585030951492943,5.164714892547684e-05,1.2561686513294864e-07,7.411256774503272e-06,4.111592488698079e-08,9.765918892715922e-10,0.0,0.0,0.963934000031616,0.9625974893569946,0.9998135264351066,0.9999615550041199
180,val::math500::2::6b2a4988c67e4477::sample1,val::math500::2::6b2a4988c67e4477,9,1,math500,1.0,1.0,349,-0.056546352496733135,0.24357721993001952,-2.127091884613037,0.0,0.9637349240460505,0.11918338388204575,0.06577983420970478,0.2118124188091192,0.011461318051575931,0.919768407009542,0.00017629923260642242,-0.00023635584816464477,5.3808190172323125e-08,5.4564070524065755e-06,5.4564070524065755e-06,4.302355019574197e-10,0.0,0.0,0.9736510102762533,0.5059992074966431,0.999932437025032,0.9997693300247192
180,val::math500::2::6b2a4988c67e4477::sample2,val::math500::2::6b2a4988c67e4477,10,2,math500,1.0,1.0,331,-0.047820632844752776,0.2027888165273314,-1.8086483478546143,0.0,0.9673216584675982,0.1638754904270172,0.0688880530610384,0.22559556140135797,0.006042296072507553,0.9184920154511929,4.4635367661793915e-05,-0.00023290315645855143,5.656304645652486e-08,5.4054116844781674e-06,5.4054116844781674e-06,5.341603562877422e-10,0.0,0.0,0.9732298649329794,0.5680135488510132,0.9999232310182739,0.9997042417526245
180,val::math500::2::6b2a4988c67e4477::sample3,val::math500::2::6b2a4988c67e4477,11,3,math500,1.0,1.0,420,-0.06925896901039909,0.30328618197544877,-3.0486066341400146,0.0,0.959193368735058,0.047424957156181335,0.07825092441866031,0.22959942949393594,0.009523809523809525,0.9215071271173656,1.478480305493409e-05,1.466965380581211e-05,7.022949657150883e-08,6.705474788759602e-06,6.705474788759602e-06,4.038070355914564e-10,0.0,0.0,0.9695728626989183,0.75007164478302,0.9999091635147731,0.9998027086257935
180,val::math500::3::2b78f19c3079ebc6::sample0,val::math500::3::2b78f19c3079ebc6,12,0,math500,1.0,1.0,563,-0.18129833447362273,0.651071512426952,-7.540193557739258,0.0,0.9144850203941731,0.0005312947905622423,0.16479485770639027,0.353176302480966,0.03019538188277087,0.971654839348048,0.00045975530830791696,-0.00036443981832305904,1.7156763401952645e-07,4.547584831016138e-05,9.765489039637032e-07,-5.321868064339599e-10,0.0,0.0,0.9423490489302054,0.9736135601997375,0.9986819666190003,0.9998855590820312
180,val::math500::3::2b78f19c3079ebc6::sample1,val::math500::3::2b78f19c3079ebc6,13,1,math500,1.0,1.0,221,-0.13283091938479857,0.4739792210939709,-4.495806694030762,0.0,0.9258379840726092,0.01115567795932293,0.15006974083612068,0.3081876710458698,0.01809954751131222,0.8794233783846721,0.00019957584687906453,-0.000397020727219086,3.462154987697305e-07,5.485429574036971e-05,1.897204811029951e-06,6.1578650120525414e-09,0.0,0.0,0.9412842622170081,0.717933177947998,0.9994809730020584,0.9993959665298462
180,val::math500::3::2b78f19c3079ebc6::sample2,val::math500::3::2b78f19c3079ebc6,14,2,math500,1.0,1.0,2048,-0.36705888903151884,1.0405806055189177,-11.104589462280273,0.0,0.8531079036846374,1.5043125131342094e-05,0.3524187842337445,0.6910035335388918,0.07275390625,0.9674902409315109,0.0003138152996195254,-0.00025769620709538605,3.529005120507248e-05,0.04187794402241707,2.6465434288525103e-09,3.28382868115011e-08,0.0,0.0,0.8933400993410032,0.99998939037323,0.9872684155998286,0.9999998807907104
180,val::math500::3::2b78f19c3079ebc6::sample3,val::math500::3::2b78f19c3079ebc6,15,3,math500,0.0,0.0,1006,-0.17214076380192073,0.6039799392269878,-6.882739067077637,0.0,0.915563655288142,0.0010253316722810268,0.1687487655620357,0.3921245795488133,0.032803180914512925,0.9443755234824494,0.00015417199661483312,-0.00011363525429675949,1.6445080309512402e-07,4.158724186709151e-05,2.2549005507244146e-07,-4.920578170849071e-10,0.0,0.0,0.9406424903090502,0.9464946389198303,0.997978909115194,0.999971866607666
180,val::math500::4::966411903cb858a7::sample0,val::math500::4::966411903cb858a7,16,0,math500,0.0,0.0,614,-0.20146515746405524,0.6991975740126056,-7.87955379486084,0.0,0.9053897158412361,0.00037840186269022524,0.19035000465991336,0.3920757563972945,0.03745928338762215,0.9105342328548431,0.0007264504777224006,-0.0006726484407277864,8.832563940636742e-07,0.0003488259681034833,1.8370032194070518e-05,1.7500548798027666e-09,0.0,0.0,0.9328433385404002,0.9706495404243469,0.9984846412164768,0.9999938011169434
180,val::math500::4::966411903cb858a7::sample1,val::math500::4::966411903cb858a7,17,1,math500,0.0,0.0,439,-0.10294749425386215,0.3496208763836421,-3.9741427898406982,0.0,0.9366492839967132,0.018795406445860863,0.1427831499129354,0.3190096208690125,0.01366742596810934,0.8783057695254683,0.0002698566060900895,-0.0004671026553718417,3.8941961727029715e-07,2.9265947887324728e-05,2.9265947887324728e-05,1.4289294496344722e-09,0.0,0.0,0.9507400368367892,0.9984151124954224,0.9993429314302692,0.9997345805168152
180,val::math500::4::966411903cb858a7::sample2,val::math500::4::966411903cb858a7,18,2,math500,1.0,1.0,677,-0.11445376491953198,0.42072539260202196,-4.16606330871582,0.0,0.9380760458965223,0.01551321055740118,0.1305962331097906,0.357282788923372,0.023633677991137372,0.8992783762514591,0.00029461263227562837,-0.00031829399054020133,3.0272182603735416e-07,4.539703149930574e-05,6.0778443184972275e-06,5.829944211304265e-10,0.0,0.0,0.9530157885091872,0.989197850227356,0.9991240657238699,0.9995280504226685
180,val::math500::4::966411903cb858a7::sample3,val::math500::4::966411903cb858a7,19,3,math500,0.0,0.0,750,-0.2811858644623846,0.8785312951789749,-10.484095573425293,-3.576278118089249e-07,0.8787782486241534,2.7977901481790468e-05,0.2552830051417465,0.4739252910725456,0.05733333333333333,0.8270382853224874,0.0009306978371587298,-0.0008027297148025574,5.389573498660473e-05,0.034846991300582886,0.0003915497800335288,3.6284477352731077e-07,0.0,0.0,0.9201495163639386,0.7535967230796814,0.9956293383439382,0.9998971223831177
180,val::math500::5::d8dded60713b1691::sample0,val::math500::5::d8dded60713b1691,20,0,math500,1.0,1.0,328,-0.1347841608216921,0.33541672073722323,-1.8468713760375977,0.0,0.9107353556446913,0.1577298790216446,0.19066943990476135,0.3580991801991035,0.009146341463414634,0.9989166501909494,0.0005842017299360675,-0.0010096985060179806,5.858297207557561e-08,9.774186764843762e-06,7.631766720805899e-07,-2.013795890985633e-10,0.0,0.0,0.9295362828344833,0.976992666721344,0.9996165066230588,0.9999982118606567
180,val::math500::5::d8dded60713b1691::sample1,val::math500::5::d8dded60713b1691,21,1,math500,1.0,1.0,291,-0.2184859129139301,0.6141456331316799,-4.595240116119385,0.0,0.8872786067374998,0.010099795646965504,0.20573157158318187,0.3656605939172938,0.041237113402061855,0.9977639317512512,0.001092394155182755,-0.0008392709710051669,3.737110318722844e-08,1.6536513385290164e-06,1.2582331692101434e-06,3.8771763632074904e-10,0.0,0.0,0.922927688077553,0.9769669771194458,0.9996811665620181,0.9999974370002747
180,val::math500::5::d8dded60713b1691::sample2,val::math500::5::d8dded60713b1691,22,2,math500,1.0,1.0,273,-0.26027525163421544,0.6127869213025919,-4.177574634552002,0.0,0.8582581361557865,0.015335656702518463,0.298889773380002,0.46918979294941265,0.047619047619047616,0.996274072676897,0.0011724264576808874,-0.0014965775171079509,1.7651940669267206e-07,1.3311643670022022e-05,2.0680286070273723e-06,-7.054812566153191e-12,0.0,0.0,0.8973620235919952,0.9739305377006531,0.9968678276617449,0.9999966621398926
180,val::math500::5::d8dded60713b1691::sample3,val::math500::5::d8dded60713b1691,23,3,math500,1.0,1.0,302,-0.1476968933246324,0.3948526780992507,-2.5783848762512207,0.0,0.9074547391458853,0.0758964866399765,0.20312660970841975,0.35457488428560696,0.023178807947019868,0.9984283577650785,0.0011357377216021293,-0.001176022711788116,3.615903067553975e-08,1.45797059758479e-06,9.79918581833772e-07,2.236055735811826e-10,0.0,0.0,0.9278650139736024,0.976973295211792,0.9995873400707118,0.999997615814209
180,val::math500::6::e3f65b774eb2dab0::sample0,val::math500::6::e3f65b774eb2dab0,24,0,math500,1.0,1.0,379,-0.13522929379972345,0.4664256212835291,-5.811885833740234,0.0,0.922886629912039,0.0029917829670011997,0.14656150472447013,0.29219125655181966,0.021108179419525065,0.9991201106458902,0.00017901087460544645,-0.0003106057614741342,9.750493688586152e-07,0.00034667295403778553,9.175963100460649e-07,4.45030816280354e-09,0.0,0.0,0.9427587299516773,0.9738395810127258,0.9997119681816302,0.9999841451644897
180,val::math500::6::e3f65b774eb2dab0::sample1,val::math500::6::e3f65b774eb2dab0,25,1,math500,1.0,1.0,476,-0.15609654389500552,0.46351695582863806,-3.8955576419830322,0.0,0.910493212975092,0.020332032814621925,0.18184602594637117,0.3601292823461642,0.029411764705882353,0.9989555384963751,0.00030267602821225343,-0.000260950807941436,1.0257511232205894e-06,0.00041827146196737885,9.766932862476096e-07,2.8598193612089296e-09,0.0,0.0,0.9315111170045468,0.9737575650215149,0.9994580440160608,0.9999659657478333
180,val::math500::6::e3f65b774eb2dab0::sample2,val::math500::6::e3f65b774eb2dab0,26,2,math500,1.0,1.0,633,-0.1695301784803048,0.5470322638764158,-5.978958606719971,0.0,0.9099228140551562,0.0025314611848443747,0.16737644387595546,0.3270423397542431,0.023696682464454975,0.9978766422718763,0.00014986071992664448,-0.00019896944180151503,1.4449562777877974e-07,2.417877476545982e-05,1.04292689684371e-06,4.1273258697062093e-10,0.0,0.0,0.9368680706380103,0.9767940044403076,0.9995656712171967,0.9999787211418152
180,val::math500::6::e3f65b774eb2dab0::sample3,val::math500::6::e3f65b774eb2dab0,27,3,math500,1.0,1.0,424,-0.13914253915614178,0.4111530283639942,-3.156978130340576,0.0,0.91708309358021,0.04255414009094238,0.16161596554405572,0.32272578838495586,0.025943396226415096,0.9989118538796902,0.00027487508261206915,-0.0003538049915414517,4.6191466849337025e-07,0.00015162838099058717,7.146322218432033e-07,2.249619412923213e-09,0.0,0.0,0.9406219487482647,0.9738502502441406,0.9996212882534513,0.9999788403511047
180,val::math500::7::b64d85c8e36aad61::sample0,val::math500::7::b64d85c8e36aad61,28,0,math500,0.0,0.0,2048,-0.16791076949026373,0.6219756485524611,-7.470532417297363,0.0,0.9185936265569978,0.000569624884519726,0.17410552999932166,0.4297467948369596,0.0283203125,0.9110556716914289,-5.166922219180786e-05,4.132404193289084e-05,1.7025412776163185e-07,6.29313726676628e-05,1.7187037570920438e-08,9.547300253891311e-11,0.0,0.0,0.940567080724577,0.825628399848938,0.996932198147988,0.9999526143074036
180,val::math500::7::b64d85c8e36aad61::sample1,val::math500::7::b64d85c8e36aad61,29,1,math500,1.0,1.0,825,-0.09229190641309756,0.3917957791767842,-5.552515029907227,0.0,0.9493564760193905,0.0038776923902332783,0.08988289328404307,0.253426839286325,0.01696969696969697,0.9914100486785173,0.00016150471189967918,-0.0001589538920373832,1.1661304657212487e-07,2.3387696273857728e-05,1.5077315538292169e-06,8.074627445448339e-11,0.0,0.0,0.9643120910904625,0.9705381989479065,0.9997561007557493,0.999997079372406
180,val::math500::7::b64d85c8e36aad61::sample2,val::math500::7::b64d85c8e36aad61,30,2,math500,0.0,0.0,1038,-0.10061770703271353,0.4102937232326512,-3.65238881111145,0.0,0.9477805325434846,0.02592911571264267,0.10803714697151032,0.3404144358425797,0.02601156069364162,0.7404303785879165,-9.861793848835899e-05,7.24555738801667e-05,1.4825566572164828e-07,1.2125903595006093e-05,9.553883728585788e-07,3.346896395003443e-10,0.0,0.0,0.9592365198598202,0.9525160789489746,0.9977578034405534,0.9999945163726807
180,val::math500::7::b64d85c8e36aad61::sample3,val::math500::7::b64d85c8e36aad61,31,3,math500,0.0,0.0,750,-0.17230851029505986,0.5447370291168842,-5.137267112731934,0.0,0.9118522957693785,0.005873719695955515,0.17965154597437913,0.41679450272948454,0.04,0.8362802667543292,-0.00017578848609458761,0.00022742703326843658,2.1982578094909647e-07,6.995666626607999e-05,1.8503086494092713e-06,9.372833795658063e-10,0.0,0.0,0.9331140153507391,0.9874215126037598,0.9976331757704416,0.9999260306358337
180,val::math500::8::d746154a90ea4a79::sample0,val::math500::8::d746154a90ea4a79,32,0,math500,1.0,1.0,447,-0.08555165472169865,0.30432111077839813,-3.0485999584198,0.0,0.9457570280238019,0.047425277531147,0.09948851047117269,0.2467945681358251,0.013422818791946308,0.9059327873401344,0.00011084430792665936,-1.3709381589899236e-05,5.152694072029492e-06,0.002249208278954029,7.241384025746811e-08,2.2266925060253936e-08,0.0,0.0,0.959253427566298,0.9966374635696411,0.9998735118765693,0.9998773336410522
180,val::math500::8::d746154a90ea4a79::sample1,val::math500::8::d746154a90ea4a79,33,1,math500,1.0,1.0,304,-0.11328161516382981,0.3964025021710416,-3.3313825130462646,0.0,0.9362702183302885,0.03574365749955177,0.10512567363323928,0.28350862887691286,0.023026315789473683,0.9105425832094625,-6.345937821776489e-05,-8.336783356886155e-05,0.00015765762388871338,0.0473991297185421,2.4524014818894102e-08,1.789780394989496e-06,0.0,0.0,0.9596567982317585,0.8353840708732605,0.9995265165834051,0.9999772906303406
180,val::math500::8::d746154a90ea4a79::sample2,val::math500::8::d746154a90ea4a79,34,2,math500,1.0,1.0,464,-0.10538768208002433,0.4056089645170334,-3.287336587905884,0.0,0.944054675746131,0.03735320270061493,0.0960745419560156,0.2707848854117252,0.023706896551724137,0.976832639425993,-0.00025474209671904013,0.00014781204785388374,1.033203088898405e-05,0.0047545903362333775,3.872318643516337e-07,1.5443109782025832e-08,0.0,0.0,0.9632445327809145,0.9858587384223938,0.9996785585736406,0.9999768733978271
180,val::math500::8::d746154a90ea4a79::sample3,val::math500::8::d746154a90ea4a79,35,3,math500,1.0,1.0,438,-0.09157158319093639,0.3523595331674522,-3.660317897796631,0.0,0.9452351426841802,0.02572433464229107,0.10395028874032594,0.25947259099762654,0.0136986301369863,0.9954072590917349,-6.265631078876131e-06,4.6743565037843435e-05,3.139885970642732e-07,9.501710155745968e-05,3.637644283571717e-07,9.64297716490362e-10,0.0,0.0,0.9585818949763634,0.9858417510986328,0.9997415730397995,0.9999852180480957
180,val::math500::9::cd5d9530ec3e4205::sample0,val::math500::9::cd5d9530ec3e4205,36,0,math500,1.0,1.0,572,-0.28430697799539095,0.7910276666676573,-8.736005783081055,0.0,0.8695346226976927,0.00016069445700850338,0.2676549728828568,0.5261767123828852,0.05244755244755245,0.9606091175228357,0.0003157861636454652,-0.00047782380794336704,3.570915789556589e-07,5.440800669020973e-05,3.804468065027322e-07,1.231661391729555e-09,0.0,0.0,0.9090974980353058,0.9993304014205933,0.9945412647057247,0.9998664259910583
180,val::math500::9::cd5d9530ec3e4205::sample1,val::math500::9::cd5d9530ec3e4205,37,1,math500,0.0,0.0,661,-1.815790060934109,2.686281630455699,-16.718908309936523,-5.483612312673358e-06,0.5260303058345954,5.483658327420926e-08,1.7468726519857307,1.777817553120566,0.32829046898638425,0.20820885140370748,-0.0032220897106333382,0.004108208753506569,0.0011195253813297001,0.1724206656217575,0.0001334748521912843,8.533708154597387e-06,0.006051437216338881,0.0,0.6353621215034,0.6162529587745667,0.8610927104814691,0.9150670766830444
180,val::math500::9::cd5d9530ec3e4205::sample2,val::math500::9::cd5d9530ec3e4205,38,2,math500,0.0,0.0,1407,-0.17845697186774048,0.5893096974719289,-10.564074516296387,0.0,0.9060606554996933,2.5827403078437783e-05,0.17608071714624346,0.3585865737795973,0.02771855010660981,0.9989553056657314,4.6246357345391054e-05,-6.110068388950707e-05,0.0001431097977713407,0.19896002113819122,1.6265745216514915e-05,5.735120735484794e-07,0.0007107320540156361,0.0,0.9350116380305686,0.9738977551460266,0.998580535252889,0.9999803900718689
180,val::math500::9::cd5d9530ec3e4205::sample3,val::math500::9::cd5d9530ec3e4205,39,3,math500,0.0,0.0,811,-0.8021746042303706,1.5868167492669947,-9.651857376098633,-1.1920922133867862e-06,0.718102294097932,6.430601933971047e-05,0.7662459683944463,1.0328247964915334,0.16152897657213316,0.34753541575787494,-0.0009512909749547606,0.0008549847130032454,0.000640022447312733,0.5159440636634827,0.0004898528568446636,4.446695303251462e-06,0.0012330456226880395,0.0012330456226880395,0.793799008103834,0.2875364124774933,0.9601817263333924,0.5587213039398193
180,val::math500::10::436d6841a02f9cb7::sample0,val::math500::10::436d6841a02f9cb7,40,0,math500,1.0,1.0,366,-0.2402738566657278,0.6532317660768876,-4.243957042694092,0.0,0.8791517963062951,0.014350693672895432,0.23238034280466421,0.39688083554313275,0.05191256830601093,0.9922948554158211,0.0006939061452577497,-0.000713967190364271,6.468967405754431e-07,0.00010562063835095614,1.178214688479784e-06,-2.431519957136613e-09,0.0,0.0,0.9160650670935547,0.9738380312919617,0.9988696387882441,0.9999868869781494
180,val::math500::10::436d6841a02f9cb7::sample1,val::math500::10::436d6841a02f9cb7,41,1,math500,1.0,1.0,490,-0.41826024654144917,0.9239693238058935,-7.708545207977295,-4.768370445162873e-07,0.8031196810853339,0.00044897416955791414,0.4310378510393539,0.5967675515350145,0.07346938775510205,0.9869750700891018,0.00016273904075362133,-6.488943319040592e-05,9.336519836373648e-07,0.00019350445654708892,1.7180591385113075e-05,3.6477389595871024e-09,0.0,0.0,0.8551664244155495,0.966349184513092,0.9916354893421641,0.9999115467071533
180,val::math500::10::436d6841a02f9cb7::sample2,val::math500::10::436d6841a02f9cb7,42,2,math500,0.0,0.0,695,-0.2706020381682097,0.690639322555752,-5.370846271514893,0.0,0.8617268659442449,0.004650194197893143,0.29953432146613646,0.4836191860771394,0.05467625899280575,0.9793135039508343,0.000599329845085826,-0.0006101520200999884,4.1002238946097354e-07,7.660482515348122e-05,2.2013880425220123e-06,-2.9449432195351795e-11,0.0,0.0,0.8969459712934151,0.9739235639572144,0.9970641973207323,0.9999886751174927
180,val::math500::10::436d6841a02f9cb7::sample3,val::math500::10::436d6841a02f9cb7,43,3,math500,1.0,1.0,422,-0.20285170074264022,0.5423912928779054,-6.227921485900879,0.0,0.8840763097363017,0.0019735496025532484,0.2523123100195612,0.42104538075933606,0.03317535545023697,0.9986889455467463,-2.6928108621022025e-05,-0.00029803358694783464,1.3933800823749092e-07,8.165314284269698e-06,7.122385454749747e-07,3.1361617526419603e-10,0.0,0.0,0.9112897576031527,0.9705883860588074,0.9984211893443248,0.9999873042106628
180,val::math500::11::9e7a876ff78fb308::sample0,val::math500::11::9e7a876ff78fb308,44,0,math500,0.0,0.0,2048,-0.15779834607582957,0.7333047467618249,-13.119453430175781,0.0,0.933436557093195,2.0058284917467972e-06,0.14565325131194548,0.406695954640293,0.03173828125,0.9998582545667887,0.00011528074530322836,-0.0001058748380852789,7.680389244158779e-06,0.00043083704076707363,6.136283445812296e-06,1.718615058418783e-08,0.0,0.0,0.9494125915407494,0.998710036277771,0.9971833002928179,0.9998857975006104
180,val::math500::11::9e7a876ff78fb308::sample1,val::math500::11::9e7a876ff78fb308,45,1,math500,0.0,0.0,464,-0.22144990160172923,0.6651729630329802,-5.797837257385254,0.0,0.8906062258365324,0.003034109715372324,0.24054468457415282,0.4718707470810237,0.034482758620689655,0.8597324064467102,-0.00018712171592850414,0.00030320025574042477,2.14756726261848e-07,2.529799530748278e-05,8.438645636488218e-06,9.923718372323621e-10,0.0,0.0,0.9179222174631111,0.7351442575454712,0.9966146044176201,0.9990828633308411
180,val::math500::11::9e7a876ff78fb308::sample2,val::math500::11::9e7a876ff78fb308,46,2,math500,0.0,0.0,1422,-0.14330066253546261,0.5342534103549864,-6.404789924621582,0.0,0.9317251126436319,0.0016536175971850753,0.14994234689887193,0.4272530425359401,0.03727144866385373,0.6591016384300019,2.2171940979213146e-05,-2.957520788595765e-05,3.427463895206149e-07,2.3587093892274424e-05,2.3587093892274424e-05,4.1694926198042187e-10,0.0,0.0,0.9467082446501308,0.9706290364265442,0.9964455502361855,0.9999830722808838
180,val::math500::11::9e7a876ff78fb308::sample3,val::math500::11::9e7a876ff78fb308,47,3,math500,0.0,0.0,805,-0.256253041952449,0.7667767328321203,-9.265961647033691,0.0,0.8782110644425161,9.458972635911778e-05,0.2544877012271401,0.49977956480113694,0.043478260869565216,0.9251000140793622,0.00020689194656600975,-0.00013002045854124743,2.0384920694863941e-07,1.2214320122438949e-05,3.3289963994320715e-06,7.443611906686239e-10,0.0,0.0,0.9128884729576408,0.6742935180664062,0.9953951643860859,0.9973437190055847
180,val::math500::12::694dbe3224840a65::sample0,val::math500::12::694dbe3224840a65,48,0,math500,1.0,1.0,606,-0.12690847110089656,0.532501935687323,-7.250860691070557,0.0,0.9379916201396914,0.0007095634355209768,0.11337766279782752,0.27538525186199697,0.026402640264026403,0.9550281502306461,0.00020007116792943288,-0.00016325989384823075,1.928791824718666e-07,1.0910519449680578e-05,6.217426573584817e-08,2.3851880617221214e-10,0.0,0.0,0.9585750902151511,0.9398126602172852,0.9996910192588768,0.9999569654464722
180,val::math500::12::694dbe3224840a65::sample1,val::math500::12::694dbe3224840a65,49,1,math500,1.0,1.0,492,-0.10913850754936273,0.421732689577825,-4.336149215698242,0.0,0.9399383860655371,0.013086825609207153,0.11664927642210228,0.2824183235197661,0.018292682926829267,0.9366623666137457,0.00013564330382702245,-0.00022093561244405991,1.3108530704488767e-06,0.0004878195468336344,6.535772456572886e-08,3.6464777222948867e-09,0.0,0.0,0.9576950868576523,0.9575381875038147,0.9993567493388323,0.999730110168457
180,val::math500::12::694dbe3224840a65::sample2,val::math500::12::694dbe3224840a65,50,2,math500,1.0,1.0,603,-0.09709939002231584,0.3998908461165784,-4.763687610626221,0.0,0.9453873765356777,0.008534080348908901,0.11033462390823402,0.262353120600518,0.01658374792703151,0.9534793822094798,0.00029886701008767556,-0.00024406121976327844,3.5308331810648665e-07,0.00013786659110337496,3.0171559046721086e-06,1.88884852734002e-10,0.0,0.0,0.9607829245465311,0.9765824675559998,0.9996690219314537,0.9999070167541504
180,val::math500::12::694dbe3224840a65::sample3,val::math500::12::694dbe3224840a65,51,3,math500,1.0,1.0,365,-0.12413417211996791,0.4364579854193763,-3.25357723236084,0.0,0.932778871069624,0.038635753095149994,0.1305036559604617,0.3287558175650924,0.019178082191780823,0.9130844009341672,0.0009041133155985644,-0.0008419931772355988,4.841518779451814e-07,2.0092622435186058e-05,2.0092622435186058e-05,3.9911834881404375e-09,0.0,0.0,0.9515804094811008,0.6049208045005798,0.9992774951947878,0.9996355175971985
180,val::math500::13::1aa139d1f9a1498d::sample0,val::math500::13::1aa139d1f9a1498d,52,0,math500,1.0,1.0,202,-0.16571190052442092,0.4435382305756192,-3.0090034008026123,0.0,0.901878417405014,0.04934082552790642,0.17787142954231813,0.3203426901430679,0.0297029702970297,0.8900651270523667,0.0007320364276552,-0.0011886602362211856,1.09871979912559e-06,0.0001792724069673568,2.6264804091624683e-06,2.304842805866742e-08,0.0,0.0,0.9305377646838084,0.9633232355117798,0.9996996005572895,0.999755322933197
180,val::math500::13::1aa139d1f9a1498d::sample1,val::math500::13::1aa139d1f9a1498d,53,1,math500,1.0,1.0,325,-0.1648835375224864,0.6022580346864549,-6.390898704528809,0.0,0.9153765470409193,0.0016767486231401563,0.16159197426187863,0.30638989376765574,0.024615384615384615,0.9713704641908407,-0.00032335305755655356,4.3857801080564456e-05,1.7320358912788145e-07,1.0052372999780346e-05,7.21706828699098e-06,1.3680625227750197e-09,0.0,0.0,0.9376504939336043,0.9737877249717712,0.9995650278604947,0.9999874234199524
180,val::math500::13::1aa139d1f9a1498d::sample2,val::math500::13::1aa139d1f9a1498d,54,2,math500,1.0,1.0,203,-0.12752224149443211,0.39153006845393395,-3.896322727203369,0.0,0.9197936995514655,0.020316483452916145,0.1589983990275225,0.2993787397701883,0.009852216748768473,0.8375514023937285,-0.00038006314214373334,2.700550643377872e-05,1.9469271215666096e-07,4.714257102023112e-06,1.6188314475584775e-06,1.1073694364959259e-09,0.0,0.0,0.9376208470959969,0.978919267654419,0.9997294721345009,0.9997434020042419
180,val::math500::13::1aa139d1f9a1498d::sample3,val::math500::13::1aa139d1f9a1498d,55,3,math500,1.0,1.0,267,-0.13432203287510222,0.4134536243156644,-2.9345850944519043,0.0,0.9204272356874934,0.053152769804000854,0.1475108841331875,0.2983887365354025,0.018726591760299626,0.9914734624326229,0.0004071587065670088,-0.00030387324282847583,4.294599620234187e-06,0.0010684130247682333,8.730721674510278e-06,1.849956193339447e-08,0.0,0.0,0.9428910551669446,0.9766155481338501,0.9997509061620476,0.9999917149543762
180,val::math500::14::79d0db7102756483::sample0,val::math500::14::79d0db7102756483,56,0,math500,0.0,0.0,228,-0.20546136750864105,0.6125079692475847,-4.280108451843262,0.0,0.8955070625239036,0.013841161504387856,0.19726690377556722,0.37626624838740164,0.039473684210526314,0.8849291857914068,0.00030727690671685984,-0.00141210292152156,7.211040813602396e-07,0.0001140059539466165,3.901154741470236e-06,1.3808813387626083e-08,0.0,0.0,0.9268824884243179,0.9238202571868896,0.9993826420160762,0.9999210834503174
180,val::math500::14::79d0db7102756483::sample1,val::math500::14::79d0db7102756483,57,1,math500,0.0,0.0,720,-0.35365081559778355,0.9590327357597457,-12.187763214111328,0.0,0.8393979018508092,5.092390438221628e-06,0.2905331029018716,0.44944723305143697,0.059722222222222225,0.9075315687805414,0.0005365564938255849,-0.0004246066874942661,2.5085353086964517e-07,6.999056495260447e-05,5.334573529580666e-07,7.930516155486674e-10,0.0,0.0,0.8929369456238216,0.9936337471008301,0.9978927803536256,0.9999292492866516
180,val::math500::14::79d0db7102756483::sample2,val::math500::14::79d0db7102756483,58,2,math500,1.0,1.0,447,-0.13949750528870156,0.46630984440472756,-5.131586074829102,0.0,0.9219912931164705,0.005907183513045311,0.1606740871104067,0.34777540799276513,0.029082774049217,0.8533330326899886,0.00025431928741985563,-0.0003067307996903983,1.3290581780125697e-07,1.0761947123683058e-05,1.0761947123683058e-05,5.652899101064923e-10,0.0,0.0,0.9401867084321827,0.9980078935623169,0.9993542004751679,0.9999058246612549
180,val::math500::14::79d0db7102756483::sample3,val::math500::14::79d0db7102756483,59,3,math500,0.0,0.0,321,-0.22966925059442994,0.6618895145249006,-5.091946125030518,0.0,0.8832508385488966,0.00614604726433754,0.23205549234266112,0.38907033246714784,0.037383177570093455,0.9119908967986703,0.0008544331267240145,-0.0008729993200327983,1.996758429433872e-07,3.450861549936235e-05,3.450538770266576e-07,1.6847365398712802e-09,0.0,0.0,0.9171964748997554,0.9954453706741333,0.9986505244751214,0.9999495148658752
180,val::math500::15::63d1d4b8890b1ac0::sample0,val::math500::15::63d1d4b8890b1ac0,60,0,math500,1.0,1.0,623,-0.20029553172149475,0.5846315585775197,-5.296927452087402,0.0,0.8979364468470922,0.005006954539567232,0.17764623831462623,0.35849465462991703,0.04333868378812199,0.9207975892350078,0.0001949182949699551,-0.00014204879033880157,3.0890714435286333e-07,5.4757390898885205e-05,8.090405856364669e-08,1.328154237258169e-09,0.0,0.0,0.9341595191060061,0.952417254447937,0.9988412889584684,0.9999223947525024
180,val::math500::15::63d1d4b8890b1ac0::sample1,val::math500::15::63d1d4b8890b1ac0,61,1,math500,0.0,0.0,2048,-0.039506549523206286,0.25590510917425385,-5.630598068237305,0.0,0.9765787522276241,0.0035864298697561026,0.0492984178411906,0.18204466389343643,0.00439453125,0.9999515134841204,8.213536001290345e-05,-9.621728015093175e-05,1.7726813657093862e-05,0.0008040571701712906,3.1201812817016616e-05,2.9775898840599502e-08,0.0,0.0,0.9815208740765229,0.9999654293060303,0.9999238248565234,0.9999995827674866
180,val::math500::15::63d1d4b8890b1ac0::sample2,val::math500::15::63d1d4b8890b1ac0,62,2,math500,1.0,1.0,789,-0.15807125058260546,0.656047486584631,-11.066383361816406,0.0,0.9247139421592873,1.5628984328941442e-05,0.1330852018806477,0.290257043950709,0.02788339670468948,0.9195863027125597,8.525380318157219e-05,-0.00015486897788936303,1.404098448989962e-07,8.770963177084923e-06,5.24520601175027e-07,1.2830251625822704e-10,0.0,0.0,0.9489483121305666,0.9769882559776306,0.999657357449163,0.9999935030937195
180,val::math500::15::63d1d4b8890b1ac0::sample3,val::math500::15::63d1d4b8890b1ac0,63,3,math500,1.0,1.0,764,-0.14032289785966673,0.46114084150739576,-4.387518405914307,0.0,0.922522390773276,0.012431541457772255,0.12746891396837554,0.2687749011671592,0.024869109947643978,0.9320174194872379,0.00013006585308192371,-4.432358348161005e-05,1.890038735388696e-07,9.516242243989836e-06,5.393146238930058e-06,5.995538849113416e-10,0.0,0.0,0.9503303139387625,0.9946325421333313,0.9998287168472849,0.999933123588562
180,val::math500::16::e0aa8976db49ccab::sample0,val::math500::16::e0aa8976db49ccab,64,0,math500,1.0,1.0,306,-0.11937461176035,0.39445036918737403,-3.8347525596618652,0.0,0.9296706563312244,0.0216066837310791,0.14575521570364044,0.33049530680046135,0.016339869281045753,0.9951142203062773,0.0006527006739988746,-0.0005478952559364637,1.0203877668424736e-07,5.2533937378029805e-06,1.2449935411495971e-06,3.7165092244933434e-10,0.0,0.0,0.9464820221163868,0.9666874408721924,0.9994809442485859,0.9999806880950928
180,val::math500::16::e0aa8976db49ccab::sample1,val::math500::16::e0aa8976db49ccab,65,1,math500,0.0,0.0,1775,-0.350705375098252,1.032384313704507,-12.074338912963867,0.0,0.859753759441049,5.704022441932466e-06,0.347367020903301,0.7411496205774971,0.06929577464788732,0.9715902404859662,0.0004505926252519115,-0.000417833670781361,3.3235727293025927e-06,0.00020751960983034223,3.9570056742377346e-07,3.0994320357094418e-09,0.0,0.0,0.8956435042577731,0.6504387259483337,0.9858940862937713,0.9999807476997375
180,val::math500::16::e0aa8976db49ccab::sample2,val::math500::16::e0aa8976db49ccab,66,2,math500,1.0,1.0,288,-0.2291539539971559,0.6728752165296322,-5.079723834991455,0.0,0.8893336757868787,0.00622162688523531,0.21512988549327033,0.40995515223600015,0.04513888888888889,0.9731216779910028,0.0009678810979593894,-0.0009215843226392963,8.156247160498676e-08,1.217327098856913e-05,3.4661553627302055e-07,-2.141913149919909e-10,0.0,0.0,0.9266360351401899,0.999950647354126,0.9982227144969834,0.9999922513961792
180,val::math500::16::e0aa8976db49ccab::sample3,val::math500::16::e0aa8976db49ccab,67,3,math500,1.0,1.0,286,-0.19246671210798122,0.5945590882206263,-4.947624683380127,0.0,0.9026227857432347,0.007100253831595182,0.1905736155831901,0.38766149371250375,0.038461538461538464,0.9965919144451618,0.0012009740531739872,-0.0010249844740772944,1.262958772519926e-07,1.5039309801068157e-05,1.6049090163505753e-06,-9.593938178456355e-11,0.0,0.0,0.9308592432237172,0.970500648021698,0.999165190891786,0.9999850988388062
180,val::math500::17::2d8274195f73ed9c::sample0,val::math500::17::2d8274195f73ed9c,68,0,math500,0.0,0.0,623,-0.6166041698760168,1.561853529709699,-16.44721221923828,0.0,0.7638506937219183,7.195590967512544e-08,0.5131238443996505,0.6874533975908581,0.11235955056179775,0.9114616449205641,0.0005526315229883833,-0.0005268312558526408,1.315667169468071e-06,0.00022868861560709774,3.685940464492887e-05,7.289628627014828e-09,0.0,0.0,0.8326352247744081,0.9793168902397156,0.9885507486222452,0.9998442530632019
180,val::math500::17::2d8274195f73ed9c::sample1,val::math500::17::2d8274195f73ed9c,69,1,math500,0.0,0.0,596,-0.30932869483097747,0.7727457275902789,-7.129656791687012,0.0,0.8496832604342861,0.000800994283054024,0.2875754498547177,0.44583816509700946,0.06375838926174497,0.9622221873141825,0.0005684019787004178,-0.00047623013706645407,1.1379785829913987e-07,1.3653206224262249e-05,1.5985210666258354e-06,4.844977743663773e-10,0.0,0.0,0.8982452654198512,0.9666374325752258,0.9976692378720982,0.9999788999557495
180,val::math500::17::2d8274195f73ed9c::sample2,val::math500::17::2d8274195f73ed9c,70,2,math500,0.0,0.0,296,-0.31160341818509324,0.7459039852426299,-4.9072771072387695,-1.1920928244535389e-07,0.8485563092682561,0.007392589934170246,0.31273720706800945,0.47432031420685605,0.07432432432432433,0.8825143168214709,0.001496477138353066,-0.0008762979610062899,6.712019506395541e-07,0.00016009177488740534,4.347390131442808e-06,1.086191906987006e-08,0.0,0.0,0.8928156589233393,0.9085227847099304,0.9967628024719857,0.9997499585151672
180,val::math500::17::2d8274195f73ed9c::sample3,val::math500::17::2d8274195f73ed9c,71,3,math500,0.0,0.0,727,-0.29209806399955385,0.7880794667697206,-7.074958324432373,0.0,0.8614467197559657,0.0008460278622806072,0.2651862404547808,0.432674927543871,0.05639614855570839,0.9370096432976425,0.00030181035341504,-0.00018195685075177783,3.296812558987733e-07,2.760254756140057e-05,2.5060421293687796e-08,3.4215977963832747e-10,0.0,0.0,0.9061593886008781,0.8807554841041565,0.9976395962162884,0.9999794960021973
180,val::math500::18::c7d731882930870c::sample0,val::math500::18::c7d731882930870c,72,0,math500,1.0,1.0,485,-0.2735059199674088,0.7921367948059019,-8.310461044311523,0.0,0.8699785846103698,0.0002459306560922414,0.25877879274970034,0.46851271008567075,0.049484536082474224,0.8249596806708723,0.0005235824578610283,-0.0006921006313163341,6.552646048344543e-06,0.0027981360908597708,0.00010220694821327925,7.367221256838877e-08,0.0,0.0,0.9090390727692044,0.8816052675247192,0.9970151219171347,0.9981485605239868
180,val::math500::18::c7d731882930870c::sample1,val::math500::18::c7d731882930870c,73,1,math500,1.0,1.0,640,-0.33897365859644907,0.8226104227605472,-6.688586235046387,0.0,0.8395873252844467,0.0012450417270883918,0.3255977680736893,0.48606389755036083,0.06875,0.9318090602755547,3.7423906507448564e-05,-6.31540759370979e-05,2.6268897355120485e-07,3.481109160929918e-05,1.1008310139004607e-06,1.0814015437984635e-09,0.0,0.0,0.8866904725320637,0.9685595035552979,0.9971735269762576,0.9998654127120972
180,val::math500::18::c7d731882930870c::sample2,val::math500::18::c7d731882930870c,74,2,math500,0.0,0.0,505,-0.5080751783331448,1.0459936984464975,-6.4456257820129395,-1.1920928244535389e-07,0.7749620283614973,0.001587450853548944,0.5054577651823992,0.6398191486044386,0.09108910891089109,0.8793514431454241,0.0007313220506286874,-0.0005160032057039705,8.091007204654139e-07,0.0001489867572672665,1.8300578119578859e-07,1.7182704417626106e-09,0.0,0.0,0.8327963067163335,0.9863457083702087,0.9898300748060246,0.9994482398033142
180,val::math500::18::c7d731882930870c::sample3,val::math500::18::c7d731882930870c,75,3,math500,1.0,1.0,496,-0.28256211201789666,0.709034090752523,-5.402232646942139,0.0,0.8559996367830243,0.004506508354097605,0.2786836936488664,0.44666122062325675,0.04838709677419355,0.8582581835798919,0.0003898297734747139,-0.0005344433582931601,1.2384435003641017e-07,2.104072700603865e-05,1.4857839687465457e-06,9.676871327637883e-10,0.0,0.0,0.8992788524276787,0.9564105868339539,0.997926126805044,0.9996969699859619
180,val::math500::19::bc0d44d3d5575105::sample0,val::math500::19::bc0d44d3d5575105,76,0,math500,0.0,0.0,2048,-0.159235201145455,0.586573742226022,-6.606212615966797,0.0,0.9237842635259881,0.0013519427739083767,0.15578185198347344,0.3750247687977316,0.0322265625,0.9999177269637585,0.00018154786291679916,-0.0001765047265754274,1.3964121664498184e-05,0.00023049721494317055,2.7535452318261378e-05,2.5404102888539004e-08,0.0,0.0,0.945786908872833,0.99996417760849,0.9983135078509804,0.9999971985816956
180,val::math500::19::bc0d44d3d5575105::sample1,val::math500::19::bc0d44d3d5575105,77,1,math500,1.0,1.0,495,-0.36590695281518726,0.8895689681653348,-9.424287796020508,0.0,0.8277683274478109,8.073908247752115e-05,0.35470091769675377,0.5456283512118338,0.07474747474747474,0.8983042263425887,0.0003900312982567274,-0.0005571250657721148,5.933892633527136e-08,3.7259246710164007e-06,3.2302407362294616e-06,7.386980363342388e-11,0.0,0.0,0.8777824924449728,0.4496867060661316,0.9950293076158774,0.9997696876525879
180,val::math500::19::bc0d44d3d5575105::sample2,val::math500::19::bc0d44d3d5575105,78,2,math500,1.0,1.0,661,-0.16253626813369465,0.5166458061054895,-3.9819984436035156,0.0,0.9156186614360283,0.018648333847522736,0.16936457101870306,0.3900476533115206,0.036308623298033284,0.9479573830030859,0.00020172490691842176,-0.00029541797266327953,1.1498049312034852e-07,1.324356890108902e-05,6.712084086757386e-06,1.970860342007294e-10,0.0,0.0,0.9407133426906121,0.7053221464157104,0.9982474255128996,0.9999569654464722
180,val::math500::19::bc0d44d3d5575105::sample3,val::math500::19::bc0d44d3d5575105,79,3,math500,1.0,1.0,1558,-0.21676405381029443,0.6687958272435466,-10.101068496704102,0.0,0.892716443663468,4.1035684262169525e-05,0.20943393561018137,0.399913864469373,0.03915275994865212,0.991992425173521,-3.605268094491082e-05,1.113205755195469e-05,2.755957922114127e-07,4.6876917622284964e-05,1.4696894140797667e-05,4.1895725889950197e-10,0.0,0.0,0.9268640892936422,0.7765655517578125,0.9981413030272424,0.9999650120735168
180,val::math500::20::3df80308e3f022b6::sample0,val::math500::20::3df80308e3f022b6,80,0,math500,1.0,1.0,265,-0.23859981183835882,0.6137916959556492,-3.934507369995117,0.0,0.8755448298353069,0.019555330276489258,0.22955091174052808,0.39749042740784246,0.04905660377358491,0.9003273844718933,0.000997366118693532,-0.0009718397671702477,8.957856093231346e-08,6.960950486245565e-06,1.8247955040351371e-06,1.0347135966017368e-09,0.0,0.0,0.9135075765398314,0.9738063812255859,0.9991287400137704,0.9999745488166809
180,val::math500::20::3df80308e3f022b6::sample1,val::math500::20::3df80308e3f022b6,81,1,math500,1.0,1.0,263,-0.2054759435743358,0.5473582147613609,-3.58221435546875,0.0,0.8863848553113498,0.027814039960503578,0.2191445092761106,0.4144560658497184,0.030418250950570342,0.9053712068125606,0.00041866242733555066,-0.00042115130405507716,1.35667754303511e-07,5.43001078767702e-06,2.6444217837706674e-07,1.3474293181769612e-09,0.0,0.0,0.9145102213657401,0.9795681834220886,0.9982108330998584,0.9999865293502808
180,val::math500::20::3df80308e3f022b6::sample2,val::math500::20::3df80308e3f022b6,82,2,math500,1.0,1.0,268,-0.17199145172892985,0.42172964906397636,-2.7187485694885254,0.0,0.8941739037243733,0.06595724821090698,0.20695559153930107,0.37973786634800993,0.026119402985074626,0.9675845690071583,0.0008702144793595052,-0.0007812308869571705,6.778465707305827e-08,3.5871873933501774e-06,1.9360209080332424e-06,8.959942190116549e-10,0.0,0.0,0.9216520301441649,0.970565676689148,0.9993570538154289,0.9999893307685852
180,val::math500::20::3df80308e3f022b6::sample3,val::math500::20::3df80308e3f022b6,83,3,math500,1.0,1.0,268,-0.15937903203713932,0.41010805605370804,-2.352329730987549,0.0,0.9018907485835588,0.09514723718166351,0.19236934385780527,0.35775372175804065,0.022388059701492536,0.9241135036572814,0.00044202155727549145,-0.0009250331502294658,4.5587869057160654e-08,1.7906974107972928e-06,5.244440899332403e-07,2.814355794610202e-10,0.0,0.0,0.9245464780659818,0.9768452644348145,0.9997308981507572,0.9999905824661255
180,val::math500::21::47139315ca038099::sample0,val::math500::21::47139315ca038099,84,0,math500,0.0,0.0,490,-0.32543823333011407,1.001874517505803,-10.247024536132812,0.0,0.8682280590614733,3.546286097844131e-05,0.26244976292392064,0.5185521256302749,0.05918367346938776,0.9270390160381794,-0.0002209645859298604,0.0002844235424792121,3.5833843853456674e-07,2.666883847268764e-05,4.6611896209469705e-07,9.36152310643532e-11,0.0,0.0,0.9067858825532757,0.9838077425956726,0.9952191941592158,0.9999257922172546
180,val::math500::21::47139315ca038099::sample1,val::math500::21::47139315ca038099,85,1,math500,0.0,0.0,808,-0.19737637024946497,0.6572244184769241,-6.514810562133789,0.0,0.9042256506736791,0.0014813365414738655,0.21269977450968347,0.4454353914145957,0.0297029702970297,0.9832637012004852,0.0004367073752580478,-0.0003751566377930166,2.494519587357232e-07,2.760075767582748e-05,8.855815849528881e-07,2.359657897868248e-10,0.0,0.0,0.9274171035515495,0.9398626089096069,0.9968418907558564,0.9999831318855286
180,val::math500::21::47139315ca038099::sample2,val::math500::21::47139315ca038099,86,2,math500,0.0,0.0,684,-0.24267429580482214,0.6377386691823096,-3.776902437210083,0.0,0.8799926233341733,0.022893495857715607,0.24637322953227642,0.4937984125838675,0.06578947368421052,0.9768570326268673,-0.00012586004809707774,1.907906321315331e-05,2.1266512179191873e-07,2.5490888219792396e-05,6.111772108852165e-06,4.250060007345064e-10,0.0,0.0,0.9121761057874438,0.9947197437286377,0.9956579570010392,0.999957799911499
180,val::math500::21::47139315ca038099::sample3,val::math500::21::47139315ca038099,87,3,math500,0.0,0.0,802,-0.3199768651209677,0.8151350547413887,-8.189947128295898,0.0,0.8537099321073495,0.00027742853853851557,0.3218363720793906,0.5926450060235051,0.08728179551122195,0.9913006871938705,0.00014664785223730234,-0.00025497448490617857,1.6053846273973758e-07,5.091477305541048e-06,5.904367412767897e-07,-3.78166348045852e-11,0.0,0.0,0.8903910973460002,0.9705389738082886,0.9915268217536279,0.9999680519104004
180,val::math500::22::712f9feff9344745::sample0,val::math500::22::712f9feff9344745,88,0,math500,0.0,0.0,842,-0.6503494100179059,1.6001394634865556,-11.846172332763672,-3.576278118089249e-07,0.7880878993765775,7.165932402131148e-06,0.6101425460687029,1.0693366594584628,0.12589073634204276,0.34341892701883125,-0.0018340451048065145,0.0017238409899310192,0.0013139596542505435,0.7249734401702881,0.025579558685421944,8.716336801096252e-06,0.0023752969121140144,0.0023752969121140144,0.8404703011466389,0.35311490297317505,0.9623813303873261,0.5681726932525635
180,val::math500::22::712f9feff9344745::sample1,val::math500::22::712f9feff9344745,89,1,math500,0.0,0.0,1375,-0.3228928265907422,0.7995592002604248,-7.586399555206299,0.0,0.8482426424397749,0.000507304270286113,0.3185578378232979,0.5438560742068681,0.06981818181818182,0.791742572793737,-7.104936840476458e-06,-1.5741915079945345e-06,2.0999567404720756e-07,1.8913598978542723e-05,1.6184037576749688e-06,1.760431505021067e-10,0.0,0.0,0.8930844874165275,0.978661060333252,0.9949513565410267,0.9999916553497314
180,val::math500::22::712f9feff9344745::sample2,val::math500::22::712f9feff9344745,90,2,math500,1.0,1.0,649,-0.1434188493879981,0.5044183243902659,-6.87830924987793,0.0,0.9230652616762173,0.0010298838606104255,0.15228261665876164,0.3369023017575543,0.026194144838212634,0.8860377734526992,0.0003929083962144684,-0.0003553638251800711,1.1736080219530359e-07,2.7734111426980235e-05,2.2571887257072376e-06,5.246059187721086e-10,0.0,0.0,0.945289272189324,0.8278772830963135,0.9991512421650586,0.9999173879623413
180,val::math500::22::712f9feff9344745::sample3,val::math500::22::712f9feff9344745,91,3,math500,0.0,0.0,2048,-0.0937925001552254,0.39818416393812817,-8.319188117980957,0.0,0.947601256175183,0.00024379372189287096,0.11770340032876711,0.3240484170940019,0.01416015625,0.9998781997710466,0.00012062985335501331,-0.00015380801467034425,1.5257895750257723e-05,0.0006262699607759714,4.264395829522982e-05,2.9954930491752756e-08,0.0,0.0,0.9589425083031529,0.9998753666877747,0.9989365643414203,0.9999904632568359
180,val::math500::23::b0dac61211aa35f0::sample0,val::math500::23::b0dac61211aa35f0,92,0,math500,1.0,1.0,636,-0.06452167872228025,0.25962322226918555,-2.726341724395752,0.0,0.9582797356605904,0.06545831263065338,0.08400789094311002,0.24379112316364793,0.006289308176100629,0.9654020071029663,7.660062357485986e-05,-0.00011273313606795009,4.708345633521039e-08,2.470457957315375e-06,1.1263143733231118e-06,1.708770052326854e-10,0.0,0.0,0.9664026699351065,0.9909812808036804,0.9998877961305702,0.999941885471344
180,val::math500::23::b0dac61211aa35f0::sample1,val::math500::23::b0dac61211aa35f0,93,1,math500,1.0,1.0,648,-0.11407583136005814,0.49987410422001166,-5.896068572998047,0.0,0.9427331896846608,0.002750236075371504,0.1049666028770878,0.2798384244308256,0.016975308641975308,0.9872846975922585,-1.3953091817016504e-05,-5.3959431179509526e-05,1.078064089092192e-07,1.864947989815846e-05,5.563640002037573e-07,4.682179037488761e-10,0.0,0.0,0.9596747004967413,0.9735137224197388,0.9996272402781027,0.99995356798172
180,val::math500::23::b0dac61211aa35f0::sample2,val::math500::23::b0dac61211aa35f0,94,2,math500,1.0,1.0,550,-0.12829817434689422,0.5930530965476709,-6.840023994445801,0.0,0.942071217416828,0.0010700777638703585,0.09876443279393517,0.264226093759237,0.02,0.9587863297201693,5.700282800709425e-05,-3.7957560578664925e-05,5.781967197867263e-08,4.424927738000406e-06,1.2499164085966186e-06,2.4939591843104544e-10,0.0,0.0,0.96052127355879,0.9705096483230591,0.9998430478572845,0.9999871850013733
180,val::math500::23::b0dac61211aa35f0::sample3,val::math500::23::b0dac61211aa35f0,95,3,math500,1.0,1.0,561,-0.16150368956179456,0.6731540280094939,-8.37747859954834,0.0,0.9307598664985394,0.0002299891202710569,0.13152973684338562,0.34742986243369894,0.0338680926916221,0.8807919821701944,-0.00045390512478737596,0.00022997571923442215,4.226379962382031e-07,0.00011772825382649899,2.3958182282513008e-06,2.7116924059968387e-09,0.0,0.0,0.9534737829006079,0.9957237839698792,0.998643486257543,0.9999603033065796
180,val::math500::24::29e3258744efc95c::sample0,val::math500::24::29e3258744efc95c,96,0,math500,0.0,0.0,530,-0.20661401470076898,0.5665222567036311,-3.4825892448425293,0.0,0.8938222344507868,0.030727745965123177,0.21676572269513802,0.46268311449824495,0.05471698113207547,0.9356853142380714,2.216447135677758e-05,7.351575593871817e-05,1.3278270832661828e-06,0.0006449251086451113,5.086410965304822e-06,1.3070912981804753e-08,0.0,0.0,0.9215167922231386,0.998563289642334,0.996871495584272,0.9999255537986755
180,val::math500::24::29e3258744efc95c::sample1,val::math500::24::29e3258744efc95c,97,1,math500,0.0,0.0,562,-0.14270917583893034,0.44327378074736634,-3.800015449523926,0.0,0.9175401663679458,0.02237042784690857,0.16742595959420123,0.33578670572506886,0.019572953736654804,0.8658687487477437,0.00011552164619884398,-8.269746416047802e-05,1.6855496974437116e-07,2.0945348296663724e-05,4.50247853223118e-06,6.129383711126974e-10,0.0,0.0,0.9373680257712395,0.830371081829071,0.9988806537249758,0.9995100498199463
180,val::math500::24::29e3258744efc95c::sample2,val::math500::24::29e3258744efc95c,98,2,math500,0.0,0.0,520,-0.15948530034754094,0.4745011755175534,-3.595949411392212,-1.1920928244535389e-07,0.9105547512487436,0.02743462286889553,0.1930996023614057,0.3921223628772405,0.03461538461538462,0.9082615316146985,0.0001532478488534116,-0.00018539403626325043,1.9613354977566165e-06,0.0008883659029379487,2.078858642562409e-06,1.8596457130247413e-08,0.0,0.0,0.932464864391547,0.9790318012237549,0.9977937045005651,0.9997031688690186
180,val::math500::24::29e3258744efc95c::sample3,val::math500::24::29e3258744efc95c,99,3,math500,1.0,1.0,493,-0.2222690308362929,0.6618252905987393,-6.384540557861328,0.0,0.8879420752256908,0.0016874436987563968,0.22406422965396625,0.37670969434982676,0.04056795131845842,0.8625521065805515,-0.00011772988427582716,7.279833802824941e-05,2.385777148015369e-07,4.700490535469726e-05,7.580124929518206e-06,1.6046753252487657e-09,0.0,0.0,0.9222441778403024,0.9608074426651001,0.9989396829392315,0.9993342757225037
180,val::math500::25::4f2f6cb4d4223ec2::sample0,val::math500::25::4f2f6cb4d4223ec2,100,0,math500,0.0,0.0,823,-0.23585882343081907,0.8608622713980407,-13.644054412841797,0.0,0.8914895913546945,1.187032012239797e-06,0.20734675531193222,0.3994199814789942,0.03523693803159174,0.8553341844817623,-0.00010708465415455127,7.76480063948453e-06,5.538486751563615e-07,0.00022897562303114682,1.254375320058898e-06,2.385133295076326e-09,0.0,0.0,0.9214324467382049,0.9739716053009033,0.9988747158722628,0.9999843835830688
180,val::math500::25::4f2f6cb4d4223ec2::sample1,val::math500::25::4f2f6cb4d4223ec2,101,1,math500,0.0,0.0,1067,-0.13695029361222408,0.46741617036216065,-4.930970191955566,0.0,0.9247555725801049,0.007219495717436075,0.14809414150506225,0.32139902239247087,0.02530459231490159,0.938958581071347,-1.761458657062149e-05,4.906282119823689e-05,1.3568832528145164e-07,4.539096698863432e-05,1.0989407428496634e-06,4.3843448102006916e-10,0.0,0.0,0.9452774907901339,0.8270308375358582,0.9994718099489542,0.9996870160102844
180,val::math500::25::4f2f6cb4d4223ec2::sample2,val::math500::25::4f2f6cb4d4223ec2,102,2,math500,0.0,0.0,911,-0.12556880232147566,0.41482565096820273,-3.651402235031128,0.0,0.9279349609375261,0.025954708456993103,0.13396795205845433,0.3014821204108618,0.018660812294182216,0.9633051920682192,0.00011406998769158131,-0.00013501981160164361,8.622846827843451e-08,2.805742042255588e-05,3.6047507023795333e-07,2.8636215654820543e-10,0.0,0.0,0.9486904663783136,0.9769275188446045,0.999564488619795,0.9999895691871643
180,val::math500::25::4f2f6cb4d4223ec2::sample3,val::math500::25::4f2f6cb4d4223ec2,103,3,math500,0.0,0.0,1183,-0.1347396028688059,0.49160478689658604,-5.828908443450928,0.0,0.9309959899337328,0.002941285725682974,0.11794463301988838,0.27931167446892496,0.027049873203719356,0.9369353549554944,7.24897654350708e-05,-5.3029426373751596e-05,2.365551160551298e-07,4.6998855395941064e-05,6.752709396096179e-07,4.4229347207146873e-10,0.0,0.0,0.9555541705954206,0.979560375213623,0.9997254210514027,0.9999813437461853
180,val::math500::26::7f269eada4e5b30d::sample0,val::math500::26::7f269eada4e5b30d,104,0,math500,0.0,0.0,722,-0.551119237134289,1.558632057100454,-13.87722110748291,-1.1920928244535389e-07,0.8113300956681251,9.401550187249086e-07,0.5665563856484288,1.1571580213458441,0.08448753462603878,0.1572698342516894,-0.0013617697909227527,0.0012575221911321351,0.002414066438922365,0.9977810978889465,0.005445181392133236,1.85858227910372e-05,0.004155124653739612,0.00554016620498615,0.8511928482177226,0.2623634934425354,0.9732391157515161,0.47531142830848694
180,val::math500::26::7f269eada4e5b30d::sample1,val::math500::26::7f269eada4e5b30d,105,1,math500,0.0,0.0,772,-0.29535777884835934,0.7402728472081025,-6.5480499267578125,-1.1920928244535389e-07,0.8496509003252397,0.0014329071855172515,0.3362358617430802,0.5092427808719,0.05181347150259067,0.9493690887466073,0.00046779539617367965,-0.00044015534864563885,1.152401516236105e-07,1.1680968782457057e-05,2.1866180759388953e-06,4.610793658176212e-10,0.0,0.0,0.8867303400922933,0.9673889875411987,0.9949879362175502,0.9999043941497803
180,val::math500::26::7f269eada4e5b30d::sample2,val::math500::26::7f269eada4e5b30d,106,2,math500,0.0,0.0,2048,-0.2671956075857595,0.7433240859898389,-9.389949798583984,0.0,0.8698113947013404,8.355965110240504e-05,0.28155031084383086,0.4866471302108421,0.05126953125,0.7979609530011658,0.00015104195904607425,-0.00014041800229662292,5.330877739788687e-06,0.00043055176502093673,1.9481977631130576e-07,1.0162691286625493e-08,0.0,0.0,0.9051910599373514,0.7216673493385315,0.996353604219621,0.997704267501831
180,val::math500::26::7f269eada4e5b30d::sample3,val::math500::26::7f269eada4e5b30d,107,3,math500,1.0,1.0,1133,-0.40213115608876293,0.9427396625701636,-7.881699085235596,-1.1920928244535389e-07,0.8193046946747131,0.00037759094266220927,0.3868312188817928,0.5756795708370599,0.08473080317740513,0.9722950253635645,0.00011276548350174572,-0.00014877338640136584,8.526793321373155e-07,0.00018893055676016957,2.6599809643812478e-06,9.838768776622446e-10,0.0,0.0,0.879099008856573,0.9756105542182922,0.9925713667749622,0.9999344944953918
180,val::math500::27::69040b81cefdaccc::sample0,val::math500::27::69040b81cefdaccc,108,0,math500,1.0,1.0,427,-0.10448116535289037,0.357415363303714,-3.197216510772705,0.0,0.9363899169886698,0.04087582230567932,0.12987209742725878,0.2927180384554429,0.01639344262295082,0.9626096785068512,0.00026698834597709193,-0.00034664780897139926,6.466227245567333e-08,1.1752201316994615e-05,3.395815610929276e-07,2.9671162384196307e-10,0.0,0.0,0.9525640719249601,0.9796584844589233,0.9997517172011614,0.9999976754188538
180,val::math500::27::69040b81cefdaccc::sample1,val::math500::27::69040b81cefdaccc,109,1,math500,1.0,1.0,512,-0.1515988815491967,0.5076487810113337,-5.213709831237793,0.0,0.9202781942103684,0.005441449116915464,0.14990868791346007,0.33053991909458824,0.02734375,0.922229175674147,0.0002562936377354361,-0.00038586708801939296,8.764851720018691e-08,1.4495612049358897e-05,4.052551219047018e-07,-5.833781174707443e-12,0.0,0.0,0.9457063905429095,0.9692343473434448,0.9993965200847015,0.9999832510948181
180,val::math500::27::69040b81cefdaccc::sample2,val::math500::27::69040b81cefdaccc,110,2,math500,1.0,1.0,485,-0.12264230512786022,0.4261753141520513,-3.9030802249908447,0.0,0.9317424311004963,0.020179659128189087,0.12502042748046494,0.2974803817244519,0.024742268041237112,0.9644297268241644,0.00021686689512824891,-0.0002830919872692874,5.196752606853128e-08,2.9610034744109726e-06,6.753353432031872e-07,1.9526300591528647e-10,0.0,0.0,0.9527801715836083,0.9796533584594727,0.9997364877425519,0.9999967813491821
180,val::math500::27::69040b81cefdaccc::sample3,val::math500::27::69040b81cefdaccc,111,3,math500,1.0,1.0,281,-0.1227015856012503,0.4424666549360576,-5.056136608123779,0.0,0.9291442759497442,0.006370122078806162,0.16085173521136548,0.34033757536232406,0.010676156583629894,0.9307998864242109,0.0007610641859108707,-0.0011157234180894217,6.071738506067183e-08,2.7260878141532885e-06,1.9134436115564313e-06,4.844939802067312e-10,0.0,0.0,0.9416038348369327,0.7018007040023804,0.9995576026600875,0.9998716115951538
180,val::math500::28::f3ed9561c6f7f1cb::sample0,val::math500::28::f3ed9561c6f7f1cb,112,0,math500,1.0,1.0,342,-0.2166764860003755,0.632227232966232,-5.0615105628967285,0.0,0.888339911778158,0.00633598119020462,0.21007766315813747,0.36083765771178383,0.03508771929824561,0.957032835111022,-9.737675070834576e-05,-0.0004907116185469541,6.439357917005868e-08,3.2887412544369e-06,6.893352519909968e-07,5.632907373278185e-10,0.0,0.0,0.9224100871044293,0.9999616146087646,0.9994155661753047,0.9999943971633911
180,val::math500::28::f3ed9561c6f7f1cb::sample1,val::math500::28::f3ed9561c6f7f1cb,113,1,math500,1.0,1.0,282,-0.19987011455378698,0.5755309443400264,-4.141213893890381,0.0,0.8951712333934104,0.01590353436768055,0.20827811354042985,0.4029857071388779,0.031914893617021274,0.9326270325109363,0.0008095377201560659,-0.0008798827678540414,1.236103780640829e-06,0.0003183058579452336,3.191760924892151e-06,7.937115822636026e-09,0.0,0.0,0.9232216101166204,0.970505952835083,0.9992566516636111,0.9999752044677734
180,val::math500::28::f3ed9561c6f7f1cb::sample2,val::math500::28::f3ed9561c6f7f1cb,114,2,math500,1.0,1.0,197,-0.28900973592486046,0.858626407688124,-6.1272292137146,0.0,0.8728908284940771,0.0021826201118528843,0.24558829136344915,0.4689080590815471,0.05583756345177665,0.9689727518707514,0.0034719715486155847,-0.0023215922503316048,0.00012459161608807318,0.024449624121189117,2.816705773511785e-06,-3.8591492343112395e-07,0.0,0.0,0.9107233048393036,0.9705014228820801,0.9968462825426595,0.999978244304657
180,val::math500::28::f3ed9561c6f7f1cb::sample3,val::math500::28::f3ed9561c6f7f1cb,115,3,math500,1.0,1.0,270,-0.31580210998463276,0.7438736665967073,-6.446458339691162,0.0,0.8417812014097796,0.001586129772476852,0.33239940135560436,0.5183633366987884,0.06666666666666667,0.9163911221548915,0.0018398132311263373,-0.0013890471955152436,1.5587584206349854e-06,0.00012098337901988998,2.8259792088647373e-05,1.897492508476021e-09,0.0,0.0,0.8886019628357005,0.9640902876853943,0.9962157677721094,0.9998030662536621
180,val::math500::29::b21de5e7f45f522c::sample0,val::math500::29::b21de5e7f45f522c,116,0,math500,0.0,0.0,321,-0.14758553792244505,0.5321178748399328,-5.872409820556641,0.0,0.9229989935030343,0.0028160789515823126,0.14861460222460054,0.30202464335981133,0.021806853582554516,0.960149368205748,0.00025769193783165527,-0.0006489363398659012,6.001021033221269e-08,1.994727881537983e-06,4.5978214302522247e-07,2.6992283798159506e-10,0.0,0.0,0.9477558150841068,0.9704328775405884,0.9995663060206119,0.9999836087226868
180,val::math500::29::b21de5e7f45f522c::sample1,val::math500::29::b21de5e7f45f522c,117,1,math500,1.0,1.0,301,-0.09377746808013877,0.3013487195472496,-2.989910364151001,0.0,0.9379035198436029,0.05029194429516792,0.14300874248213669,0.30545985185504576,0.006644518272425249,0.994468130171299,0.0008128787623570963,-0.0010189819837831365,3.866648999814147e-08,1.3709565109820687e-06,2.46938242298711e-07,2.374705854212109e-10,0.0,0.0,0.9477817785502273,0.9737237691879272,0.9995763244422964,0.9999477863311768
180,val::math500::29::b21de5e7f45f522c::sample2,val::math500::29::b21de5e7f45f522c,118,2,math500,1.0,1.0,280,-0.1515313068753249,0.5283844929713957,-5.006734371185303,0.0,0.921462435005898,0.006692723371088505,0.16190486092578554,0.3810248858477694,0.02857142857142857,0.8976782658137381,0.0013541409308371014,-0.0012250692136915365,1.1969186040128954e-07,5.771909400209552e-06,5.99321367644734e-07,8.449318234647257e-10,0.0,0.0,0.9418160415121487,0.7672306299209595,0.9987325055258615,0.9995318651199341
180,val::math500::29::b21de5e7f45f522c::sample3,val::math500::29::b21de5e7f45f522c,119,3,math500,1.0,1.0,317,-0.11967127711224451,0.5572308437970238,-7.628427028656006,0.0,0.9408799040959215,0.00048642538604326546,0.15987899229924607,0.5397592499521877,0.01892744479495268,0.8080277347262381,-0.00026718227076124283,0.0006611573962757194,0.004181365477674378,0.879477858543396,2.2148672229604927e-08,7.554651351403603e-05,0.012618296529968454,0.0031545741324921135,0.9551729934542713,0.9995114207267761,0.9953972127535365,0.999642550945282
180,val::math500::30::9fb1d825458ad431::sample0,val::math500::30::9fb1d825458ad431,120,0,math500,0.0,0.0,2048,-0.3084006051092559,0.9105226899259652,-11.978606224060059,0.0,0.8647689774556366,6.2770768636255525e-06,0.3008660320250812,0.5740571462680539,0.0595703125,0.9849326554685831,4.529080377671524e-05,-3.6956534090899236e-05,2.28531932017958e-07,8.590598736191168e-05,3.431402717524179e-08,8.794075397731441e-11,0.0,0.0,0.9021939223857771,0.9997884631156921,0.9932246075331932,0.9999991059303284
180,val::math500::30::9fb1d825458ad431::sample1,val::math500::30::9fb1d825458ad431,121,1,math500,0.0,0.0,559,-0.209811318429815,0.7364051359166487,-7.896925926208496,0.0,0.9044027526663305,0.00037188499118201435,0.182914339542398,0.35616981870186604,0.04114490161001789,0.8784360699355602,0.0005503951639683256,-0.0004937828003478286,3.135081201476e-06,0.0014162686420604587,3.600921445467975e-06,4.7836601522290905e-09,0.0,0.0,0.9358418210141347,0.9662618041038513,0.998995919880159,0.9996848702430725
180,val::math500::30::9fb1d825458ad431::sample2,val::math500::30::9fb1d825458ad431,122,2,math500,1.0,1.0,496,-0.10492399730090941,0.3811035375562342,-3.4127838611602783,0.0,0.9395174156844376,0.03294934704899788,0.10698887095099113,0.2567841207830025,0.014112903225806451,0.9815226159989834,0.00018969300646604016,-0.00024817668521928904,3.785930420215543e-08,2.596450258351979e-06,1.0323278729629237e-06,7.847780094324912e-11,0.0,0.0,0.9592375504754244,0.9668670892715454,0.9998105064995827,0.9999900460243225
180,val::math500::30::9fb1d825458ad431::sample3,val::math500::30::9fb1d825458ad431,123,3,math500,1.0,1.0,540,-0.08328139748481295,0.38205256873304544,-4.505163192749023,0.0,0.9543456151771049,0.011051787063479424,0.09067380509741833,0.21756809856149903,0.014814814814814815,0.9876345600932837,0.0002443485927562876,-0.0002656904285338903,5.514704545746651e-08,7.982938768691383e-06,4.895372853752633e-07,1.4512845612291222e-10,0.0,0.0,0.9681396607999448,0.9706343412399292,0.999872887024173,0.9999927878379822
180,val::math500::31::a2306c7c78cec7e5::sample0,val::math500::31::a2306c7c78cec7e5,124,0,math500,1.0,1.0,321,-0.21380257736778652,0.6370350057814668,-6.134864330291748,0.0,0.8913636538715064,0.0021660190541297197,0.20847302245750118,0.4008242403090004,0.037383177570093455,0.9020704159047455,0.0005353978081978256,-0.0003269858163043793,2.6896700015745244e-07,3.168440525769256e-05,5.693877938028891e-07,1.6517899406767023e-09,0.0,0.0,0.9232870337562026,0.9963024854660034,0.9984554997485746,0.9999375343322754
180,val::math500::31::a2306c7c78cec7e5::sample1,val::math500::31::a2306c7c78cec7e5,125,1,math500,1.0,1.0,285,-0.2060759447390003,0.5836742253741977,-3.8714232444763184,0.0,0.8936382472841886,0.02082870341837406,0.21399051256336138,0.4151436234904066,0.03859649122807018,0.8064777597901411,-0.0006175297142226307,0.0005161368060978703,1.9916331845631116e-07,2.1490142898983322e-05,6.259659244278737e-07,-5.529277094340053e-11,0.0,0.0,0.9268799216600887,0.9666001796722412,0.9980997756907815,0.9999703764915466
180,val::math500::31::a2306c7c78cec7e5::sample2,val::math500::31::a2306c7c78cec7e5,126,2,math500,1.0,1.0,283,-0.07994248547271705,0.280231205644649,-2.03007173538208,0.0,0.9482755532534299,0.1313260942697525,0.10765711551444561,0.27719369601047306,0.01060070671378092,0.9771446995437145,0.00021954601357962773,-0.0005615052702378566,6.883884734481647e-08,4.658379111788236e-06,5.904591944272397e-07,-1.3507215862686605e-12,0.0,0.0,0.961268712690778,0.9705764055252075,0.9997559558376407,0.9999931454658508
180,val::math500::31::a2306c7c78cec7e5::sample3,val::math500::31::a2306c7c78cec7e5,127,3,math500,1.0,1.0,167,-0.14149909901791488,0.49772219053770866,-4.932560920715332,0.0,0.9223446261143301,0.007208019960671663,0.14749097689267315,0.3165971006782196,0.017964071856287425,0.9136499073501909,-0.00010322832533241336,-0.001121240029805309,1.1273794089446931e-07,4.943911335431039e-06,4.943911335431039e-06,2.454435147041177e-09,0.0,0.0,0.9449655786602796,0.6670742630958557,0.9996663867356534,0.9997164011001587
