formal_label,run_name,run_id,step,training_global_step,actor_entropy,actor_kl_loss,actor_ppo_kl,actor_pg_loss,train_response_length_mean,val_reward_mean,val_reward_pass1,val_reward_pass8,val_reward_best8_mean,val_aux_response_length_mean,val_token_entropy_mean,val_low_confidence_ratio,val_token_response_length_mean,val_top1_prob_mean,val_eos_prob_mean,val_topk_mass_mean,val_analyzed_samples,val_analyzed_sample_fraction
Base baseline (n=8),base_align_exp1_20260401_141352,refyqg089cx5qvp3g7zbo,0,,,,,,,0.3745,0.3745,0.762,0.7084539999999999,812.46875,0.6603227107908832,0.1153890534251317,812.46875,0.8542631885776969,0.0011881919188604,0.9445495413259304,64.0,0.016
Base baseline (n=8),base_align_exp1_20260401_141352,refyqg089cx5qvp3g7zbo,1,1.0,0.3455305397510528,1.426223513734115e-06,-1.292713515654853e-05,0.0001388636874253,681.46875,,,,,,,,,,,,,
Base baseline (n=8),base_align_exp1_20260401_141352,refyqg089cx5qvp3g7zbo,2,2.0,0.4399823844432831,1.5766483151269384e-06,-1.0104560449281095e-05,2.38134384744626e-06,702.9765625,,,,,,,,,,,,,
Base baseline (n=8),base_align_exp1_20260401_141352,refyqg089cx5qvp3g7zbo,3,3.0,0.4436939656734466,1.8551200839933555e-06,3.1082367305756975e-05,0.0001044788231183,708.880859375,,,,,,,,,,,,,
Base baseline (n=8),base_align_exp1_20260401_141352,refyqg089cx5qvp3g7zbo,4,4.0,0.3661771416664123,2.392590343625045e-06,-6.021233142483595e-05,-5.747109197784539e-05,723.236328125,,,,,,,,,,,,,
Base baseline (n=8),base_align_exp1_20260401_141352,refyqg089cx5qvp3g7zbo,5,5.0,0.3692652583122253,3.479417981067101e-06,-2.7411273457289557e-05,2.0139458001722232e-05,711.369140625,,,,,,,,,,,,,
Base baseline (n=8),base_align_exp1_20260401_141352,refyqg089cx5qvp3g7zbo,6,6.0,0.3358620405197143,6.780820255958275e-06,1.766513639545053e-05,5.780149922429701e-05,698.361328125,0.382,0.382,0.734,0.690246,698.65625,0.9904880608141772,0.155029744599007,698.65625,0.8173885188056013,0.001321683612063,0.9112146362804282,64.0,0.016
Base baseline (n=8),base_align_exp1_20260401_141352,refyqg089cx5qvp3g7zbo,7,7.0,0.3030526041984558,8.759011277614803e-06,5.951721259078724e-05,6.754591640856233e-05,703.12890625,,,,,,,,,,,,,
Base baseline (n=8),base_align_exp1_20260401_141352,refyqg089cx5qvp3g7zbo,8,8.0,0.285564124584198,1.199302083154663e-05,0.0001339143189671,3.7607366721204016e-05,681.662109375,,,,,,,,,,,,,
Base baseline (n=8),base_align_exp1_20260401_141352,refyqg089cx5qvp3g7zbo,9,9.0,0.36914724111557,1.3928126861184609e-05,-1.8964214270056345e-05,-2.283514041168111e-05,722.205078125,,,,,,,,,,,,,
Base baseline (n=8),base_align_exp1_20260401_141352,refyqg089cx5qvp3g7zbo,10,10.0,0.3109761476516723,1.9938782330974902e-05,8.213766322384686e-05,0.0001780812189622,723.978515625,,,,,,,,,,,,,
Base baseline (n=8),base_align_exp1_20260401_141352,refyqg089cx5qvp3g7zbo,11,11.0,0.3361073732376098,2.74162818065804e-05,5.0382076269173126e-05,0.0001222397748641,699.78515625,,,,,,,,,,,,,
Base baseline (n=8),base_align_exp1_20260401_141352,refyqg089cx5qvp3g7zbo,12,12.0,0.3082064986228943,3.253601073005541e-05,-3.626783827059832e-05,0.0002601375917095,724.904296875,0.43,0.43,0.76,0.717268,743.46875,0.6238737164046373,0.1089697784876634,743.46875,0.857784135831389,0.0011431021834961,0.9498382512400008,64.0,0.016
Base baseline (n=8),base_align_exp1_20260401_141352,refyqg089cx5qvp3g7zbo,13,13.0,0.2862798571586609,2.8352583578694635e-05,3.082199372728134e-05,0.0003370367420529,743.14453125,,,,,,,,,,,,,
Base baseline (n=8),base_align_exp1_20260401_141352,refyqg089cx5qvp3g7zbo,14,14.0,0.2785075604915619,3.435777152382968e-05,4.802776069567916e-06,0.0001158790435198,672.8359375,,,,,,,,,,,,,
Base baseline (n=8),base_align_exp1_20260401_141352,refyqg089cx5qvp3g7zbo,15,15.0,0.2337559014558792,3.390635568578659e-05,2.303323893038112e-05,0.0001986948255101,674.1875,,,,,,,,,,,,,
Base baseline (n=8),base_align_exp1_20260401_141352,refyqg089cx5qvp3g7zbo,16,16.0,0.2427216917276382,3.8349192111653e-05,-2.3488648231762e-05,0.0002310554722519,650.8671875,,,,,,,,,,,,,
Base baseline (n=8),base_align_exp1_20260401_141352,refyqg089cx5qvp3g7zbo,17,17.0,0.2473438084125518,4.0822145239260976e-05,-9.00795616964878e-06,0.0001962213101478,683.90234375,,,,,,,,,,,,,
Base baseline (n=8),base_align_exp1_20260401_141352,refyqg089cx5qvp3g7zbo,18,18.0,0.2039351612329483,4.150343355391328e-05,-1.0681030972570229e-05,0.0002255008492682,645.99609375,0.46575,0.46575,0.778,0.738384,644.78125,0.2960320100269863,0.0569233751756894,644.78125,0.9070936330895956,0.0014950427516809,0.9861836420699918,64.0,0.016
Base baseline (n=8),base_align_exp1_20260401_141352,refyqg089cx5qvp3g7zbo,19,19.0,0.2152645587921142,4.437574266447086e-05,2.3427294063793624e-05,0.0003174949359845,667.650390625,,,,,,,,,,,,,
Base baseline (n=8),base_align_exp1_20260401_141352,refyqg089cx5qvp3g7zbo,20,20.0,0.2076829224824905,4.4245641088735965e-05,-3.269537070060835e-05,0.000375676873193,667.83203125,,,,,,,,,,,,,
Base baseline (n=8),base_align_exp1_20260401_141352,refyqg089cx5qvp3g7zbo,21,21.0,0.2214575111865997,4.999711320863298e-05,3.03032480601928e-05,0.0004862580706515,668.5390625,,,,,,,,,,,,,
Base baseline (n=8),base_align_exp1_20260401_141352,refyqg089cx5qvp3g7zbo,22,22.0,0.1818163692951202,4.9634449077018417e-05,-3.4447255616854022e-06,0.0005436076040155,658.693359375,,,,,,,,,,,,,
Base baseline (n=8),base_align_exp1_20260401_141352,refyqg089cx5qvp3g7zbo,23,23.0,0.185282826423645,5.669450509770968e-05,1.768584115069416e-05,0.0002636631219274,623.05859375,,,,,,,,,,,,,
Base baseline (n=8),base_align_exp1_20260401_141352,refyqg089cx5qvp3g7zbo,24,24.0,0.167300283908844,5.9914503992786194e-05,2.762891988794536e-05,0.0003232448683831,627.818359375,0.4995,0.4995,0.814,0.769834,738.265625,0.2464454726932258,0.0458210755783191,738.265625,0.9186989816676427,0.0011899589635891,0.9904327486231934,64.0,0.016
Base baseline (n=8),base_align_exp1_20260401_141352,refyqg089cx5qvp3g7zbo,25,25.0,0.1697885990142822,5.8842293384486766e-05,-3.4399669351148354e-05,0.0002504021439335,613.578125,,,,,,,,,,,,,
Base baseline (n=8),base_align_exp1_20260401_141352,refyqg089cx5qvp3g7zbo,26,26.0,0.1524195969104766,5.926507621367705e-05,6.953996563296982e-05,0.0001381753284022,593.306640625,,,,,,,,,,,,,
Base baseline (n=8),base_align_exp1_20260401_141352,refyqg089cx5qvp3g7zbo,27,27.0,0.1516104489564895,6.226827814970193e-05,4.712782083027278e-05,0.0002006865099133,587.697265625,,,,,,,,,,,,,
Base baseline (n=8),base_align_exp1_20260401_141352,refyqg089cx5qvp3g7zbo,28,28.0,0.1480681598186493,6.537629742808804e-05,4.837803333046509e-05,0.0003223659788318,590.375,,,,,,,,,,,,,
Base baseline (n=8),base_align_exp1_20260401_141352,refyqg089cx5qvp3g7zbo,29,29.0,0.1501433849334716,6.746107057864492e-05,-1.4399561791833548e-06,0.0001556657584842,587.806640625,,,,,,,,,,,,,
Base baseline (n=8),base_align_exp1_20260401_141352,refyqg089cx5qvp3g7zbo,30,30.0,0.2003516107797622,6.963899207335089e-05,3.3559347158984565e-06,0.0003538788823789,600.953125,0.52,0.52,0.822,0.781636,588.578125,0.2563005970086995,0.0501473360057341,588.578125,0.917759100743794,0.0016452185444908,0.9888720189975356,64.0,0.016
Base baseline (n=8),base_align_exp1_20260401_141352,refyqg089cx5qvp3g7zbo,31,31.0,0.1524740904569626,7.306463285772224e-05,-3.451049214630783e-05,0.0003182848151936,587.740234375,,,,,,,,,,,,,
Base baseline (n=8),base_align_exp1_20260401_141352,refyqg089cx5qvp3g7zbo,32,32.0,0.1425280272960662,7.956330664882216e-05,-5.820378904175527e-06,0.0002681595033209,579.353515625,,,,,,,,,,,,,
Base baseline (n=8),base_align_exp1_20260401_141352,refyqg089cx5qvp3g7zbo,33,33.0,0.1510598808526992,8.086300168486105e-05,2.888985679616596e-05,0.0003027520999694,591.263671875,,,,,,,,,,,,,
Base baseline (n=8),base_align_exp1_20260401_141352,refyqg089cx5qvp3g7zbo,34,34.0,0.1402254998683929,7.983493235741435e-05,-2.073705553429228e-05,0.0002191911453337,579.130859375,,,,,,,,,,,,,
Base baseline (n=8),base_align_exp1_20260401_141352,refyqg089cx5qvp3g7zbo,35,35.0,0.1387497037649154,8.498402928580617e-05,2.239504365264544e-05,0.0001996243099711,579.49609375,,,,,,,,,,,,,
Base baseline (n=8),base_align_exp1_20260401_141352,refyqg089cx5qvp3g7zbo,36,36.0,0.1347865462303161,8.596098504654037e-05,-2.8102396321116885e-07,0.0002124837938026,575.65625,0.52425,0.52425,0.81,0.7693540000000001,675.40625,0.2089742891208128,0.0386110211446814,675.40625,0.9294913423467872,0.0013419199486452,0.9931441370475542,64.0,0.016
Base baseline (n=8),base_align_exp1_20260401_141352,refyqg089cx5qvp3g7zbo,37,37.0,0.133776843547821,8.70725144253015e-05,1.971781860987676e-05,0.0002328166083316,572.451171875,,,,,,,,,,,,,
Base baseline (n=8),base_align_exp1_20260401_141352,refyqg089cx5qvp3g7zbo,38,38.0,0.1425729990005493,8.408211678556654e-05,-1.8781989077787387e-05,0.0003241816780246,588.04296875,,,,,,,,,,,,,
Base baseline (n=8),base_align_exp1_20260401_141352,refyqg089cx5qvp3g7zbo,39,39.0,0.1356109380722046,9.33084596539402e-05,1.834858278737528e-05,0.0003036665866602,582.3125,,,,,,,,,,,,,
Base baseline (n=8),base_align_exp1_20260401_141352,refyqg089cx5qvp3g7zbo,40,40.0,0.1419957429170608,8.588870194614628e-05,3.033955516595909e-05,0.0002004912703341,564.1796875,,,,,,,,,,,,,
Base baseline (n=8),base_align_exp1_20260401_141352,refyqg089cx5qvp3g7zbo,41,41.0,0.1309947520494461,8.899912117499298e-05,-3.5672504480555034e-05,0.0002693675342015,575.28125,,,,,,,,,,,,,
Base baseline (n=8),base_align_exp1_20260401_141352,refyqg089cx5qvp3g7zbo,42,42.0,0.1346390694379806,9.485515897011965e-05,-3.335783093499911e-05,0.0001792922817003,575.1171875,0.53175,0.53175,0.806,0.766612,651.75,0.1932331977057008,0.037710970464135,651.75,0.9338590035184298,0.0014801178998879,0.9939394326424024,64.0,0.016
Base baseline (n=8),base_align_exp1_20260401_141352,refyqg089cx5qvp3g7zbo,43,43.0,0.1305647641420364,9.257582281207988e-05,-1.854495545572377e-05,0.0002078669972433,570.154296875,,,,,,,,,,,,,
Base baseline (n=8),base_align_exp1_20260401_141352,refyqg089cx5qvp3g7zbo,44,44.0,0.1284130960702896,9.353492128383324e-05,2.9840802159952773e-05,0.0002074444209938,571.04296875,,,,,,,,,,,,,
Base baseline (n=8),base_align_exp1_20260401_141352,refyqg089cx5qvp3g7zbo,45,45.0,0.1367716193199157,9.688658251150172e-05,-1.881292200200945e-05,0.0003069651620535,582.00390625,,,,,,,,,,,,,
Base baseline (n=8),base_align_exp1_20260401_141352,refyqg089cx5qvp3g7zbo,46,46.0,0.1336818635463714,0.0001004675392834,4.528328478854704e-05,0.0003041963973373,571.544921875,,,,,,,,,,,,,
Base baseline (n=8),base_align_exp1_20260401_141352,refyqg089cx5qvp3g7zbo,47,47.0,0.1257020682096481,9.973636727522715e-05,1.396637138384449e-06,0.0002300000660397,560.017578125,,,,,,,,,,,,,
Base baseline (n=8),base_align_exp1_20260401_141352,refyqg089cx5qvp3g7zbo,48,48.0,0.1278594732284546,0.0001013245445662,9.834223567484202e-06,0.000174621068254,555.39453125,0.5385,0.5385,0.798,0.7635239999999999,676.703125,0.2059295874675377,0.0395991595280426,676.703125,0.9306379257153176,0.0013583188115227,0.9929432562766164,64.0,0.016
Base baseline (n=8),base_align_exp1_20260401_141352,refyqg089cx5qvp3g7zbo,49,49.0,0.1355453580617904,0.0001007790271074,1.757578242589375e-05,0.000269889737865,572.39453125,,,,,,,,,,,,,
Base baseline (n=8),base_align_exp1_20260401_141352,refyqg089cx5qvp3g7zbo,50,50.0,0.130728930234909,0.000103004044675,-3.2035061439117385e-05,0.0003613057951952,572.0625,,,,,,,,,,,,,
Base baseline (n=8),base_align_exp1_20260401_141352,refyqg089cx5qvp3g7zbo,51,51.0,0.1250381767749786,0.0001061181177703,5.886733721460757e-05,0.0002493445917934,565.73046875,,,,,,,,,,,,,
Base baseline (n=8),base_align_exp1_20260401_141352,refyqg089cx5qvp3g7zbo,52,52.0,0.1442138105630874,0.000106314086949,-1.001997984673153e-05,0.0003784610580623,582.431640625,,,,,,,,,,,,,
Base baseline (n=8),base_align_exp1_20260401_141352,refyqg089cx5qvp3g7zbo,53,53.0,0.1256172806024551,0.0001109273261334,2.1618811418822048e-05,0.0002637543248056,558.603515625,,,,,,,,,,,,,
Base baseline (n=8),base_align_exp1_20260401_141352,refyqg089cx5qvp3g7zbo,54,54.0,0.1287775337696075,0.0001090356066555,2.0045575062077603e-05,0.0002147796903955,560.931640625,0.53825,0.53825,0.818,0.7803859999999999,603.390625,0.2015971676135269,0.0368749514462542,603.390625,0.9295992355490904,0.0015892146385126,0.994634252377768,64.0,0.016
Base baseline (n=8),base_align_exp1_20260401_141352,refyqg089cx5qvp3g7zbo,55,55.0,0.1293215602636337,0.0001108461914185,2.024746542517164e-05,0.0002407639840384,550.71875,,,,,,,,,,,,,
Base baseline (n=8),base_align_exp1_20260401_141352,refyqg089cx5qvp3g7zbo,56,56.0,0.1250806599855423,0.0001145769678743,-2.638724511200285e-06,0.0002299688176208,548.087890625,,,,,,,,,,,,,
Base baseline (n=8),base_align_exp1_20260401_141352,refyqg089cx5qvp3g7zbo,57,57.0,0.1338633596897125,0.0001099644143636,-8.30558412179272e-06,0.0003848313199341,577.20703125,,,,,,,,,,,,,
Base baseline (n=8),base_align_exp1_20260401_141352,refyqg089cx5qvp3g7zbo,58,58.0,0.1223786696791648,0.0001139283478721,2.407994919728651e-05,0.0002933112573373,556.04296875,,,,,,,,,,,,,
Base baseline (n=8),base_align_exp1_20260401_141352,refyqg089cx5qvp3g7zbo,59,59.0,0.1243346109986305,0.0001166003803945,1.2105911683768513e-05,0.0002156174996343,549.359375,,,,,,,,,,,,,
Base baseline (n=8),base_align_exp1_20260401_141352,refyqg089cx5qvp3g7zbo,60,60.0,0.1211538612842559,0.0001194576003484,1.650174482747957e-05,0.0001931129581862,550.0625,0.54425,0.54425,0.808,0.768538,702.109375,0.2497045151712738,0.0496272393457216,702.109375,0.9214223370796664,0.0012946809055322,0.9875026863754373,64.0,0.016
Base baseline (n=8),base_align_exp1_20260401_141352,refyqg089cx5qvp3g7zbo,61,61.0,0.1239823624491691,0.000113887833109,1.5008449305575766e-06,0.0001403292199029,536.353515625,,,,,,,,,,,,,
Base baseline (n=8),base_align_exp1_20260401_141352,refyqg089cx5qvp3g7zbo,62,62.0,0.1181300356984138,0.0001192775865348,2.9472740842528825e-05,9.613672682462492e-05,526.60546875,,,,,,,,,,,,,
Base baseline (n=8),base_align_exp1_20260401_141352,refyqg089cx5qvp3g7zbo,63,63.0,0.1141141280531883,0.0001148163759978,-3.7463960328811e-05,9.966734705812996e-05,527.65625,,,,,,,,,,,,,
Base baseline (n=8),base_align_exp1_20260401_141352,refyqg089cx5qvp3g7zbo,64,64.0,0.1162914112210273,0.00012112124692,7.574464754966925e-06,0.0001181479319711,535.2890625,,,,,,,,,,,,,
Base baseline (n=8),base_align_exp1_20260401_141352,refyqg089cx5qvp3g7zbo,65,65.0,0.1156683638691902,0.0001165594085108,-4.042465693476771e-05,0.0002165135069844,550.91796875,,,,,,,,,,,,,
Base baseline (n=8),base_align_exp1_20260401_141352,refyqg089cx5qvp3g7zbo,66,66.0,0.1242588236927986,0.0001222000367278,8.117954745534561e-06,0.0003357886171215,556.494140625,0.54475,0.54475,0.798,0.76254,654.734375,0.2177259003982633,0.0408323986349426,654.734375,0.9286426046857732,0.0014609893060957,0.9915791275683152,64.0,0.016
Base baseline (n=8),base_align_exp1_20260401_141352,refyqg089cx5qvp3g7zbo,67,67.0,0.1128577664494514,0.0001181746025764,1.952722448717025e-05,4.112665010325145e-05,519.9921875,,,,,,,,,,,,,
Base baseline (n=8),base_align_exp1_20260401_141352,refyqg089cx5qvp3g7zbo,68,68.0,0.1177046597003936,0.000122871981901,5.845227057144075e-05,0.0001363095525448,526.234375,,,,,,,,,,,,,
Base baseline (n=8),base_align_exp1_20260401_141352,refyqg089cx5qvp3g7zbo,69,69.0,0.1221786141395568,0.0001262409015794,7.160202208700284e-06,0.0001288254907194,527.142578125,,,,,,,,,,,,,
Base baseline (n=8),base_align_exp1_20260401_141352,refyqg089cx5qvp3g7zbo,70,70.0,0.1186784952878952,0.0001246853279184,-3.441820060118284e-05,0.0002370717911617,537.6328125,,,,,,,,,,,,,
Base baseline (n=8),base_align_exp1_20260401_141352,refyqg089cx5qvp3g7zbo,71,71.0,0.1157891452312469,0.0001243550391478,5.929529259773858e-05,0.000196699744265,535.5703125,,,,,,,,,,,,,
Base baseline (n=8),base_align_exp1_20260401_141352,refyqg089cx5qvp3g7zbo,72,72.0,0.1157024875283241,0.0001250419116161,-3.772096121323898e-05,0.0001140292579293,523.61328125,0.55325,0.55325,0.832,0.795832,634.8125,0.2377256715204979,0.0449689869055823,634.8125,0.924263233343682,0.001523917813196,0.98923584071508,64.0,0.016
Base baseline (n=8),base_align_exp1_20260401_141352,refyqg089cx5qvp3g7zbo,73,73.0,0.1243664845824241,0.0001221905213242,1.9033148149993903e-05,0.0001483176811234,531.26171875,,,,,,,,,,,,,
Base baseline (n=8),base_align_exp1_20260401_141352,refyqg089cx5qvp3g7zbo,74,74.0,0.1175143122673034,0.0001240072914043,2.437831924373413e-05,0.0001201639370265,527.541015625,,,,,,,,,,,,,
Base baseline (n=8),base_align_exp1_20260401_141352,refyqg089cx5qvp3g7zbo,75,75.0,0.1108773425221443,0.000131078819308,4.052153025746463e-05,0.0001131607223214,518.69140625,,,,,,,,,,,,,
Base baseline (n=8),base_align_exp1_20260401_141352,refyqg089cx5qvp3g7zbo,76,76.0,0.1111143678426742,0.0001229772990143,4.036733095258427e-05,7.466220358764986e-05,520.396484375,,,,,,,,,,,,,
Base baseline (n=8),base_align_exp1_20260401_141352,refyqg089cx5qvp3g7zbo,77,77.0,0.1093501299619674,0.0001303411846578,-1.3445431841674347e-05,5.413379221863579e-05,512.873046875,,,,,,,,,,,,,
Base baseline (n=8),base_align_exp1_20260401_141352,refyqg089cx5qvp3g7zbo,78,78.0,0.1134970411658287,0.0001234205960543,1.6140610664905353e-05,0.0001560209748276,527.376953125,0.54975,0.54975,0.798,0.768512,622.921875,0.2322537626971251,0.0440464544610831,622.921875,0.9270422136008846,0.0014974944514217,0.9894225965711296,64.0,0.016
Base baseline (n=8),base_align_exp1_20260401_141352,refyqg089cx5qvp3g7zbo,79,79.0,0.1235610246658325,0.0001236622709228,1.1884955243290918e-05,0.0001585341797181,529.900390625,,,,,,,,,,,,,
Base baseline (n=8),base_align_exp1_20260401_141352,refyqg089cx5qvp3g7zbo,80,80.0,0.1135201603174209,0.0001242069479303,-2.789055423946252e-05,0.0001373505710944,521.416015625,,,,,,,,,,,,,
Base baseline (n=8),base_align_exp1_20260401_141352,refyqg089cx5qvp3g7zbo,81,81.0,0.1126443147659301,0.000124131026908,-8.454241456234968e-06,9.010848225443624e-05,524.220703125,,,,,,,,,,,,,
Base baseline (n=8),base_align_exp1_20260401_141352,refyqg089cx5qvp3g7zbo,82,82.0,0.112692728638649,0.0001254880008616,3.7404072259050736e-05,0.0001738560340527,524.380859375,,,,,,,,,,,,,
Base baseline (n=8),base_align_exp1_20260401_141352,refyqg089cx5qvp3g7zbo,83,83.0,0.1119965836405754,0.0001226233655415,-1.4764621796281574e-06,0.000172305023625,524.193359375,,,,,,,,,,,,,
Base baseline (n=8),base_align_exp1_20260401_141352,refyqg089cx5qvp3g7zbo,84,84.0,0.1148592978715896,0.0001299988463614,2.547270850161709e-05,0.0001551733539599,528.99609375,0.539,0.539,0.804,0.7647780000000001,590.765625,0.2267495872463052,0.0421592742468724,590.765625,0.924450699656058,0.001624351552774,0.99145258241362,64.0,0.016
Base baseline (n=8),base_align_exp1_20260401_141352,refyqg089cx5qvp3g7zbo,85,85.0,0.1159394681453704,0.0001307385679041,2.65073545504535e-05,0.0001405502762281,525.068359375,,,,,,,,,,,,,
Base baseline (n=8),base_align_exp1_20260401_141352,refyqg089cx5qvp3g7zbo,86,86.0,0.1123106330633163,0.0001291922086608,-1.9920593991695767e-05,0.0001009382222036,516.70703125,,,,,,,,,,,,,
Base baseline (n=8),base_align_exp1_20260401_141352,refyqg089cx5qvp3g7zbo,87,87.0,0.1167494505643844,0.0001320405910831,1.6050426987490596e-05,0.0002460604209773,532.02734375,,,,,,,,,,,,,
Base baseline (n=8),base_align_exp1_20260401_141352,refyqg089cx5qvp3g7zbo,88,88.0,0.1084497198462486,0.0001331143071183,-8.257500743402701e-06,2.2796268240199424e-05,504.646484375,,,,,,,,,,,,,
Base baseline (n=8),base_align_exp1_20260401_141352,refyqg089cx5qvp3g7zbo,89,89.0,0.1168176159262657,0.0001312646854785,4.492610061412883e-06,0.0001619898839635,527.728515625,,,,,,,,,,,,,
Base baseline (n=8),base_align_exp1_20260401_141352,refyqg089cx5qvp3g7zbo,90,90.0,0.1135720461606979,0.0001326676432995,7.317099885995049e-07,0.0002008821611525,526.556640625,0.55425,0.55425,0.82,0.781126,676.890625,0.1989979370487729,0.0374183421435331,676.890625,0.9307143882201464,0.0013617676844652,0.994317333337406,64.0,0.016
Base baseline (n=8),base_align_exp1_20260401_141352,refyqg089cx5qvp3g7zbo,91,91.0,0.114736370742321,0.0001274882738613,4.16183037432738e-05,0.0001585411482665,527.853515625,,,,,,,,,,,,,
Base baseline (n=8),base_align_exp1_20260401_141352,refyqg089cx5qvp3g7zbo,92,92.0,0.1125576794147491,0.0001341603484661,5.780675387256906e-07,0.0001518264116384,521.5703125,,,,,,,,,,,,,
Base baseline (n=8),base_align_exp1_20260401_141352,refyqg089cx5qvp3g7zbo,93,93.0,0.1169365793466568,0.0001299611135721,1.1170576092092016e-05,0.0001997741528612,533.623046875,,,,,,,,,,,,,
Base baseline (n=8),base_align_exp1_20260401_141352,refyqg089cx5qvp3g7zbo,94,94.0,0.1115790978074073,0.0001332070457777,-1.1578573378301373e-05,0.000143837550695,522.9296875,,,,,,,,,,,,,
Base baseline (n=8),base_align_exp1_20260401_141352,refyqg089cx5qvp3g7zbo,95,95.0,0.11154305934906,0.0001322209911194,-7.192855591964253e-05,0.0001261489906028,517.22265625,,,,,,,,,,,,,
Base baseline (n=8),base_align_exp1_20260401_141352,refyqg089cx5qvp3g7zbo,96,96.0,0.1104427203536033,0.0001296959367351,1.0413951263110732e-05,0.0001222473674715,513.34375,0.568,0.568,0.826,0.788126,566.65625,0.1790820643332897,0.0340539348149782,566.65625,0.9370951670671545,0.0017530684492036,0.9951316519198532,64.0,0.016
Base baseline (n=8),base_align_exp1_20260401_141352,refyqg089cx5qvp3g7zbo,97,97.0,0.1129715889692306,0.0001340229985515,-1.7682312360989272e-05,0.0001466659741709,523.921875,,,,,,,,,,,,,
Base baseline (n=8),base_align_exp1_20260401_141352,refyqg089cx5qvp3g7zbo,98,98.0,0.1138880103826522,0.0001319395768177,2.6942887888736777e-05,0.0001594271216163,523.55859375,,,,,,,,,,,,,
Base baseline (n=8),base_align_exp1_20260401_141352,refyqg089cx5qvp3g7zbo,99,99.0,0.1114373505115509,0.0001268865289034,3.022039944955424e-06,0.0001612773030501,520.646484375,,,,,,,,,,,,,
Base baseline (n=8),base_align_exp1_20260401_141352,refyqg089cx5qvp3g7zbo,100,100.0,0.1103826910257339,0.0001346039764058,2.9315393941686807e-05,0.0001051676508723,514.43359375,,,,,,,,,,,,,
Base baseline (n=8),base_align_exp1_20260401_141352,refyqg089cx5qvp3g7zbo,101,101.0,0.1126465424895286,0.0001354104344102,6.140997999182218e-05,0.0001558654748805,521.06640625,,,,,,,,,,,,,
Base baseline (n=8),base_align_exp1_20260401_141352,refyqg089cx5qvp3g7zbo,102,102.0,0.1097824573516845,0.0001367491239108,3.518483187570087e-05,8.808562597550917e-05,513.8359375,0.56,0.56,0.824,0.783342,603.21875,0.1840552021380947,0.0325856084546443,603.21875,0.935911086002965,0.0015612764059293,0.9945348907503904,64.0,0.016
Base baseline (n=8),base_align_exp1_20260401_141352,refyqg089cx5qvp3g7zbo,103,103.0,0.113049991428852,0.0001390759887982,-4.364878126850158e-05,0.0001551673522044,526.66796875,,,,,,,,,,,,,
Base baseline (n=8),base_align_exp1_20260401_141352,refyqg089cx5qvp3g7zbo,104,104.0,0.1087869927287101,0.0001344242652265,-2.8251631349451856e-05,0.0001577063894728,521.78515625,,,,,,,,,,,,,
Base baseline (n=8),base_align_exp1_20260401_141352,refyqg089cx5qvp3g7zbo,105,105.0,0.1103767678141594,0.0001389398710216,1.5897194791669733e-05,8.120152688206872e-05,510.193359375,,,,,,,,,,,,,
Base baseline (n=8),base_align_exp1_20260401_141352,refyqg089cx5qvp3g7zbo,106,106.0,0.1139187663793563,0.0001366955319497,-4.572265523528074e-05,0.0001426939734301,516.560546875,,,,,,,,,,,,,
Base baseline (n=8),base_align_exp1_20260401_141352,refyqg089cx5qvp3g7zbo,107,107.0,0.1144506484270095,0.0001351146142951,2.17619384583756e-05,0.000135190119181,522.421875,,,,,,,,,,,,,
Base baseline (n=8),base_align_exp1_20260401_141352,refyqg089cx5qvp3g7zbo,108,108.0,0.1107422783970832,0.0001412603698014,-7.893645060264019e-06,0.0001437810324205,518.09765625,0.5635,0.5635,0.822,0.788404,650.21875,0.212024300916676,0.0402508771086653,650.21875,0.9278922848030692,0.0014528653895724,0.9933234390007252,64.0,0.016
Base baseline (n=8),base_align_exp1_20260401_141352,refyqg089cx5qvp3g7zbo,109,109.0,0.1077946946024894,0.0001397347347165,4.28885309591287e-05,8.666611392982304e-05,510.990234375,,,,,,,,,,,,,
Base baseline (n=8),base_align_exp1_20260401_141352,refyqg089cx5qvp3g7zbo,110,110.0,0.1054065749049186,0.0001383583326628,-3.212251487560991e-05,5.441093617264414e-05,505.470703125,,,,,,,,,,,,,
Base baseline (n=8),base_align_exp1_20260401_141352,refyqg089cx5qvp3g7zbo,111,111.0,0.115112081170082,0.0001405863382615,-4.37467207525799e-06,0.0001395355329805,519.443359375,,,,,,,,,,,,,
Base baseline (n=8),base_align_exp1_20260401_141352,refyqg089cx5qvp3g7zbo,112,112.0,0.1129461824893951,0.0001351792488435,2.2250748221847028e-06,0.0001521691510788,523.177734375,,,,,,,,,,,,,
Base baseline (n=8),base_align_exp1_20260401_141352,refyqg089cx5qvp3g7zbo,113,113.0,0.1059875339269638,0.000138613411508,-7.158778103644181e-08,3.853049747704063e-06,497.228515625,,,,,,,,,,,,,
Base baseline (n=8),base_align_exp1_20260401_141352,refyqg089cx5qvp3g7zbo,114,114.0,0.1088889017701149,0.0001360562443863,-2.754301157992245e-05,5.116168267704779e-05,503.359375,0.56175,0.56175,0.818,0.7824780000000001,612.390625,0.2308926364193128,0.0456459061567116,612.390625,0.925599978248916,0.0015383472964166,0.9898470689121782,64.0,0.016
Base baseline (n=8),base_align_exp1_20260401_141352,refyqg089cx5qvp3g7zbo,115,115.0,0.1531486809253692,0.0001367234105771,2.7324575623044467e-05,0.0002515928426873,531.248046875,,,,,,,,,,,,,
Base baseline (n=8),base_align_exp1_20260401_141352,refyqg089cx5qvp3g7zbo,116,116.0,0.1219576299190521,0.0001382694267562,1.7240869579993046e-05,7.152813122957014e-05,511.900390625,,,,,,,,,,,,,
Base baseline (n=8),base_align_exp1_20260401_141352,refyqg089cx5qvp3g7zbo,117,117.0,0.1100208312273025,0.00013657474787,-1.2677053726761756e-06,5.431838781078113e-05,505.9140625,,,,,,,,,,,,,
Base baseline (n=8),base_align_exp1_20260401_141352,refyqg089cx5qvp3g7zbo,118,118.0,0.1104665920138359,0.0001384558171082,3.273638363943121e-06,7.417029428324895e-05,507.74609375,,,,,,,,,,,,,
Base baseline (n=8),base_align_exp1_20260401_141352,refyqg089cx5qvp3g7zbo,119,119.0,0.1079870983958244,0.0001406534247934,1.1942196672443116e-05,9.648234845371916e-05,510.326171875,,,,,,,,,,,,,
Base baseline (n=8),base_align_exp1_20260401_141352,refyqg089cx5qvp3g7zbo,120,120.0,0.1121464520692825,0.0001320847255072,4.2621226657324485e-05,0.0001227118555107,515.595703125,0.55625,0.55625,0.836,0.791698,620.359375,0.1881362487095037,0.035186257965393,620.359375,0.9343275366071352,0.001470308344071,0.9947547832850566,64.0,0.016
Base baseline (n=8),base_align_exp1_20260401_141352,refyqg089cx5qvp3g7zbo,121,121.0,0.1101776883006096,0.0001366324207907,8.660248840497431e-06,5.5782299568818416e-05,506.220703125,,,,,,,,,,,,,
Base baseline (n=8),base_align_exp1_20260401_141352,refyqg089cx5qvp3g7zbo,122,122.0,0.1109492108225822,0.0001402156378276,5.61559273536405e-05,5.377974684961373e-05,509.912109375,,,,,,,,,,,,,
Base baseline (n=8),base_align_exp1_20260401_141352,refyqg089cx5qvp3g7zbo,123,123.0,0.1316707134246826,0.0001380132044914,-2.0487528305412898e-05,0.000177533886017,518.72265625,,,,,,,,,,,,,
Base baseline (n=8),base_align_exp1_20260401_141352,refyqg089cx5qvp3g7zbo,124,124.0,0.1111515164375305,0.0001473136637173,1.1101290906456382e-05,8.1274876720272e-05,510.029296875,,,,,,,,,,,,,
Base baseline (n=8),base_align_exp1_20260401_141352,refyqg089cx5qvp3g7zbo,125,125.0,0.1097094416618347,0.0001357320657149,-7.021136895435376e-06,5.191342461330351e-05,507.232421875,,,,,,,,,,,,,
Base baseline (n=8),base_align_exp1_20260401_141352,refyqg089cx5qvp3g7zbo,126,126.0,0.1100986003875732,0.0001343660733965,-1.8299877914351725e-05,4.9857391786645167e-05,509.15234375,0.5535,0.5535,0.796,0.764046,536.859375,0.1693216387858271,0.0312290811723274,536.859375,0.9401429524753796,0.0018252417811064,0.9958871814618202,64.0,0.016
Base baseline (n=8),base_align_exp1_20260401_141352,refyqg089cx5qvp3g7zbo,127,127.0,0.1107283905148506,0.0001438832093754,-3.035974671172781e-05,7.662785537831951e-05,508.5234375,,,,,,,,,,,,,
Base baseline (n=8),base_align_exp1_20260401_141352,refyqg089cx5qvp3g7zbo,128,128.0,0.1105219796299934,0.0001361444708436,-1.4975556297258665e-05,7.383531192317605e-05,510.4921875,,,,,,,,,,,,,
Base baseline (n=8),base_align_exp1_20260401_141352,refyqg089cx5qvp3g7zbo,129,129.0,0.111468032002449,0.0001353327902791,-2.1348699496659407e-05,8.709034500498092e-05,514.40234375,,,,,,,,,,,,,
Base baseline (n=8),base_align_exp1_20260401_141352,refyqg089cx5qvp3g7zbo,130,130.0,0.1098532527685165,0.0001393038927517,-6.264686464518832e-05,0.0001079392895917,512.431640625,,,,,,,,,,,,,
Base baseline (n=8),base_align_exp1_20260401_141352,refyqg089cx5qvp3g7zbo,131,131.0,0.108125127851963,0.000134603153981,2.675828455345197e-05,2.1928980459051672e-05,500.236328125,,,,,,,,,,,,,
Base baseline (n=8),base_align_exp1_20260401_141352,refyqg089cx5qvp3g7zbo,132,132.0,0.115331582725048,0.00013633194024,-3.205288970242748e-06,0.0001264119564439,519.986328125,0.56175,0.56175,0.82,0.780726,621.546875,0.1902380534560226,0.0349681993011387,621.546875,0.9344328449227882,0.0014513567084582,0.9946203211433354,64.0,0.016
Base baseline (n=8),base_align_exp1_20260401_141352,refyqg089cx5qvp3g7zbo,133,133.0,0.1079815030097961,0.0001326137596606,3.5658252073744734e-05,7.47221438359702e-05,510.08203125,,,,,,,,,,,,,
Base baseline (n=8),base_align_exp1_20260401_141352,refyqg089cx5qvp3g7zbo,134,134.0,0.1102239340543747,0.000136376120281,-1.023101283537109e-05,8.262356641353108e-05,515.798828125,,,,,,,,,,,,,
Base baseline (n=8),base_align_exp1_20260401_141352,refyqg089cx5qvp3g7zbo,135,135.0,0.1062133610248565,0.0001356839366053,-5.94659217503235e-05,2.502112420188496e-05,501.7890625,,,,,,,,,,,,,
Base baseline (n=8),base_align_exp1_20260401_141352,refyqg089cx5qvp3g7zbo,136,136.0,0.109169028699398,0.000137283809579,1.7214313750457677e-05,6.245751774258679e-05,509.810546875,,,,,,,,,,,,,
Base baseline (n=8),base_align_exp1_20260401_141352,refyqg089cx5qvp3g7zbo,137,137.0,0.1154078245162964,0.0001394743569562,-1.596450600521715e-06,0.0001107388652599,516.462890625,,,,,,,,,,,,,
Base baseline (n=8),base_align_exp1_20260401_141352,refyqg089cx5qvp3g7zbo,138,138.0,0.1094063892960548,0.000137835239272,-5.075522465824989e-05,0.0001047027426466,509.4921875,0.5495,0.5495,0.804,0.7685899999999999,590.46875,0.1972609255231225,0.0382905530563641,590.46875,0.9320434380536612,0.0016739556306741,0.9936538962782864,64.0,0.016
Base baseline (n=8),base_align_exp1_20260401_141352,refyqg089cx5qvp3g7zbo,139,139.0,0.1077877506613731,0.0001372985863241,6.360584144150805e-05,5.357402915251441e-05,503.841796875,,,,,,,,,,,,,
Base baseline (n=8),base_align_exp1_20260401_141352,refyqg089cx5qvp3g7zbo,140,140.0,0.11684250831604,0.0001292149983953,3.0911044807346855e-05,0.000124881838019,520.880859375,,,,,,,,,,,,,
Base baseline (n=8),base_align_exp1_20260401_141352,refyqg089cx5qvp3g7zbo,141,141.0,0.1124154850840568,0.0001329060021646,-1.777330345698047e-05,4.598420491674915e-05,513.498046875,,,,,,,,,,,,,
Base baseline (n=8),base_align_exp1_20260401_141352,refyqg089cx5qvp3g7zbo,142,142.0,0.105414368212223,0.0001332633740958,-3.0447973230707248e-05,2.533552742534084e-05,503.16015625,,,,,,,,,,,,,
Base baseline (n=8),base_align_exp1_20260401_141352,refyqg089cx5qvp3g7zbo,143,143.0,0.1072140038013458,0.0001357132351955,4.840095127178756e-05,0.0001043870352077,514.890625,,,,,,,,,,,,,
Base baseline (n=8),base_align_exp1_20260401_141352,refyqg089cx5qvp3g7zbo,144,144.0,0.1064458787441253,0.0001407380244984,-3.093835219503127e-05,2.8489333999459632e-05,501.359375,0.57225,0.57225,0.804,0.776704,629.640625,0.2327814477754443,0.0433531032086755,629.640625,0.9271605450198778,0.0015918989515986,0.9888161368786224,64.0,0.016
Base baseline (n=8),base_align_exp1_20260401_141352,refyqg089cx5qvp3g7zbo,145,145.0,0.1083744466304779,0.0001413315777938,3.1345304777552485e-05,9.581642916600686e-05,510.283203125,,,,,,,,,,,,,
Base baseline (n=8),base_align_exp1_20260401_141352,refyqg089cx5qvp3g7zbo,146,146.0,0.1154200732707977,0.0001309981692827,1.746027473048528e-05,0.0001549922926642,521.169921875,,,,,,,,,,,,,
Base baseline (n=8),base_align_exp1_20260401_141352,refyqg089cx5qvp3g7zbo,147,147.0,0.1094446554780006,0.0001343405708098,2.622415795405786e-06,0.0001623927191758,519.046875,,,,,,,,,,,,,
Base baseline (n=8),base_align_exp1_20260401_141352,refyqg089cx5qvp3g7zbo,148,148.0,0.1063786447048187,0.0001364641352665,3.179844661138631e-06,7.343040851992555e-05,508.955078125,,,,,,,,,,,,,
Base baseline (n=8),base_align_exp1_20260401_141352,refyqg089cx5qvp3g7zbo,149,149.0,0.1140555739402771,0.0001349231248042,-1.4748242142204049e-05,7.249014925037045e-05,509.2421875,,,,,,,,,,,,,
Base baseline (n=8),base_align_exp1_20260401_141352,refyqg089cx5qvp3g7zbo,150,150.0,0.1083591729402542,0.000137106758359,7.09528519005076e-06,6.821212173235836e-05,511.2890625,0.55925,0.55925,0.81,0.7720499999999999,572.328125,0.1692272080989528,0.0326517240437904,572.328125,0.9401465028043544,0.0017026021027842,0.9957901917861948,64.0,0.016
Base baseline (n=8),base_align_exp1_20260401_141352,refyqg089cx5qvp3g7zbo,151,151.0,0.1099485382437706,0.0001350973751499,-3.585156180685445e-05,8.361764139408479e-05,508.19921875,,,,,,,,,,,,,
Base baseline (n=8),base_align_exp1_20260401_141352,refyqg089cx5qvp3g7zbo,152,152.0,0.1114038601517677,0.0001368988861116,4.807100197457004e-06,0.0001311435744355,516.19140625,,,,,,,,,,,,,
Base baseline (n=8),base_align_exp1_20260401_141352,refyqg089cx5qvp3g7zbo,153,153.0,0.1114741489291191,0.0001423238298912,2.8913283998122097e-06,0.0001568621737533,517.341796875,,,,,,,,,,,,,
Base baseline (n=8),base_align_exp1_20260401_141352,refyqg089cx5qvp3g7zbo,154,154.0,0.1092646643519401,0.0001419369120014,2.536030207644924e-05,8.726447413209826e-05,510.15625,,,,,,,,,,,,,
Base baseline (n=8),base_align_exp1_20260401_141352,refyqg089cx5qvp3g7zbo,155,155.0,0.1091113835573196,0.0001361560323545,-2.557841888323198e-06,0.0001069773952622,513.83984375,,,,,,,,,,,,,
Base baseline (n=8),base_align_exp1_20260401_141352,refyqg089cx5qvp3g7zbo,156,156.0,0.1060921028256416,0.0001340040193156,-3.939226883509228e-05,9.597570169717072e-06,502.734375,0.57525,0.57525,0.814,0.7806259999999999,605.453125,0.2214544856867337,0.0440269426307775,605.453125,0.927749042323446,0.001590792995276,0.9907795342141642,64.0,0.016
Base baseline (n=8),base_align_exp1_20260401_141352,refyqg089cx5qvp3g7zbo,157,157.0,0.1099224686622619,0.000136576057713,-4.987503786146874e-05,6.778643910365645e-05,507.2578125,,,,,,,,,,,,,
Base baseline (n=8),base_align_exp1_20260401_141352,refyqg089cx5qvp3g7zbo,158,158.0,0.1159116551280021,0.0001329163224284,-1.825739776784019e-05,9.930530632118462e-05,512.701171875,,,,,,,,,,,,,
Base baseline (n=8),base_align_exp1_20260401_141352,refyqg089cx5qvp3g7zbo,159,159.0,0.1085595712065696,0.0001396463884333,8.07979000927439e-06,5.835647971252911e-05,508.12890625,,,,,,,,,,,,,
Base baseline (n=8),base_align_exp1_20260401_141352,refyqg089cx5qvp3g7zbo,160,160.0,0.1100329458713531,0.000133563043164,-2.2158854202203315e-05,5.663522279064637e-05,509.0703125,,,,,,,,,,,,,
Base baseline (n=8),base_align_exp1_20260401_141352,refyqg089cx5qvp3g7zbo,161,161.0,0.1085609719157219,0.0001317047708937,-6.595647684048966e-05,1.297384824283654e-05,501.154296875,,,,,,,,,,,,,
Base baseline (n=8),base_align_exp1_20260401_141352,refyqg089cx5qvp3g7zbo,162,162.0,0.1117981374263763,0.0001383135604982,-2.294459272444982e-05,0.0001354204050585,516.291015625,0.5715,0.5715,0.812,0.776432,562.5,0.1958481736183166,0.0340555555555555,562.5,0.934675599416097,0.0017358241175922,0.9929420856899686,64.0,0.016
Base baseline (n=8),base_align_exp1_20260401_141352,refyqg089cx5qvp3g7zbo,163,163.0,0.1070374995470047,0.0001330305412636,-3.872185479969481e-05,4.058894774061628e-05,506.994140625,,,,,,,,,,,,,
Base baseline (n=8),base_align_exp1_20260401_141352,refyqg089cx5qvp3g7zbo,164,164.0,0.1106224283576011,0.0001317322887075,-3.212882961486224e-05,0.0001023598633764,513.689453125,,,,,,,,,,,,,
Base baseline (n=8),base_align_exp1_20260401_141352,refyqg089cx5qvp3g7zbo,165,165.0,0.1084907278418541,0.0001367540554753,-1.2645333233862743e-05,4.499471924646059e-05,506.162109375,,,,,,,,,,,,,
Base baseline (n=8),base_align_exp1_20260401_141352,refyqg089cx5qvp3g7zbo,166,166.0,0.1068784892559051,0.0001357578551335,1.4319696477249622e-05,2.2521666323882528e-05,501.9296875,,,,,,,,,,,,,
Base baseline (n=8),base_align_exp1_20260401_141352,refyqg089cx5qvp3g7zbo,167,167.0,0.1077403649687767,0.0001355375965772,4.1111057793585815e-06,2.549182863731403e-05,505.09765625,,,,,,,,,,,,,
Base baseline (n=8),base_align_exp1_20260401_141352,refyqg089cx5qvp3g7zbo,168,168.0,0.113872542977333,0.0001402859960819,-8.472557556427063e-06,7.478578208974795e-05,511.744140625,0.57475,0.57475,0.814,0.7783300000000001,590.796875,0.1903472641712362,0.0352807384094575,590.796875,0.9347938553134494,0.0016003957751323,0.993877861154306,64.0,0.016
Base baseline (n=8),base_align_exp1_20260401_141352,refyqg089cx5qvp3g7zbo,169,169.0,0.110542893409729,0.0001319831205535,-7.01860459795256e-06,5.309205698722508e-05,504.330078125,,,,,,,,,,,,,
Base baseline (n=8),base_align_exp1_20260401_141352,refyqg089cx5qvp3g7zbo,170,170.0,0.1107256859540939,0.0001351230858119,2.9695905265914035e-06,5.332823366188677e-05,505.029296875,,,,,,,,,,,,,
Base baseline (n=8),base_align_exp1_20260401_141352,refyqg089cx5qvp3g7zbo,171,171.0,0.1089420691132545,0.0001335906162438,7.545818911935953e-06,2.520707403164124e-05,505.537109375,,,,,,,,,,,,,
Base baseline (n=8),base_align_exp1_20260401_141352,refyqg089cx5qvp3g7zbo,172,172.0,0.1104970499873161,0.000134558984115,-1.3607030275863965e-06,4.623115000867983e-05,505.427734375,,,,,,,,,,,,,
Base baseline (n=8),base_align_exp1_20260401_141352,refyqg089cx5qvp3g7zbo,173,173.0,0.1091829538345336,0.0001346720470394,-1.006169209372132e-05,4.637768142856658e-07,497.828125,,,,,,,,,,,,,
Base baseline (n=8),base_align_exp1_20260401_141352,refyqg089cx5qvp3g7zbo,174,174.0,0.1107713803648948,0.0001356431537828,-1.0530343615755555e-05,5.757046892540529e-07,501.384765625,0.575,0.575,0.816,0.7817860000000001,588.078125,0.1883643521516854,0.0356829715439594,588.078125,0.9341016024906196,0.0016567246046824,0.994434032252172,64.0,0.016
Base baseline (n=8),base_align_exp1_20260401_141352,refyqg089cx5qvp3g7zbo,175,175.0,0.1102688312530517,0.0001407560979771,-4.859508645613242e-05,3.106963413301855e-05,506.140625,,,,,,,,,,,,,
Base baseline (n=8),base_align_exp1_20260401_141352,refyqg089cx5qvp3g7zbo,176,176.0,0.1097207888960838,0.0001384225636513,-5.623191026593588e-06,5.4852170251251664e-05,506.318359375,,,,,,,,,,,,,
Base baseline (n=8),base_align_exp1_20260401_141352,refyqg089cx5qvp3g7zbo,177,177.0,0.112354040145874,0.0001365086475857,-4.440145365880444e-05,4.193823497189442e-05,507.681640625,,,,,,,,,,,,,
Base baseline (n=8),base_align_exp1_20260401_141352,refyqg089cx5qvp3g7zbo,178,178.0,0.1153140738606453,0.0001314392474967,-6.105452647453546e-06,2.5352696866320912e-05,510.583984375,,,,,,,,,,,,,
Base baseline (n=8),base_align_exp1_20260401_141352,refyqg089cx5qvp3g7zbo,179,179.0,0.1161022707819938,0.0001301877602202,2.867292092645357e-05,7.691881364735309e-05,515.205078125,,,,,,,,,,,,,
Base baseline (n=8),base_align_exp1_20260401_141352,refyqg089cx5qvp3g7zbo,180,180.0,0.1162291392683982,0.0001312884901665,2.07212688319025e-06,4.959697798767593e-05,509.685546875,0.57325,0.57325,0.824,0.7876099999999999,603.078125,0.2021244004201613,0.0371272378682281,603.078125,0.931921149200796,0.0016828558990231,0.9932185271695744,64.0,0.016
Base nominal control condition,base_b_reward_shuffle_20260402_132309,n7tq5k0sid555howe8hmg,0,,,,,,,0.3745,0.3745,0.762,0.7084539999999999,812.46875,0.6603227107908832,0.1153890534251317,812.46875,0.8542631885776969,0.0011881919188604,0.9445495413259304,64.0,0.016
Base nominal control condition,base_b_reward_shuffle_20260402_132309,n7tq5k0sid555howe8hmg,1,1.0,0.3455305397510528,1.4264529346608157e-06,2.336098011301857e-05,0.000138750566748,681.46875,,,,,,,,,,,,,
Base nominal control condition,base_b_reward_shuffle_20260402_132309,n7tq5k0sid555howe8hmg,2,2.0,0.3979718089103699,1.6335980237425218e-06,-3.60885561434543e-07,0.0001757106338118,716.40234375,,,,,,,,,,,,,
Base nominal control condition,base_b_reward_shuffle_20260402_132309,n7tq5k0sid555howe8hmg,3,3.0,0.3350235521793365,1.874205831198239e-06,3.2601152472722106e-05,-1.0512980225030333e-05,696.41796875,,,,,,,,,,,,,
Base nominal control condition,base_b_reward_shuffle_20260402_132309,n7tq5k0sid555howe8hmg,4,4.0,0.3410149812698364,2.2655787503822467e-06,-1.486311748788438e-06,0.0001554316621366,706.796875,,,,,,,,,,,,,
Base nominal control condition,base_b_reward_shuffle_20260402_132309,n7tq5k0sid555howe8hmg,5,5.0,0.3481903970241546,3.2057439989241487e-06,-2.1444824492622416e-05,5.291877550916979e-05,714.208984375,,,,,,,,,,,,,
Base nominal control condition,base_b_reward_shuffle_20260402_132309,n7tq5k0sid555howe8hmg,6,6.0,0.3942421376705169,6.585386775004309e-06,-2.2412842935359837e-05,5.395878184799585e-05,688.244140625,0.38925,0.38925,0.756,0.7089840000000001,844.453125,0.6491200297003881,0.1119252474789527,844.453125,0.85647900874547,0.001097093116158,0.9472574035492072,64.0,0.016
Base nominal control condition,base_b_reward_shuffle_20260402_132309,n7tq5k0sid555howe8hmg,7,7.0,0.3421176075935364,9.231588469660323e-06,2.379836192289985e-05,0.0001656570974546,734.326171875,,,,,,,,,,,,,
Base nominal control condition,base_b_reward_shuffle_20260402_132309,n7tq5k0sid555howe8hmg,8,8.0,0.317546933889389,1.0628790477973382e-05,-1.5757582872311104e-05,-1.4060350736144756e-05,656.322265625,,,,,,,,,,,,,
Base nominal control condition,base_b_reward_shuffle_20260402_132309,n7tq5k0sid555howe8hmg,9,9.0,0.3295877575874328,1.1719859177361514e-05,-1.423229038699514e-05,0.0001535691720278,712.845703125,,,,,,,,,,,,,
Base nominal control condition,base_b_reward_shuffle_20260402_132309,n7tq5k0sid555howe8hmg,10,10.0,0.3164028525352478,1.6904867864653284e-05,1.53313024271462e-05,0.0001644187731812,729.7578125,,,,,,,,,,,,,
Base nominal control condition,base_b_reward_shuffle_20260402_132309,n7tq5k0sid555howe8hmg,11,11.0,0.3073181211948395,2.4959582145989145e-05,8.36221741518095e-05,0.0001658032555127,695.4921875,,,,,,,,,,,,,
Base nominal control condition,base_b_reward_shuffle_20260402_132309,n7tq5k0sid555howe8hmg,12,12.0,0.3372210562229156,2.6534553335011424e-05,5.463676256312056e-05,9.41714518987169e-05,746.615234375,0.4325,0.4325,0.796,0.746952,786.578125,0.4047850520943139,0.0778689338709997,786.578125,0.8877668042202909,0.0010044412833103,0.9731754332455824,64.0,0.016
Base nominal control condition,base_b_reward_shuffle_20260402_132309,n7tq5k0sid555howe8hmg,13,13.0,0.2492144703865051,2.881115067587814e-05,4.073137031818108e-05,0.0002549010537222,713.2578125,,,,,,,,,,,,,
Base nominal control condition,base_b_reward_shuffle_20260402_132309,n7tq5k0sid555howe8hmg,14,14.0,0.2705309689044952,3.179625050009349e-05,7.345048207163529e-05,7.043374887416576e-05,718.87890625,,,,,,,,,,,,,
Base nominal control condition,base_b_reward_shuffle_20260402_132309,n7tq5k0sid555howe8hmg,15,15.0,0.2749347686767578,3.2222527378777954e-05,3.885898747335581e-05,0.0001398358180253,702.841796875,,,,,,,,,,,,,
Base nominal control condition,base_b_reward_shuffle_20260402_132309,n7tq5k0sid555howe8hmg,16,16.0,0.2316790372133255,4.067343687808034e-05,2.99160080629024e-05,0.0001678759360679,682.71484375,,,,,,,,,,,,,
Base nominal control condition,base_b_reward_shuffle_20260402_132309,n7tq5k0sid555howe8hmg,17,17.0,0.226253792643547,3.767134611010192e-05,-9.993816471265404e-06,0.0003294758967626,680.70703125,,,,,,,,,,,,,
Base nominal control condition,base_b_reward_shuffle_20260402_132309,n7tq5k0sid555howe8hmg,18,18.0,0.219370350241661,3.971707513628076e-05,9.777008841993506e-05,0.0002537861858513,665.244140625,0.455,0.455,0.782,0.7363000000000001,747.3125,0.2935477205968635,0.0561804800535251,747.3125,0.90944721113133,0.0011036757332119,0.9853840217229825,64.0,0.016
Base nominal control condition,base_b_reward_shuffle_20260402_132309,n7tq5k0sid555howe8hmg,19,19.0,0.2259964048862457,4.428993431382367e-05,-2.516286516796029e-05,0.0003091575698128,664.3671875,,,,,,,,,,,,,
Base nominal control condition,base_b_reward_shuffle_20260402_132309,n7tq5k0sid555howe8hmg,20,20.0,0.196067526936531,4.5255091013274296e-05,3.097625880599253e-05,0.0002556398691666,633.544921875,,,,,,,,,,,,,
Base nominal control condition,base_b_reward_shuffle_20260402_132309,n7tq5k0sid555howe8hmg,21,21.0,0.1973297446966171,4.938559855816038e-05,-5.333634487492134e-05,0.0002465776360232,635.591796875,,,,,,,,,,,,,
Base nominal control condition,base_b_reward_shuffle_20260402_132309,n7tq5k0sid555howe8hmg,22,22.0,0.1873332560062408,4.917958760941587e-05,5.108208315007801e-06,0.0004691516801642,644.921875,,,,,,,,,,,,,
Base nominal control condition,base_b_reward_shuffle_20260402_132309,n7tq5k0sid555howe8hmg,23,23.0,0.1609601378440857,5.493836427916676e-05,2.584285433870903e-06,0.0002406045454677,610.228515625,,,,,,,,,,,,,
Base nominal control condition,base_b_reward_shuffle_20260402_132309,n7tq5k0sid555howe8hmg,24,24.0,0.1742285788059234,6.123839564864397e-05,-2.499089515417552e-05,0.00021886695896,596.080078125,0.50275,0.50275,0.786,0.7486179999999999,686.40625,0.2999304267992714,0.0577054404734805,686.40625,0.909199520799692,0.0013661483677401,0.9848806404237076,64.0,0.016
Base nominal control condition,base_b_reward_shuffle_20260402_132309,n7tq5k0sid555howe8hmg,25,25.0,0.178176000714302,5.6347630732034304e-05,-1.3791583532096752e-05,0.0003567467869629,639.958984375,,,,,,,,,,,,,
Base nominal control condition,base_b_reward_shuffle_20260402_132309,n7tq5k0sid555howe8hmg,26,26.0,0.217825636267662,5.9464237779138784e-05,2.3004244695812304e-06,0.0001823510680765,614.564453125,,,,,,,,,,,,,
Base nominal control condition,base_b_reward_shuffle_20260402_132309,n7tq5k0sid555howe8hmg,27,27.0,0.1543673872947693,5.805439668904455e-05,-2.039486943994362e-05,0.0001354674309368,591.0625,,,,,,,,,,,,,
Base nominal control condition,base_b_reward_shuffle_20260402_132309,n7tq5k0sid555howe8hmg,28,28.0,0.1588909775018692,6.325764230297182e-05,4.058903638437528e-05,0.0001634555722347,610.39453125,,,,,,,,,,,,,
Base nominal control condition,base_b_reward_shuffle_20260402_132309,n7tq5k0sid555howe8hmg,29,29.0,0.1486983448266983,5.993422830385953e-05,-5.483265186478903e-05,0.0001885432438939,584.53515625,,,,,,,,,,,,,
Base nominal control condition,base_b_reward_shuffle_20260402_132309,n7tq5k0sid555howe8hmg,30,30.0,0.1610427647829055,6.52502866245186e-05,2.8694982507460057e-05,0.0004080997632627,620.21875,0.5155,0.5155,0.798,0.757746,681.109375,0.2239571199624734,0.0420499644422013,681.109375,0.9241935108826532,0.0013243923288027,0.9925637236098944,64.0,0.016
Base nominal control condition,base_b_reward_shuffle_20260402_132309,n7tq5k0sid555howe8hmg,31,31.0,0.1474833488464355,6.741338922466866e-05,-1.4435233104848066e-05,0.000257952060565,588.173828125,,,,,,,,,,,,,
Base nominal control condition,base_b_reward_shuffle_20260402_132309,n7tq5k0sid555howe8hmg,32,32.0,0.1462071388959884,6.674745505819146e-05,1.925044688588784e-05,0.0003329006026433,588.13671875,,,,,,,,,,,,,
Base nominal control condition,base_b_reward_shuffle_20260402_132309,n7tq5k0sid555howe8hmg,33,33.0,0.1478209346532821,6.753588527885768e-05,-1.2322831413946744e-05,0.0002125075361618,587.12109375,,,,,,,,,,,,,
Base nominal control condition,base_b_reward_shuffle_20260402_132309,n7tq5k0sid555howe8hmg,34,34.0,0.1456450968980789,6.657193716108623e-05,5.410033847752515e-05,0.0003495845385259,595.615234375,,,,,,,,,,,,,
Base nominal control condition,base_b_reward_shuffle_20260402_132309,n7tq5k0sid555howe8hmg,35,35.0,0.1470647603273391,6.87566180275212e-05,-1.63535169539486e-06,0.0002115234960911,585.201171875,,,,,,,,,,,,,
Base nominal control condition,base_b_reward_shuffle_20260402_132309,n7tq5k0sid555howe8hmg,36,36.0,0.1426576077938079,6.666449939984886e-05,4.52598328013476e-05,0.0003694796973832,593.453125,0.5275,0.5275,0.82,0.7793340000000001,592.3125,0.2409663868061133,0.0457950828321198,592.3125,0.920971326917564,0.0015863223031993,0.9904216493850294,64.0,0.016
Base nominal control condition,base_b_reward_shuffle_20260402_132309,n7tq5k0sid555howe8hmg,37,37.0,0.1449586749076843,7.006323685487814e-05,-3.647282821139797e-05,0.0003529483246893,601.68359375,,,,,,,,,,,,,
Base nominal control condition,base_b_reward_shuffle_20260402_132309,n7tq5k0sid555howe8hmg,38,38.0,0.151264876127243,7.339127364502929e-05,-1.4449273703753818e-05,0.0004031142161693,599.1796875,,,,,,,,,,,,,
Base nominal control condition,base_b_reward_shuffle_20260402_132309,n7tq5k0sid555howe8hmg,39,39.0,0.1570164114236831,7.509890944135122e-05,4.3315491323525634e-05,0.000243452559971,579.72265625,,,,,,,,,,,,,
Base nominal control condition,base_b_reward_shuffle_20260402_132309,n7tq5k0sid555howe8hmg,40,40.0,0.1477213948965072,7.32175838820126e-05,2.1442020248674257e-05,0.0003380975203981,593.63671875,,,,,,,,,,,,,
Base nominal control condition,base_b_reward_shuffle_20260402_132309,n7tq5k0sid555howe8hmg,41,41.0,0.1391234397888183,7.247391790343727e-05,-4.416575606480677e-05,0.0003694883716889,579.265625,,,,,,,,,,,,,
Base nominal control condition,base_b_reward_shuffle_20260402_132309,n7tq5k0sid555howe8hmg,42,42.0,0.1402892917394638,7.810216512638135e-05,-2.102011359209066e-05,0.00026963334642,578.802734375,0.52775,0.52775,0.808,0.764668,569.609375,0.2092851495697017,0.0394733232752708,569.609375,0.92823248332035,0.0016574898128358,0.9936471451720228,64.0,0.016
Base nominal control condition,base_b_reward_shuffle_20260402_132309,n7tq5k0sid555howe8hmg,43,43.0,0.1331258416175842,7.762032976188493e-05,4.167591109549562e-05,0.0002903187441916,561.671875,,,,,,,,,,,,,
Base nominal control condition,base_b_reward_shuffle_20260402_132309,n7tq5k0sid555howe8hmg,44,44.0,0.1393700838088989,7.833995802286609e-05,1.32412123807768e-05,0.0003344212818774,576.896484375,,,,,,,,,,,,,
Base nominal control condition,base_b_reward_shuffle_20260402_132309,n7tq5k0sid555howe8hmg,45,45.0,0.1396930664777755,7.989940282726593e-05,4.119297813609535e-05,0.0003131807134195,586.9140625,,,,,,,,,,,,,
Base nominal control condition,base_b_reward_shuffle_20260402_132309,n7tq5k0sid555howe8hmg,46,46.0,0.1370116025209427,7.636334736815797e-05,7.106532146750055e-06,0.000242107988015,564.5546875,,,,,,,,,,,,,
Base nominal control condition,base_b_reward_shuffle_20260402_132309,n7tq5k0sid555howe8hmg,47,47.0,0.1311030834913253,8.28685614280289e-05,2.0801144184900977e-05,0.0002576150964159,564.28515625,,,,,,,,,,,,,
Base nominal control condition,base_b_reward_shuffle_20260402_132309,n7tq5k0sid555howe8hmg,48,48.0,0.1366739869117736,8.542235107000806e-05,1.0800873428751244e-05,0.0003133101999992,568.392578125,0.53175,0.53175,0.806,0.7674399999999999,639.734375,0.2274260235249703,0.0426202281220233,639.734375,0.925812683075654,0.0014540942086694,0.990811763806566,64.0,0.016
Base nominal control condition,base_b_reward_shuffle_20260402_132309,n7tq5k0sid555howe8hmg,49,49.0,0.1415953487157821,8.451740445281075e-05,9.290513514947918e-06,0.0002813949013216,579.796875,,,,,,,,,,,,,
Base nominal control condition,base_b_reward_shuffle_20260402_132309,n7tq5k0sid555howe8hmg,50,50.0,0.1358945816755294,8.346365719091864e-05,3.704417137795346e-05,0.0003277203049947,560.525390625,,,,,,,,,,,,,
Base nominal control condition,base_b_reward_shuffle_20260402_132309,n7tq5k0sid555howe8hmg,51,51.0,0.1241678968071937,8.5996969303892e-05,1.3666217706820303e-05,0.0001969819759324,552.34765625,,,,,,,,,,,,,
Base nominal control condition,base_b_reward_shuffle_20260402_132309,n7tq5k0sid555howe8hmg,52,52.0,0.1218307837843895,8.626672034495186e-05,-1.7838400406589017e-05,6.108410798333352e-05,534.748046875,,,,,,,,,,,,,
Base nominal control condition,base_b_reward_shuffle_20260402_132309,n7tq5k0sid555howe8hmg,53,53.0,0.1357319951057434,8.364458011556053e-05,-1.816212427119268e-05,0.0003069201293328,561.931640625,,,,,,,,,,,,,
Base nominal control condition,base_b_reward_shuffle_20260402_132309,n7tq5k0sid555howe8hmg,54,54.0,0.1285600215196609,8.92614132155245e-05,-1.557594208034807e-05,0.0001701253468127,546.92578125,0.53975,0.53975,0.82,0.7786020000000001,524.203125,0.1989999726943676,0.0371695132492771,524.203125,0.9323756164998324,0.0019294900417748,0.9938273841057198,64.0,0.016
Base nominal control condition,base_b_reward_shuffle_20260402_132309,n7tq5k0sid555howe8hmg,55,55.0,0.1249545961618423,8.831562418265548e-05,5.3270539867478206e-05,0.0001727710296108,544.099609375,,,,,,,,,,,,,
Base nominal control condition,base_b_reward_shuffle_20260402_132309,n7tq5k0sid555howe8hmg,56,56.0,0.1286934316158294,9.142215387925036e-05,4.623312816587344e-05,0.0002549240198277,553.53125,,,,,,,,,,,,,
Base nominal control condition,base_b_reward_shuffle_20260402_132309,n7tq5k0sid555howe8hmg,57,57.0,0.1349450945854187,9.051072753152312e-05,-1.2086946811401544e-05,0.0002155867050532,548.134765625,,,,,,,,,,,,,
Base nominal control condition,base_b_reward_shuffle_20260402_132309,n7tq5k0sid555howe8hmg,58,58.0,0.1330255568027496,9.34234143841195e-05,3.37721419132464e-05,0.000239658747887,547.7890625,,,,,,,,,,,,,
Base nominal control condition,base_b_reward_shuffle_20260402_132309,n7tq5k0sid555howe8hmg,59,59.0,0.1291608363389969,9.305395457204212e-05,5.461121675320868e-05,0.0002577510304035,552.5,,,,,,,,,,,,,
Base nominal control condition,base_b_reward_shuffle_20260402_132309,n7tq5k0sid555howe8hmg,60,60.0,0.1269072443246841,9.271696669799212e-05,-1.0511924521949825e-06,0.0003098948791375,554.0859375,0.54675,0.54675,0.818,0.779678,572.609375,0.2254728163255104,0.0424318498103528,572.609375,0.9254623805724846,0.0016506012574065,0.9911841402067624,64.0,0.016
Base nominal control condition,base_b_reward_shuffle_20260402_132309,n7tq5k0sid555howe8hmg,61,61.0,0.1321625262498855,9.76533389049905e-05,6.640213400443962e-05,0.0002147998357031,544.740234375,,,,,,,,,,,,,
Base nominal control condition,base_b_reward_shuffle_20260402_132309,n7tq5k0sid555howe8hmg,62,62.0,0.1215766966342926,8.7211218371408e-05,-4.279024098963191e-05,0.0001377599446641,538.4453125,,,,,,,,,,,,,
Base nominal control condition,base_b_reward_shuffle_20260402_132309,n7tq5k0sid555howe8hmg,63,63.0,0.1312102526426315,9.308719869238756e-05,1.5748791494907266e-05,0.0003443599334786,563.65234375,,,,,,,,,,,,,
Base nominal control condition,base_b_reward_shuffle_20260402_132309,n7tq5k0sid555howe8hmg,64,64.0,0.134137749671936,9.20812509832558e-05,-3.672145899313861e-05,0.0001489600017521,540.708984375,,,,,,,,,,,,,
Base nominal control condition,base_b_reward_shuffle_20260402_132309,n7tq5k0sid555howe8hmg,65,65.0,0.1411355435848236,8.622854864626106e-05,6.193331273651737e-05,0.0003991666071669,572.849609375,,,,,,,,,,,,,
Base nominal control condition,base_b_reward_shuffle_20260402_132309,n7tq5k0sid555howe8hmg,66,66.0,0.1235056668519973,8.973435991777023e-05,2.2949906970382017e-05,0.0001436692809875,541.376953125,0.54875,0.54875,0.82,0.779848,604.71875,0.1686932329835586,0.0299209343186398,604.71875,0.9409876863788028,0.0015632792103177,0.995686661026027,64.0,0.016
Base nominal control condition,base_b_reward_shuffle_20260402_132309,n7tq5k0sid555howe8hmg,67,67.0,0.127920851111412,9.182017244313556e-05,2.242597430424098e-06,0.0001829906950661,545.03515625,,,,,,,,,,,,,
Base nominal control condition,base_b_reward_shuffle_20260402_132309,n7tq5k0sid555howe8hmg,68,68.0,0.1249688416719436,9.051846643615136e-05,1.0840984085547234e-05,0.000160915376,540.21875,,,,,,,,,,,,,
Base nominal control condition,base_b_reward_shuffle_20260402_132309,n7tq5k0sid555howe8hmg,69,69.0,0.1245996803045272,9.588945364669144e-05,3.330188051611782e-05,0.0001731609227135,546.169921875,,,,,,,,,,,,,
Base nominal control condition,base_b_reward_shuffle_20260402_132309,n7tq5k0sid555howe8hmg,70,70.0,0.1199835166335106,9.910920914535382e-05,-2.8293046678840028e-05,0.0002054903525277,546.109375,,,,,,,,,,,,,
Base nominal control condition,base_b_reward_shuffle_20260402_132309,n7tq5k0sid555howe8hmg,71,71.0,0.1223644018173217,9.672004519245549e-05,3.702092679702673e-05,0.000200666816454,538.08984375,,,,,,,,,,,,,
Base nominal control condition,base_b_reward_shuffle_20260402_132309,n7tq5k0sid555howe8hmg,72,72.0,0.1187532320618629,9.37231615409928e-05,1.2771352366769406e-06,6.873619895486627e-05,528.69140625,0.55375,0.55375,0.816,0.78205,605.3125,0.3058050244754285,0.0553175012906556,605.3125,0.915301459710747,0.0016152912070923,0.982531833993324,64.0,0.016
Base nominal control condition,base_b_reward_shuffle_20260402_132309,n7tq5k0sid555howe8hmg,73,73.0,0.146206259727478,8.896909810118814e-05,-3.596025294760885e-06,0.000206956279726,542.640625,,,,,,,,,,,,,
Base nominal control condition,base_b_reward_shuffle_20260402_132309,n7tq5k0sid555howe8hmg,74,74.0,0.1220637336373329,9.201097057598416e-05,1.1971679442890348e-05,0.0002013236389757,549.734375,,,,,,,,,,,,,
Base nominal control condition,base_b_reward_shuffle_20260402_132309,n7tq5k0sid555howe8hmg,75,75.0,0.1194514408707618,9.834707287836864e-05,4.932385494194058e-05,0.0001124222962971,533.013671875,,,,,,,,,,,,,
Base nominal control condition,base_b_reward_shuffle_20260402_132309,n7tq5k0sid555howe8hmg,76,76.0,0.1191859543323516,9.182455274014956e-05,4.2981372257999695e-05,0.0001459654731661,535.224609375,,,,,,,,,,,,,
Base nominal control condition,base_b_reward_shuffle_20260402_132309,n7tq5k0sid555howe8hmg,77,77.0,0.1156583875417709,9.662664056975244e-05,-2.129327575772777e-05,0.0001340061262453,543.177734375,,,,,,,,,,,,,
Base nominal control condition,base_b_reward_shuffle_20260402_132309,n7tq5k0sid555howe8hmg,78,78.0,0.1110707893967628,9.899324267337306e-05,2.55803946171973e-05,-4.4010266719851643e-07,515.060546875,0.55525,0.55525,0.824,0.7877799999999999,591.296875,0.2590920115879316,0.0485690880744127,591.296875,0.9193621512633456,0.0016966790400251,0.988187577978166,64.0,0.016
Base nominal control condition,base_b_reward_shuffle_20260402_132309,n7tq5k0sid555howe8hmg,79,79.0,0.1157062277197837,8.92975605992774e-05,2.686410106989001e-05,0.0002158770294045,542.912109375,,,,,,,,,,,,,
Base nominal control condition,base_b_reward_shuffle_20260402_132309,n7tq5k0sid555howe8hmg,80,80.0,0.1219914406538009,9.527781838869488e-05,-7.977014078563993e-06,0.000163734635862,533.91796875,,,,,,,,,,,,,
Base nominal control condition,base_b_reward_shuffle_20260402_132309,n7tq5k0sid555howe8hmg,81,81.0,0.1135697811841964,9.516743321569264e-05,1.6331461026197758e-05,0.0001623952648515,534.216796875,,,,,,,,,,,,,
Base nominal control condition,base_b_reward_shuffle_20260402_132309,n7tq5k0sid555howe8hmg,82,82.0,0.1152136102318763,9.086766549160076e-05,2.255913212767524e-05,0.0001256667901543,525.701171875,,,,,,,,,,,,,
Base nominal control condition,base_b_reward_shuffle_20260402_132309,n7tq5k0sid555howe8hmg,83,83.0,0.122451938688755,9.966296065044844e-05,-2.503611407966844e-05,0.0001959647815965,542.20703125,,,,,,,,,,,,,
Base nominal control condition,base_b_reward_shuffle_20260402_132309,n7tq5k0sid555howe8hmg,84,84.0,0.1141008138656616,9.362668426149412e-05,8.037615862294123e-06,0.0001230550687978,528.681640625,0.54925,0.54925,0.794,0.7635740000000001,684.828125,0.2484408969596719,0.0473430833466426,684.828125,0.9223815727186016,0.0013604616478537,0.9876911986950974,64.0,0.016
Base nominal control condition,base_b_reward_shuffle_20260402_132309,n7tq5k0sid555howe8hmg,85,85.0,0.120177611708641,9.434778897343676e-05,2.425485894708146e-05,0.0001549303051433,529.853515625,,,,,,,,,,,,,
Base nominal control condition,base_b_reward_shuffle_20260402_132309,n7tq5k0sid555howe8hmg,86,86.0,0.1197016090154647,0.0001030738689848,1.2865608356449345e-05,0.0001859404073911,537.12109375,,,,,,,,,,,,,
Base nominal control condition,base_b_reward_shuffle_20260402_132309,n7tq5k0sid555howe8hmg,87,87.0,0.1201749444007873,9.812917248552822e-05,-2.2825429890183105e-05,0.000219302498408,537.58984375,,,,,,,,,,,,,
Base nominal control condition,base_b_reward_shuffle_20260402_132309,n7tq5k0sid555howe8hmg,88,88.0,0.1160774454474449,0.0001028595311396,-2.361134675332721e-06,8.045308641158044e-05,522.359375,,,,,,,,,,,,,
Base nominal control condition,base_b_reward_shuffle_20260402_132309,n7tq5k0sid555howe8hmg,89,89.0,0.1128330826759338,0.0001047266158025,1.220692773706844e-05,6.586046492884634e-05,513.54296875,,,,,,,,,,,,,
Base nominal control condition,base_b_reward_shuffle_20260402_132309,n7tq5k0sid555howe8hmg,90,90.0,0.1273249983787536,0.0001018902097484,-2.3901881286647608e-05,0.0001305028490605,526.576171875,0.544,0.544,0.82,0.779366,658.359375,0.2179582725064078,0.0415094339622641,658.359375,0.92713671483164,0.0014148604571678,0.9920709863710024,64.0,0.016
Base nominal control condition,base_b_reward_shuffle_20260402_132309,n7tq5k0sid555howe8hmg,91,91.0,0.1146877035498619,0.0001017482954921,-3.2502263568545686e-05,5.3912762268737424e-05,511.36328125,,,,,,,,,,,,,
Base nominal control condition,base_b_reward_shuffle_20260402_132309,n7tq5k0sid555howe8hmg,92,92.0,0.1180328503251075,9.71370727569365e-05,3.770730356722485e-05,0.0001514623681941,527.408203125,,,,,,,,,,,,,
Base nominal control condition,base_b_reward_shuffle_20260402_132309,n7tq5k0sid555howe8hmg,93,93.0,0.1115252897143364,9.980420668398438e-05,-1.985437263662959e-05,5.170548229216365e-05,512.306640625,,,,,,,,,,,,,
Base nominal control condition,base_b_reward_shuffle_20260402_132309,n7tq5k0sid555howe8hmg,94,94.0,0.1199200302362442,0.000102602900796,2.161144081430644e-05,0.0001111247443077,525.65234375,,,,,,,,,,,,,
Base nominal control condition,base_b_reward_shuffle_20260402_132309,n7tq5k0sid555howe8hmg,95,95.0,0.1187467724084854,9.922551554097936e-05,-1.804332834787203e-05,0.0001494004691267,525.564453125,,,,,,,,,,,,,
Base nominal control condition,base_b_reward_shuffle_20260402_132309,n7tq5k0sid555howe8hmg,96,96.0,0.1176491752266884,9.519105979904908e-05,-3.28665919475668e-05,0.0001604926092113,522.478515625,0.5475,0.5475,0.828,0.790622,707.015625,0.2341052671646333,0.044597670666755,707.015625,0.9232767613416916,0.0012385258983024,0.9902544118345934,64.0,0.016
Base nominal control condition,base_b_reward_shuffle_20260402_132309,n7tq5k0sid555howe8hmg,97,97.0,0.1184361428022384,9.242280725629826e-05,9.033312246220504e-06,0.0001256990935871,522.318359375,,,,,,,,,,,,,
Base nominal control condition,base_b_reward_shuffle_20260402_132309,n7tq5k0sid555howe8hmg,98,98.0,0.1125664561986923,9.897288082072464e-05,-1.411643740290014e-05,5.351525851438055e-05,508.50390625,,,,,,,,,,,,,
Base nominal control condition,base_b_reward_shuffle_20260402_132309,n7tq5k0sid555howe8hmg,99,99.0,0.1140821650624275,0.0001015143725027,6.503364514998111e-05,9.443868111702614e-05,517.224609375,,,,,,,,,,,,,
Base nominal control condition,base_b_reward_shuffle_20260402_132309,n7tq5k0sid555howe8hmg,100,100.0,0.1125451698899269,9.681269068551046e-05,-1.0267572163158434e-05,7.538807403761894e-05,514.537109375,,,,,,,,,,,,,
Base nominal control condition,base_b_reward_shuffle_20260402_132309,n7tq5k0sid555howe8hmg,101,101.0,0.1189315617084503,0.0001018461751982,1.9491164481078016e-05,0.0001224646757691,520.587890625,,,,,,,,,,,,,
Base nominal control condition,base_b_reward_shuffle_20260402_132309,n7tq5k0sid555howe8hmg,102,102.0,0.1182836145162582,9.983248929756884e-05,3.2167823063478096e-05,9.62865578912897e-05,521.7890625,0.55175,0.55175,0.812,0.773412,634.8125,0.1748852921339709,0.0321453184995569,634.8125,0.9379982632352244,0.0014651488764038,0.995739999831022,64.0,0.016
Base nominal control condition,base_b_reward_shuffle_20260402_132309,n7tq5k0sid555howe8hmg,103,103.0,0.1197311878204345,0.000104089628806,2.375600904791497e-05,3.89247345253807e-05,512.0390625,,,,,,,,,,,,,
Base nominal control condition,base_b_reward_shuffle_20260402_132309,n7tq5k0sid555howe8hmg,104,104.0,0.1101413518190384,9.700563515480098e-05,-3.0739528734002874e-05,3.603074219427072e-05,509.455078125,,,,,,,,,,,,,
Base nominal control condition,base_b_reward_shuffle_20260402_132309,n7tq5k0sid555howe8hmg,105,105.0,0.1187691316008567,0.0001037149015701,5.816812128323079e-05,5.175978822080651e-05,511.962890625,,,,,,,,,,,,,
Base nominal control condition,base_b_reward_shuffle_20260402_132309,n7tq5k0sid555howe8hmg,106,106.0,0.1176938340067863,0.0001006538984711,1.3121120772008332e-05,0.0001960660210897,527.072265625,,,,,,,,,,,,,
Base nominal control condition,base_b_reward_shuffle_20260402_132309,n7tq5k0sid555howe8hmg,107,107.0,0.1123076677322387,0.000101650898145,-4.865971056089435e-06,4.25171865572338e-05,511.810546875,,,,,,,,,,,,,
Base nominal control condition,base_b_reward_shuffle_20260402_132309,n7tq5k0sid555howe8hmg,108,108.0,0.1153731197118759,9.891261061056866e-05,-4.400896232059637e-05,0.000129686611217,524.0703125,0.56125,0.56125,0.818,0.7812760000000001,703.625,0.2041583383119345,0.0378397583940309,703.625,0.9309856501538792,0.0012948146375233,0.9931130706575672,64.0,0.016
Base nominal control condition,base_b_reward_shuffle_20260402_132309,n7tq5k0sid555howe8hmg,109,109.0,0.1143217459321022,0.0001014037234199,1.7272034621290677e-05,5.539423000300303e-07,506.01953125,,,,,,,,,,,,,
Base nominal control condition,base_b_reward_shuffle_20260402_132309,n7tq5k0sid555howe8hmg,110,110.0,0.1133871898055076,0.0001048836784462,2.5853971734934863e-05,7.883518992457539e-05,512.7578125,,,,,,,,,,,,,
Base nominal control condition,base_b_reward_shuffle_20260402_132309,n7tq5k0sid555howe8hmg,111,111.0,0.1117766052484512,0.0001034416961829,1.051847344712975e-05,-4.888055627816357e-06,512.546875,,,,,,,,,,,,,
Base nominal control condition,base_b_reward_shuffle_20260402_132309,n7tq5k0sid555howe8hmg,112,112.0,0.1163178756833076,0.0001048034523165,-1.1494147544865996e-06,0.0001544254728287,526.8203125,,,,,,,,,,,,,
Base nominal control condition,base_b_reward_shuffle_20260402_132309,n7tq5k0sid555howe8hmg,113,113.0,0.1129965558648109,0.0001061085739024,-4.176082246543089e-05,4.12871377193369e-05,511.927734375,,,,,,,,,,,,,
Base nominal control condition,base_b_reward_shuffle_20260402_132309,n7tq5k0sid555howe8hmg,114,114.0,0.1215026825666427,0.0001034664990271,5.716723986637362e-06,9.651442269387188e-05,523.1015625,0.5725,0.5725,0.818,0.78565,620.59375,0.2360185734292484,0.0462762475451936,620.59375,0.9243699676038828,0.0014832523856135,0.9897917237453,64.0,0.016
Base nominal control condition,base_b_reward_shuffle_20260402_132309,n7tq5k0sid555howe8hmg,115,115.0,0.1156423836946487,0.0001007932494729,2.8568279966334487e-05,0.0001015862681015,516.6484375,,,,,,,,,,,,,
Base nominal control condition,base_b_reward_shuffle_20260402_132309,n7tq5k0sid555howe8hmg,116,116.0,0.1121647655963897,0.0001035009436378,1.8585180257879585e-05,4.855847510043532e-05,512.3203125,,,,,,,,,,,,,
Base nominal control condition,base_b_reward_shuffle_20260402_132309,n7tq5k0sid555howe8hmg,117,117.0,0.1140758246183395,0.000102878986766,3.055565487269929e-06,4.824486495635938e-05,513.49609375,,,,,,,,,,,,,
Base nominal control condition,base_b_reward_shuffle_20260402_132309,n7tq5k0sid555howe8hmg,118,118.0,0.1142289116978645,0.0001048254761286,1.873665307339234e-05,4.87454017275013e-05,509.587890625,,,,,,,,,,,,,
Base nominal control condition,base_b_reward_shuffle_20260402_132309,n7tq5k0sid555howe8hmg,119,119.0,0.1114235445857048,0.0001077327288356,3.5332591617198705e-06,-1.1191684279765468e-05,503.32421875,,,,,,,,,,,,,
Base nominal control condition,base_b_reward_shuffle_20260402_132309,n7tq5k0sid555howe8hmg,120,120.0,0.1122127547860145,0.0001037316612695,1.0063080124744772e-05,5.135185801918851e-05,513.03125,0.55925,0.55925,0.818,0.7788619999999999,615.453125,0.1938009943159842,0.035314427885958,615.453125,0.9338309027434468,0.0015739947574384,0.9940880114448272,64.0,0.016
Base nominal control condition,base_b_reward_shuffle_20260402_132309,n7tq5k0sid555howe8hmg,121,121.0,0.1139554902911186,0.0001019707868863,2.639657039926746e-05,8.698494366399245e-05,519.53125,,,,,,,,,,,,,
Base nominal control condition,base_b_reward_shuffle_20260402_132309,n7tq5k0sid555howe8hmg,122,122.0,0.1108479648828506,0.0001022610732235,-6.408191440598898e-06,2.181812124035787e-05,510.345703125,,,,,,,,,,,,,
Base nominal control condition,base_b_reward_shuffle_20260402_132309,n7tq5k0sid555howe8hmg,123,123.0,0.1102530285716056,0.000103678378025,2.431188212537183e-05,7.984026706253644e-05,510.890625,,,,,,,,,,,,,
Base nominal control condition,base_b_reward_shuffle_20260402_132309,n7tq5k0sid555howe8hmg,124,124.0,0.1097069606184959,0.000105299613736,4.520391147089242e-05,5.192779008211801e-05,508.611328125,,,,,,,,,,,,,
Base nominal control condition,base_b_reward_shuffle_20260402_132309,n7tq5k0sid555howe8hmg,125,125.0,0.1153209283947944,9.715323236036966e-05,-2.890706498737128e-05,5.868949847354088e-05,510.658203125,,,,,,,,,,,,,
Base nominal control condition,base_b_reward_shuffle_20260402_132309,n7tq5k0sid555howe8hmg,126,126.0,0.1093913987278938,0.0001006415656519,-1.544793675534173e-05,5.237149252934614e-05,507.810546875,0.5625,0.5625,0.79,0.7655879999999999,580.5,0.1975657398283841,0.0373600344530577,580.5,0.9345394819589856,0.001665238290624,0.9930194268238944,64.0,0.016
Base nominal control condition,base_b_reward_shuffle_20260402_132309,n7tq5k0sid555howe8hmg,127,127.0,0.1086016669869422,0.0001040025061911,4.89055495540569e-05,2.4838265744620003e-05,507.951171875,,,,,,,,,,,,,
Base nominal control condition,base_b_reward_shuffle_20260402_132309,n7tq5k0sid555howe8hmg,128,128.0,0.111176885664463,9.910888594788504e-05,-1.1605724934415916e-05,0.0001094533918148,520.30859375,,,,,,,,,,,,,
Base nominal control condition,base_b_reward_shuffle_20260402_132309,n7tq5k0sid555howe8hmg,129,129.0,0.1117527410387992,0.0001102214931734,-1.0557299367386364e-05,6.119165300333407e-05,511.478515625,,,,,,,,,,,,,
Base nominal control condition,base_b_reward_shuffle_20260402_132309,n7tq5k0sid555howe8hmg,130,130.0,0.1080745682120323,0.0001045916034314,3.142037090542171e-05,4.558229193207808e-05,511.267578125,,,,,,,,,,,,,
Base nominal control condition,base_b_reward_shuffle_20260402_132309,n7tq5k0sid555howe8hmg,131,131.0,0.1112504750490188,0.000108269534337,-1.43225821001014e-05,1.3113631212036123e-06,506.361328125,,,,,,,,,,,,,
Base nominal control condition,base_b_reward_shuffle_20260402_132309,n7tq5k0sid555howe8hmg,132,132.0,0.107156790792942,0.0001099864630447,3.082188660741281e-05,5.0248807383468375e-05,505.72265625,0.562,0.562,0.82,0.783722,615.0,0.1818710414859337,0.0345020325203252,615.0,0.9360527544486812,0.0015592090908381,0.995126229960744,64.0,0.016
Base nominal control condition,base_b_reward_shuffle_20260402_132309,n7tq5k0sid555howe8hmg,133,133.0,0.107292354106903,0.0001063295668615,-1.972050217347032e-06,0.0,503.484375,,,,,,,,,,,,,
Base nominal control condition,base_b_reward_shuffle_20260402_132309,n7tq5k0sid555howe8hmg,134,134.0,0.1108487695455551,0.0001057347449773,2.437451828107839e-05,8.24784519863897e-05,507.0078125,,,,,,,,,,,,,
Base nominal control condition,base_b_reward_shuffle_20260402_132309,n7tq5k0sid555howe8hmg,135,135.0,0.1087096855044364,0.0001061339720251,-3.048451494791493e-05,5.300958491716301e-05,506.619140625,,,,,,,,,,,,,
Base nominal control condition,base_b_reward_shuffle_20260402_132309,n7tq5k0sid555howe8hmg,136,136.0,0.1111442148685455,0.0001024831243938,5.9624639977995386e-05,-7.13363078830298e-07,498.26953125,,,,,,,,,,,,,
Base nominal control condition,base_b_reward_shuffle_20260402_132309,n7tq5k0sid555howe8hmg,137,137.0,0.1078089103102684,0.0001005865040468,-3.078076970997046e-05,1.6584737750235945e-05,502.634765625,,,,,,,,,,,,,
Base nominal control condition,base_b_reward_shuffle_20260402_132309,n7tq5k0sid555howe8hmg,138,138.0,0.108640469610691,0.000114186393219,9.214686212732914e-06,9.56130043050507e-06,504.666015625,0.56325,0.56325,0.806,0.773952,530.203125,0.1698408077647957,0.0317095452804055,530.203125,0.9388853890458888,0.0018219735462525,0.9960979166796172,64.0,0.016
Base nominal control condition,base_b_reward_shuffle_20260402_132309,n7tq5k0sid555howe8hmg,139,139.0,0.1087067872285842,0.0001137476423878,-7.13310864720873e-06,3.17543981509516e-05,506.9140625,,,,,,,,,,,,,
Base nominal control condition,base_b_reward_shuffle_20260402_132309,n7tq5k0sid555howe8hmg,140,140.0,0.1094762906432151,0.0001068592039956,1.8907189523353907e-05,5.9330210660846205e-05,510.763671875,,,,,,,,,,,,,
Base nominal control condition,base_b_reward_shuffle_20260402_132309,n7tq5k0sid555howe8hmg,141,141.0,0.1129120886325836,0.0001129591522612,1.4675614198614295e-05,7.79523397795856e-05,514.91796875,,,,,,,,,,,,,
Base nominal control condition,base_b_reward_shuffle_20260402_132309,n7tq5k0sid555howe8hmg,142,142.0,0.1109719201922416,0.0001093883775098,-2.1325611960332225e-05,4.457310751604382e-06,506.283203125,,,,,,,,,,,,,
Base nominal control condition,base_b_reward_shuffle_20260402_132309,n7tq5k0sid555howe8hmg,143,143.0,0.1085257083177566,0.0001059183858274,1.410548937208489e-05,0.0,502.021484375,,,,,,,,,,,,,
Base nominal control condition,base_b_reward_shuffle_20260402_132309,n7tq5k0sid555howe8hmg,144,144.0,0.1087197363376617,0.0001067080131633,-5.0095319725329546e-05,2.525008312659338e-06,502.890625,0.5615,0.5615,0.816,0.7781520000000001,544.484375,0.2197715908320599,0.0429018279909317,544.484375,0.926256105732664,0.0017859339608749,0.99186665539653,64.0,0.016
Base nominal control condition,base_b_reward_shuffle_20260402_132309,n7tq5k0sid555howe8hmg,145,145.0,0.1128794327378273,0.0001081442749324,1.383783051817078e-05,5.97222606302239e-05,505.53125,,,,,,,,,,,,,
Base nominal control condition,base_b_reward_shuffle_20260402_132309,n7tq5k0sid555howe8hmg,146,146.0,0.1105986386537552,0.000104664199398,6.649165596794848e-05,0.0,502.583984375,,,,,,,,,,,,,
Base nominal control condition,base_b_reward_shuffle_20260402_132309,n7tq5k0sid555howe8hmg,147,147.0,0.108412317931652,0.0001068584941776,-1.300678802973465e-05,0.0,498.798828125,,,,,,,,,,,,,
Base nominal control condition,base_b_reward_shuffle_20260402_132309,n7tq5k0sid555howe8hmg,148,148.0,0.1119589805603027,0.0001081110839038,-7.949816589025716e-06,5.28924638274475e-05,508.05078125,,,,,,,,,,,,,
Base nominal control condition,base_b_reward_shuffle_20260402_132309,n7tq5k0sid555howe8hmg,149,149.0,0.1134193241596222,0.0001083009036904,4.063880412630283e-06,2.7378147024137437e-05,504.134765625,,,,,,,,,,,,,
Base nominal control condition,base_b_reward_shuffle_20260402_132309,n7tq5k0sid555howe8hmg,150,150.0,0.1112413257360458,0.0001088106074575,1.4687250089018278e-05,2.2968642042542345e-05,505.2734375,0.56075,0.56075,0.832,0.786152,738.25,0.2153701007951529,0.0421816796478157,738.25,0.9267183259265768,0.001226569821304,0.9924621704752632,64.0,0.016
Base nominal control condition,base_b_reward_shuffle_20260402_132309,n7tq5k0sid555howe8hmg,151,151.0,0.1120732575654983,0.0001143646800585,3.776807270661209e-05,3.366711098351516e-06,503.03125,,,,,,,,,,,,,
Base nominal control condition,base_b_reward_shuffle_20260402_132309,n7tq5k0sid555howe8hmg,152,152.0,0.1132982745766639,0.000107952015881,-2.831486731719179e-05,7.18864885129733e-06,507.01171875,,,,,,,,,,,,,
Base nominal control condition,base_b_reward_shuffle_20260402_132309,n7tq5k0sid555howe8hmg,153,153.0,0.1127094849944114,0.0001061955552614,1.7072740465806646e-05,3.721596112882253e-05,507.5859375,,,,,,,,,,,,,
Base nominal control condition,base_b_reward_shuffle_20260402_132309,n7tq5k0sid555howe8hmg,154,154.0,0.1110944375395774,0.0001038346386934,-2.9232542587465105e-05,3.1441137252841145e-05,505.849609375,,,,,,,,,,,,,
Base nominal control condition,base_b_reward_shuffle_20260402_132309,n7tq5k0sid555howe8hmg,155,155.0,0.1211277842521667,0.0001088346232194,3.401703026995051e-05,7.255791933857836e-05,507.49609375,,,,,,,,,,,,,
Base nominal control condition,base_b_reward_shuffle_20260402_132309,n7tq5k0sid555howe8hmg,156,156.0,0.1136581748723983,0.0001094270842258,-3.6804307956828097e-06,2.528797904233215e-05,505.767578125,0.55925,0.55925,0.814,0.775116,613.015625,0.1800001462989344,0.0351489817245686,613.015625,0.9382897548312376,0.0016187695985694,0.994608897101556,64.0,0.016
Base nominal control condition,base_b_reward_shuffle_20260402_132309,n7tq5k0sid555howe8hmg,157,157.0,0.1106320470571518,0.0001072028741901,-2.984275897066624e-06,-9.486022463534027e-06,502.865234375,,,,,,,,,,,,,
Base nominal control condition,base_b_reward_shuffle_20260402_132309,n7tq5k0sid555howe8hmg,158,158.0,0.1099734306335449,0.0001128331535511,5.4266443081374405e-06,-4.38326969742775e-06,499.80078125,,,,,,,,,,,,,
Base nominal control condition,base_b_reward_shuffle_20260402_132309,n7tq5k0sid555howe8hmg,159,159.0,0.1127269715070724,0.000105062299724,9.352368293136236e-07,2.707554813241586e-05,503.998046875,,,,,,,,,,,,,
Base nominal control condition,base_b_reward_shuffle_20260402_132309,n7tq5k0sid555howe8hmg,160,160.0,0.1106182783842086,0.0001139654168866,8.575485971640262e-05,1.7906755601870827e-05,502.046875,,,,,,,,,,,,,
Base nominal control condition,base_b_reward_shuffle_20260402_132309,n7tq5k0sid555howe8hmg,161,161.0,0.1123201623558998,0.0001110492313642,3.582564298776347e-05,-2.110149580403231e-06,501.125,,,,,,,,,,,,,
Base nominal control condition,base_b_reward_shuffle_20260402_132309,n7tq5k0sid555howe8hmg,162,162.0,0.1119913533329963,0.0001076491429472,4.00796117401292e-05,3.218160418327898e-05,502.744140625,0.5755,0.5755,0.83,0.792272,552.421875,0.1843713618221722,0.0341677273370103,552.421875,0.9363252829938912,0.0017411964843467,0.99472850054532,64.0,0.016
Base nominal control condition,base_b_reward_shuffle_20260402_132309,n7tq5k0sid555howe8hmg,163,163.0,0.1117548272013664,0.00010628673337,-2.526736357921777e-07,-8.221759344451129e-07,507.8984375,,,,,,,,,,,,,
Base nominal control condition,base_b_reward_shuffle_20260402_132309,n7tq5k0sid555howe8hmg,164,164.0,0.1141112074255943,0.0001041514797037,9.03153187348238e-06,5.357924874260789e-05,507.6015625,,,,,,,,,,,,,
Base nominal control condition,base_b_reward_shuffle_20260402_132309,n7tq5k0sid555howe8hmg,165,165.0,0.131617397069931,0.0001058116720429,1.729352741186574e-05,0.0,505.30078125,,,,,,,,,,,,,
Base nominal control condition,base_b_reward_shuffle_20260402_132309,n7tq5k0sid555howe8hmg,166,166.0,0.1128913387656212,0.0001059068475086,-7.029111152689893e-06,2.3409911591443237e-05,505.125,,,,,,,,,,,,,
Base nominal control condition,base_b_reward_shuffle_20260402_132309,n7tq5k0sid555howe8hmg,167,167.0,0.1145178601145744,0.0001126302869778,1.25902382349663e-05,4.9976913032878656e-05,506.955078125,,,,,,,,,,,,,
Base nominal control condition,base_b_reward_shuffle_20260402_132309,n7tq5k0sid555howe8hmg,168,168.0,0.1123984083533287,0.0001036036837973,5.8332097632618485e-05,4.714593796961708e-05,508.359375,0.563,0.563,0.812,0.7768419999999999,579.984375,0.1868188751614515,0.0350494355990193,579.984375,0.9345878482478334,0.0016437123701781,0.9949537779918188,64.0,0.016
Base nominal control condition,base_b_reward_shuffle_20260402_132309,n7tq5k0sid555howe8hmg,169,169.0,0.1162111014127731,0.0001065239597011,6.903978384542597e-07,9.788130228116644e-05,515.177734375,,,,,,,,,,,,,
Base nominal control condition,base_b_reward_shuffle_20260402_132309,n7tq5k0sid555howe8hmg,170,170.0,0.114489622414112,0.0001079355719326,1.1159668879656692e-05,7.432952952513006e-05,514.421875,,,,,,,,,,,,,
Base nominal control condition,base_b_reward_shuffle_20260402_132309,n7tq5k0sid555howe8hmg,171,171.0,0.1157566457986831,0.0001067804739278,7.534648531759558e-07,9.461284389544744e-05,514.6640625,,,,,,,,,,,,,
Base nominal control condition,base_b_reward_shuffle_20260402_132309,n7tq5k0sid555howe8hmg,172,172.0,0.1142780184745788,0.0001077911017404,8.136063240016256e-06,1.9427138795435898e-05,503.537109375,,,,,,,,,,,,,
Base nominal control condition,base_b_reward_shuffle_20260402_132309,n7tq5k0sid555howe8hmg,173,173.0,0.1145434752106666,0.0001080479685953,4.365821476515208e-05,5.544625128095504e-05,508.091796875,,,,,,,,,,,,,
Base nominal control condition,base_b_reward_shuffle_20260402_132309,n7tq5k0sid555howe8hmg,174,174.0,0.112133003771305,0.0001114928948311,-7.283762735343924e-05,2.1767564248875715e-06,501.974609375,0.56325,0.56325,0.8,0.7657280000000001,600.9375,0.4074011167882323,0.063832553302132,600.9375,0.9095990744842196,0.0016455585211324,0.9711842612803632,64.0,0.016
Base nominal control condition,base_b_reward_shuffle_20260402_132309,n7tq5k0sid555howe8hmg,175,175.0,0.1117293760180473,0.0001091767652781,-3.569635396560855e-05,8.068840543273836e-06,503.650390625,,,,,,,,,,,,,
Base nominal control condition,base_b_reward_shuffle_20260402_132309,n7tq5k0sid555howe8hmg,176,176.0,0.1125054508447647,0.0001023215140349,9.320342469365528e-06,4.738319967145799e-05,503.029296875,,,,,,,,,,,,,
Base nominal control condition,base_b_reward_shuffle_20260402_132309,n7tq5k0sid555howe8hmg,177,177.0,0.1127793341875076,0.0001091062674873,-3.433050982692976e-05,8.881730536813848e-06,502.109375,,,,,,,,,,,,,
Base nominal control condition,base_b_reward_shuffle_20260402_132309,n7tq5k0sid555howe8hmg,178,178.0,0.1140515953302383,0.0001083527517096,-2.6175358420976732e-05,1.947770215338096e-05,511.849609375,,,,,,,,,,,,,
Base nominal control condition,base_b_reward_shuffle_20260402_132309,n7tq5k0sid555howe8hmg,179,179.0,0.1122664287686348,0.0001105721567,1.3142698569446054e-06,-4.469747182156425e-06,504.12109375,,,,,,,,,,,,,
Base nominal control condition,base_b_reward_shuffle_20260402_132309,n7tq5k0sid555howe8hmg,180,180.0,0.110905535519123,0.0001053908110861,1.4480727267951464e-05,2.6938715564028826e-05,498.41015625,0.5745,0.5745,0.832,0.79291,531.34375,0.1805610223734357,0.0344939128389107,531.34375,0.9365842640066908,0.001825956091708,0.9952685858637824,64.0,0.016
Base small-group ablation (n=1),base_c_n1_val8_align_exp1_2gpu_20260406_195153,04bw3n5xqk9h3gla7imi9,0,,,,,,,0.363,0.363,0.762,0.7034259999999999,762.75,0.5317089220063876,0.0947230416256964,762.75,0.8734852927741517,0.0012476668558604,0.9591712807874452,64.0,0.016
Base small-group ablation (n=1),base_c_n1_val8_align_exp1_2gpu_20260406_195153,04bw3n5xqk9h3gla7imi9,1,1.0,0.6408476233482361,2.800469417252316e-05,6.667043010111229e-05,-24.776257514953613,797.125,,,,,,,,,,,,,
Base small-group ablation (n=1),base_c_n1_val8_align_exp1_2gpu_20260406_195153,04bw3n5xqk9h3gla7imi9,2,2.0,0.3603676557540893,2.348150260900184e-05,0.0003260568470295,-53.685160636901855,589.359375,,,,,,,,,,,,,
Base small-group ablation (n=1),base_c_n1_val8_align_exp1_2gpu_20260406_195153,04bw3n5xqk9h3gla7imi9,3,3.0,0.2779013514518738,2.3449767411420908e-05,6.175534781505121e-05,-20.214516401290897,691.140625,,,,,,,,,,,,,
Base small-group ablation (n=1),base_c_n1_val8_align_exp1_2gpu_20260406_195153,04bw3n5xqk9h3gla7imi9,4,4.0,0.401196539402008,2.6206823122265632e-05,-0.0002275875451687,-15.1896653175354,670.46875,,,,,,,,,,,,,
Base small-group ablation (n=1),base_c_n1_val8_align_exp1_2gpu_20260406_195153,04bw3n5xqk9h3gla7imi9,5,5.0,0.309986799955368,2.5366440240759403e-05,0.0001634115524211,-21.91553640365601,732.859375,,,,,,,,,,,,,
Base small-group ablation (n=1),base_c_n1_val8_align_exp1_2gpu_20260406_195153,04bw3n5xqk9h3gla7imi9,6,6.0,0.3282959759235382,3.055569129628566e-05,-0.0001647498436341,-30.45298480987549,713.234375,0.371,0.371,0.756,0.702624,742.765625,0.3663992295270313,0.0707659296968677,742.765625,0.8950833256159347,0.0011422716140313,0.977780421446181,64.0,0.016
Base small-group ablation (n=1),base_c_n1_val8_align_exp1_2gpu_20260406_195153,04bw3n5xqk9h3gla7imi9,8,8.0,0.3392560184001922,3.963878521062725e-05,-0.0001847943079766,-40.9264554977417,760.390625,,,,,,,,,,,,,
Base small-group ablation (n=1),base_c_n1_val8_align_exp1_2gpu_20260406_195153,04bw3n5xqk9h3gla7imi9,9,9.0,0.4682551920413971,4.186035289421852e-05,-0.0002124024329077,-54.12691879272461,877.234375,,,,,,,,,,,,,
Base small-group ablation (n=1),base_c_n1_val8_align_exp1_2gpu_20260406_195153,04bw3n5xqk9h3gla7imi9,10,10.0,0.291050910949707,4.1871634181234185e-05,3.63343932576754e-05,-21.595719814300537,744.5625,,,,,,,,,,,,,
Base small-group ablation (n=1),base_c_n1_val8_align_exp1_2gpu_20260406_195153,04bw3n5xqk9h3gla7imi9,11,11.0,0.3480955958366394,4.764787649946811e-05,0.0001576813181145,-14.896614074707031,681.671875,,,,,,,,,,,,,
Base small-group ablation (n=1),base_c_n1_val8_align_exp1_2gpu_20260406_195153,04bw3n5xqk9h3gla7imi9,13,13.0,0.7613453269004822,6.588807423213439e-05,-0.0001067327407326,-37.795424461364746,714.25,,,,,,,,,,,,,
Base small-group ablation (n=1),base_c_n1_val8_align_exp1_2gpu_20260406_195153,04bw3n5xqk9h3gla7imi9,14,14.0,0.4319715797901153,0.0001064090458839,-0.0002027451751018,-40.879390716552734,656.0,,,,,,,,,,,,,
Base small-group ablation (n=1),base_c_n1_val8_align_exp1_2gpu_20260406_195153,04bw3n5xqk9h3gla7imi9,15,15.0,0.3026875853538513,0.0001038707955558,-2.3940133360156324e-06,-74.11553931236267,727.234375,,,,,,,,,,,,,
Base small-group ablation (n=1),base_c_n1_val8_align_exp1_2gpu_20260406_195153,04bw3n5xqk9h3gla7imi9,17,17.0,0.2515631020069122,0.0001822452986743,8.375169954888406e-05,-87.06922578811646,583.796875,,,,,,,,,,,,,
Base small-group ablation (n=1),base_c_n1_val8_align_exp1_2gpu_20260406_195153,04bw3n5xqk9h3gla7imi9,18,18.0,0.2497216463088989,0.0002016940643443,-0.0001241129602931,-67.73619365692139,732.6875,0.39275,0.39275,0.756,0.703258,826.109375,0.4680469555003505,0.0855100149420287,826.109375,0.8829048591664708,0.0009990626079032,0.9661375533048367,64.0,0.016
Base small-group ablation (n=1),base_c_n1_val8_align_exp1_2gpu_20260406_195153,04bw3n5xqk9h3gla7imi9,19,19.0,0.3454320132732391,0.0002969973472772,-0.0001884877890461,-44.799487352371216,703.390625,,,,,,,,,,,,,
Base small-group ablation (n=1),base_c_n1_val8_align_exp1_2gpu_20260406_195153,04bw3n5xqk9h3gla7imi9,20,20.0,0.3179837763309479,0.0003035092181562,0.0001162157668659,-100.5717158317566,647.46875,,,,,,,,,,,,,
Base small-group ablation (n=1),base_c_n1_val8_align_exp1_2gpu_20260406_195153,04bw3n5xqk9h3gla7imi9,21,21.0,0.3233791589736938,0.0003248949956287,-1.346386315503878e-05,-44.95043468475342,788.796875,,,,,,,,,,,,,
Base small-group ablation (n=1),base_c_n1_val8_align_exp1_2gpu_20260406_195153,04bw3n5xqk9h3gla7imi9,22,22.0,0.2756687104701996,0.0005376132703531,0.0002765649525144,-90.488050699234,743.515625,,,,,,,,,,,,,
Base small-group ablation (n=1),base_c_n1_val8_align_exp1_2gpu_20260406_195153,04bw3n5xqk9h3gla7imi9,23,23.0,0.4923546016216278,0.0004807840523426,8.571067738216698e-05,-104.96682262420654,682.125,,,,,,,,,,,,,
Base small-group ablation (n=1),base_c_n1_val8_align_exp1_2gpu_20260406_195153,04bw3n5xqk9h3gla7imi9,24,24.0,0.2684514820575714,0.0005587239775195,5.6507766885260935e-05,-96.85430765151978,637.015625,0.40975,0.40975,0.78,0.7238819999999999,714.0625,0.626828431811844,0.1048577680525164,714.0625,0.8633542117196048,0.0013330671046906,0.95016378323411,64.0,0.016
Base small-group ablation (n=1),base_c_n1_val8_align_exp1_2gpu_20260406_195153,04bw3n5xqk9h3gla7imi9,25,25.0,0.2779945135116577,0.0003935215672754,-2.9670547746718512e-05,-75.49857974052429,623.09375,,,,,,,,,,,,,
Base small-group ablation (n=1),base_c_n1_val8_align_exp1_2gpu_20260406_195153,04bw3n5xqk9h3gla7imi9,27,27.0,0.2480022609233856,0.0007606884792039,0.0001254502246013,-77.16432237625122,589.546875,,,,,,,,,,,,,
Base small-group ablation (n=1),base_c_n1_val8_align_exp1_2gpu_20260406_195153,04bw3n5xqk9h3gla7imi9,28,28.0,0.1995377093553543,0.0007382183357549,-0.0003003464838684,-118.9321675300598,643.484375,,,,,,,,,,,,,
Base small-group ablation (n=1),base_c_n1_val8_align_exp1_2gpu_20260406_195153,04bw3n5xqk9h3gla7imi9,29,29.0,0.3221673667430877,0.0007423189490509,-4.871311620124885e-05,-145.04653239250183,646.640625,,,,,,,,,,,,,
Base small-group ablation (n=1),base_c_n1_val8_align_exp1_2gpu_20260406_195153,04bw3n5xqk9h3gla7imi9,31,31.0,0.1937109529972076,0.0007913621975603,4.300536090795504e-05,-135.53580236434937,629.546875,,,,,,,,,,,,,
Base small-group ablation (n=1),base_c_n1_val8_align_exp1_2gpu_20260406_195153,04bw3n5xqk9h3gla7imi9,32,32.0,0.2668477892875671,0.0010714007457863,6.197494585080676e-05,-95.16621232032776,697.515625,,,,,,,,,,,,,
Base small-group ablation (n=1),base_c_n1_val8_align_exp1_2gpu_20260406_195153,04bw3n5xqk9h3gla7imi9,33,33.0,0.2172037661075592,0.0010081826767418,-0.0002003382014663,-179.17384147644043,641.234375,,,,,,,,,,,,,
Base small-group ablation (n=1),base_c_n1_val8_align_exp1_2gpu_20260406_195153,04bw3n5xqk9h3gla7imi9,34,34.0,0.2341112792491912,0.0009849402003965,-0.000105023116248,-132.37280917167664,711.75,,,,,,,,,,,,,
Base small-group ablation (n=1),base_c_n1_val8_align_exp1_2gpu_20260406_195153,04bw3n5xqk9h3gla7imi9,35,35.0,0.1838327199220657,0.0009457682190259,3.625470753831905e-05,-164.29650330543518,601.25,,,,,,,,,,,,,
Base small-group ablation (n=1),base_c_n1_val8_align_exp1_2gpu_20260406_195153,04bw3n5xqk9h3gla7imi9,36,36.0,0.1719955950975418,0.0010281455579388,7.152344349492523e-05,-179.9301393032074,630.421875,0.4385,0.4385,0.77,0.727326,808.5625,0.4042827075513887,0.0750367163948365,808.5625,0.8913027191628368,0.0011260171078467,0.9730723019756417,64.0,0.016
Base small-group ablation (n=1),base_c_n1_val8_align_exp1_2gpu_20260406_195153,04bw3n5xqk9h3gla7imi9,37,37.0,0.1957141160964965,0.0011251760843151,-1.5474567135242978e-05,-188.1547884941101,601.59375,,,,,,,,,,,,,
Base small-group ablation (n=1),base_c_n1_val8_align_exp1_2gpu_20260406_195153,04bw3n5xqk9h3gla7imi9,38,38.0,0.1856388300657272,0.0013034686598984,-0.0001438387875509,-167.57854318618774,610.609375,,,,,,,,,,,,,
Base small-group ablation (n=1),base_c_n1_val8_align_exp1_2gpu_20260406_195153,04bw3n5xqk9h3gla7imi9,39,39.0,0.1820791810750961,0.0011181002300872,0.0002913316303647,-144.60842204093933,657.140625,,,,,,,,,,,,,
Base small-group ablation (n=1),base_c_n1_val8_align_exp1_2gpu_20260406_195153,04bw3n5xqk9h3gla7imi9,40,40.0,0.1763007193803787,0.0011582549159356,0.0001231990299856,-151.42787766456604,694.40625,,,,,,,,,,,,,
Base small-group ablation (n=1),base_c_n1_val8_align_exp1_2gpu_20260406_195153,04bw3n5xqk9h3gla7imi9,41,41.0,0.1570075154304504,0.0012449848200049,-0.0001106656057885,-202.4932689666748,609.21875,,,,,,,,,,,,,
Base small-group ablation (n=1),base_c_n1_val8_align_exp1_2gpu_20260406_195153,04bw3n5xqk9h3gla7imi9,42,42.0,0.1844371408224105,0.0015089329299371,-9.703117939352524e-06,-168.34134125709534,633.8125,0.467,0.467,0.788,0.744022,691.078125,0.3351583929544235,0.0653643537045829,691.078125,0.8996980143756664,0.0013231467317851,0.9817844988918176,64.0,0.016
Base small-group ablation (n=1),base_c_n1_val8_align_exp1_2gpu_20260406_195153,04bw3n5xqk9h3gla7imi9,43,43.0,0.1752366423606872,0.0015913139031908,-0.0001169200040749,-187.63994216918945,585.671875,,,,,,,,,,,,,
Base small-group ablation (n=1),base_c_n1_val8_align_exp1_2gpu_20260406_195153,04bw3n5xqk9h3gla7imi9,46,46.0,0.1775265485048294,0.0017331537201243,8.199804597097682e-05,-183.8770761489868,608.3125,,,,,,,,,,,,,
Base small-group ablation (n=1),base_c_n1_val8_align_exp1_2gpu_20260406_195153,04bw3n5xqk9h3gla7imi9,47,47.0,0.16825932264328,0.0018779669262585,-7.418859922836418e-05,-182.20162630081177,617.34375,,,,,,,,,,,,,
Base small-group ablation (n=1),base_c_n1_val8_align_exp1_2gpu_20260406_195153,04bw3n5xqk9h3gla7imi9,48,48.0,0.190166637301445,0.0015672621084377,-0.0001428805237537,-199.26017808914185,646.78125,0.4725,0.4725,0.786,0.7498779999999999,600.9375,0.313003868890565,0.0614664586583463,600.9375,0.9048734587303872,0.0015374736265559,0.9833754447742606,64.0,0.016
Base small-group ablation (n=1),base_c_n1_val8_align_exp1_2gpu_20260406_195153,04bw3n5xqk9h3gla7imi9,49,49.0,0.1486768871545791,0.0018592844025988,-0.0001700052850566,-219.447261095047,572.984375,,,,,,,,,,,,,
Base small-group ablation (n=1),base_c_n1_val8_align_exp1_2gpu_20260406_195153,04bw3n5xqk9h3gla7imi9,50,50.0,0.1366329044103622,0.0016157373029273,2.506106307009759e-05,-235.6774649620056,572.84375,,,,,,,,,,,,,
Base small-group ablation (n=1),base_c_n1_val8_align_exp1_2gpu_20260406_195153,04bw3n5xqk9h3gla7imi9,53,53.0,0.1411698460578918,0.0017434670953662,-0.0002236272002846,-217.51687002182007,546.109375,,,,,,,,,,,,,
Base small-group ablation (n=1),base_c_n1_val8_align_exp1_2gpu_20260406_195153,04bw3n5xqk9h3gla7imi9,55,55.0,0.1395556330680847,0.0018576934126031,5.808957212138921e-06,-217.06371092796329,584.421875,,,,,,,,,,,,,
Base small-group ablation (n=1),base_c_n1_val8_align_exp1_2gpu_20260406_195153,04bw3n5xqk9h3gla7imi9,57,57.0,0.137084886431694,0.0018635953238117,0.0001943740516026,-216.02488040924072,563.9375,,,,,,,,,,,,,
Base small-group ablation (n=1),base_c_n1_val8_align_exp1_2gpu_20260406_195153,04bw3n5xqk9h3gla7imi9,59,59.0,0.1277735233306884,0.0022020757241989,7.684422484999232e-06,-230.84290885925293,517.78125,,,,,,,,,,,,,
Base small-group ablation (n=1),base_c_n1_val8_align_exp1_2gpu_20260406_195153,04bw3n5xqk9h3gla7imi9,60,60.0,0.1443925350904464,0.001641338578338,-6.48852874363115e-06,-222.02745151519773,598.03125,0.5035,0.5035,0.806,0.762458,614.875,0.3461835502633042,0.0664515145354747,614.875,0.904313306324752,0.0014770819166532,0.9781619372176892,64.0,0.016
Base small-group ablation (n=1),base_c_n1_val8_align_exp1_2gpu_20260406_195153,04bw3n5xqk9h3gla7imi9,61,61.0,0.1241528987884521,0.0022119401110103,-1.8054450720228488e-05,-232.76641845703125,522.0625,,,,,,,,,,,,,
Base small-group ablation (n=1),base_c_n1_val8_align_exp1_2gpu_20260406_195153,04bw3n5xqk9h3gla7imi9,62,62.0,0.1432938128709793,0.0021300002554198,0.000155304852683,-212.2190854549408,566.296875,,,,,,,,,,,,,
Base small-group ablation (n=1),base_c_n1_val8_align_exp1_2gpu_20260406_195153,04bw3n5xqk9h3gla7imi9,64,64.0,0.13230861723423,0.0022119639979791,-0.0002446991413762,-214.7163133621216,523.140625,,,,,,,,,,,,,
Base small-group ablation (n=1),base_c_n1_val8_align_exp1_2gpu_20260406_195153,04bw3n5xqk9h3gla7imi9,67,67.0,0.1436929851770401,0.002463844291924,-0.0001492492879151,-198.42228960990903,569.8125,,,,,,,,,,,,,
Base small-group ablation (n=1),base_c_n1_val8_align_exp1_2gpu_20260406_195153,04bw3n5xqk9h3gla7imi9,68,68.0,0.1346254497766494,0.0020222936655045,3.0130641334835676e-05,-233.1713161468506,564.484375,,,,,,,,,,,,,
Base small-group ablation (n=1),base_c_n1_val8_align_exp1_2gpu_20260406_195153,04bw3n5xqk9h3gla7imi9,69,69.0,0.1551308184862136,0.00225160705304,7.218126938823843e-06,-220.0102083683014,623.9375,,,,,,,,,,,,,
Base small-group ablation (n=1),base_c_n1_val8_align_exp1_2gpu_20260406_195153,04bw3n5xqk9h3gla7imi9,71,71.0,0.1286489069461822,0.0025483431745669,0.0001414577126297,-235.66423726081848,571.5,,,,,,,,,,,,,
Base small-group ablation (n=1),base_c_n1_val8_align_exp1_2gpu_20260406_195153,04bw3n5xqk9h3gla7imi9,72,72.0,0.122198961675167,0.00205486935738,-0.000151398449816,-243.39305448532104,535.578125,0.512,0.512,0.796,0.759032,574.484375,0.2513771938513117,0.049120134903582,574.484375,0.9185620362211272,0.0016543670537579,0.9893164186879446,64.0,0.016
Base small-group ablation (n=1),base_c_n1_val8_align_exp1_2gpu_20260406_195153,04bw3n5xqk9h3gla7imi9,73,73.0,0.1610726863145828,0.0025528235855745,6.456075914229586e-05,-214.320100069046,613.84375,,,,,,,,,,,,,
Base small-group ablation (n=1),base_c_n1_val8_align_exp1_2gpu_20260406_195153,04bw3n5xqk9h3gla7imi9,74,74.0,0.1450008302927017,0.0020711520992335,6.091172744504547e-05,-222.6244580745697,619.4375,,,,,,,,,,,,,
Base small-group ablation (n=1),base_c_n1_val8_align_exp1_2gpu_20260406_195153,04bw3n5xqk9h3gla7imi9,80,80.0,0.115180142223835,0.0025884583665174,0.0001333683561597,-255.9922275543213,513.390625,,,,,,,,,,,,,
Base small-group ablation (n=1),base_c_n1_val8_align_exp1_2gpu_20260406_195153,04bw3n5xqk9h3gla7imi9,81,81.0,0.1146641373634338,0.0029376506718108,-5.4591147716109845e-05,-236.3036725521088,521.28125,,,,,,,,,,,,,
Base small-group ablation (n=1),base_c_n1_val8_align_exp1_2gpu_20260406_195153,04bw3n5xqk9h3gla7imi9,82,82.0,0.1402247697114944,0.0027653139986796,4.166712437836395e-05,-235.3901789188385,610.046875,,,,,,,,,,,,,
Base small-group ablation (n=1),base_c_n1_val8_align_exp1_2gpu_20260406_195153,04bw3n5xqk9h3gla7imi9,86,86.0,0.1151859611272812,0.0025792484229896,-4.246333242008404e-05,-240.23814725875857,512.09375,,,,,,,,,,,,,
Base small-group ablation (n=1),base_c_n1_val8_align_exp1_2gpu_20260406_195153,04bw3n5xqk9h3gla7imi9,87,87.0,0.1159303560853004,0.0030682993528898,3.261648225816316e-05,-247.94190502166748,512.3125,,,,,,,,,,,,,
Base small-group ablation (n=1),base_c_n1_val8_align_exp1_2gpu_20260406_195153,04bw3n5xqk9h3gla7imi9,90,90.0,0.1239844560623169,0.0032294470220222,-4.614607321684616e-05,-243.140389919281,528.671875,0.52375,0.52375,0.806,0.763338,619.078125,0.2139082022592531,0.0406350167840286,619.078125,0.9280195596532764,0.0015335084015534,0.9925195039219752,64.0,0.016
Base small-group ablation (n=1),base_c_n1_val8_align_exp1_2gpu_20260406_195153,04bw3n5xqk9h3gla7imi9,91,91.0,0.1109945103526115,0.0028639055381063,-6.568594875488998e-05,-256.0416831970215,506.203125,,,,,,,,,,,,,
Base small-group ablation (n=1),base_c_n1_val8_align_exp1_2gpu_20260406_195153,04bw3n5xqk9h3gla7imi9,92,92.0,0.1277390569448471,0.0029197696712799,0.0001166228319107,-243.1006944179535,561.4375,,,,,,,,,,,,,
Base small-group ablation (n=1),base_c_n1_val8_align_exp1_2gpu_20260406_195153,04bw3n5xqk9h3gla7imi9,94,94.0,0.1367809325456619,0.0030499705244437,0.000190493840364,-235.6483027935028,529.28125,,,,,,,,,,,,,
Base small-group ablation (n=1),base_c_n1_val8_align_exp1_2gpu_20260406_195153,04bw3n5xqk9h3gla7imi9,95,95.0,0.1326049715280532,0.0027786600185208,3.0106255110240457e-05,-235.11027455329892,541.90625,,,,,,,,,,,,,
Base small-group ablation (n=1),base_c_n1_val8_align_exp1_2gpu_20260406_195153,04bw3n5xqk9h3gla7imi9,96,96.0,0.1238865107297897,0.0030951826338423,6.279894057570345e-05,-243.25274467468265,521.859375,0.53075,0.53075,0.802,0.764528,672.125,0.2465473742251815,0.0480751348335503,672.125,0.9199601713112788,0.0014326446591155,0.9895913839029828,64.0,0.016
Base small-group ablation (n=1),base_c_n1_val8_align_exp1_2gpu_20260406_195153,04bw3n5xqk9h3gla7imi9,99,99.0,0.1184108406305313,0.0038924030959606,-5.007972498560776e-05,-248.09573364257807,502.5,,,,,,,,,,,,,
Base small-group ablation (n=1),base_c_n1_val8_align_exp1_2gpu_20260406_195153,04bw3n5xqk9h3gla7imi9,100,100.0,0.1286446154117584,0.0036637342273024,2.9466155410773357e-05,-243.75931096076965,532.484375,,,,,,,,,,,,,
Base small-group ablation (n=1),base_c_n1_val8_align_exp1_2gpu_20260406_195153,04bw3n5xqk9h3gla7imi9,101,101.0,0.1176409274339676,0.0032244596659438,6.480400224972982e-05,-249.38759803771973,506.90625,,,,,,,,,,,,,
Base small-group ablation (n=1),base_c_n1_val8_align_exp1_2gpu_20260406_195153,04bw3n5xqk9h3gla7imi9,102,102.0,0.1155166253447532,0.0032768420060165,-0.0001488109392084,-247.3719515800476,512.46875,0.5285,0.5285,0.814,0.77052,589.25,0.2563342905975167,0.0486317352566822,589.25,0.9212457121151912,0.0016147240312019,0.9878406249520938,64.0,0.016
Base small-group ablation (n=1),base_c_n1_val8_align_exp1_2gpu_20260406_195153,04bw3n5xqk9h3gla7imi9,103,103.0,0.1169636771082878,0.0033578898146515,-6.29742357887153e-05,-247.24797439575195,507.875,,,,,,,,,,,,,
Base small-group ablation (n=1),base_c_n1_val8_align_exp1_2gpu_20260406_195153,04bw3n5xqk9h3gla7imi9,105,105.0,0.1163809970021248,0.0036061991559108,1.0002298040490132e-05,-240.26444959640503,507.75,,,,,,,,,,,,,
Base small-group ablation (n=1),base_c_n1_val8_align_exp1_2gpu_20260406_195153,04bw3n5xqk9h3gla7imi9,106,106.0,0.1257568448781967,0.0035605436278274,-1.291131997049888e-05,-236.1673595905304,537.203125,,,,,,,,,,,,,
Base small-group ablation (n=1),base_c_n1_val8_align_exp1_2gpu_20260406_195153,04bw3n5xqk9h3gla7imi9,107,107.0,0.1155376359820366,0.0038376814482035,0.0002134121011749,-247.7525105476379,500.1875,,,,,,,,,,,,,
Base small-group ablation (n=1),base_c_n1_val8_align_exp1_2gpu_20260406_195153,04bw3n5xqk9h3gla7imi9,108,108.0,0.134440615773201,0.0037059029054944,7.181082423812768e-05,-243.22863101959229,523.25,0.53025,0.53025,0.808,0.7656660000000001,634.25,0.2374853944515308,0.0448610563657863,634.25,0.9223479391976892,0.0015738413408895,0.9900804731288576,64.0,0.016
Base small-group ablation (n=1),base_c_n1_val8_align_exp1_2gpu_20260406_195153,04bw3n5xqk9h3gla7imi9,109,109.0,0.117524467408657,0.0036770158330909,-1.551842842673068e-05,-239.75212955474856,502.796875,,,,,,,,,,,,,
Base small-group ablation (n=1),base_c_n1_val8_align_exp1_2gpu_20260406_195153,04bw3n5xqk9h3gla7imi9,111,111.0,0.1238554716110229,0.0036428848252398,-0.0001494120466674,-218.158212184906,563.953125,,,,,,,,,,,,,
Base small-group ablation (n=1),base_c_n1_val8_align_exp1_2gpu_20260406_195153,04bw3n5xqk9h3gla7imi9,112,112.0,0.1316230744123459,0.004108006680326,-0.0002740684667514,-227.01164078712463,547.296875,,,,,,,,,,,,,
Base small-group ablation (n=1),base_c_n1_val8_align_exp1_2gpu_20260406_195153,04bw3n5xqk9h3gla7imi9,113,113.0,0.1245264336466789,0.0041232723669963,-3.500607238038356e-05,-243.36087822914124,537.65625,,,,,,,,,,,,,
Base small-group ablation (n=1),base_c_n1_val8_align_exp1_2gpu_20260406_195153,04bw3n5xqk9h3gla7imi9,114,114.0,0.1182997077703476,0.0039739260973874,-2.683790444280021e-05,-235.3283729553223,519.53125,0.538,0.538,0.82,0.77606,544.953125,0.2060046243152169,0.0385067523009433,544.953125,0.9298082643663076,0.0017908510606417,0.9935999400887012,64.0,0.016
Base small-group ablation (n=1),base_c_n1_val8_align_exp1_2gpu_20260406_195153,04bw3n5xqk9h3gla7imi9,116,116.0,0.1107013002038002,0.0042975945107173,-6.242996369110188e-05,-256.0377321243286,527.515625,,,,,,,,,,,,,
Base small-group ablation (n=1),base_c_n1_val8_align_exp1_2gpu_20260406_195153,04bw3n5xqk9h3gla7imi9,117,117.0,0.1302651464939117,0.0043893155743717,-1.7761433355190093e-05,-226.5349006652832,554.9375,,,,,,,,,,,,,
Base small-group ablation (n=1),base_c_n1_val8_align_exp1_2gpu_20260406_195153,04bw3n5xqk9h3gla7imi9,119,119.0,0.1108165830373764,0.0044974593620281,0.000106010208924,-230.12403202056885,504.265625,,,,,,,,,,,,,
Base small-group ablation (n=1),base_c_n1_val8_align_exp1_2gpu_20260406_195153,04bw3n5xqk9h3gla7imi9,120,120.0,0.1246965453028678,0.0049496642750455,-3.0400991136048106e-05,-236.66171026229856,543.671875,0.5445,0.5445,0.804,0.766496,569.609375,0.1800634736796331,0.032780139898505,569.609375,0.9372733422094796,0.0017111795181731,0.9951334942713176,64.0,0.016
Base small-group ablation (n=1),base_c_n1_val8_align_exp1_2gpu_20260406_195153,04bw3n5xqk9h3gla7imi9,122,122.0,0.1092200055718422,0.0046204915706766,5.871534767720732e-06,-242.263129234314,497.828125,,,,,,,,,,,,,
Base small-group ablation (n=1),base_c_n1_val8_align_exp1_2gpu_20260406_195153,04bw3n5xqk9h3gla7imi9,123,123.0,0.1097393929958343,0.004677582939621,-5.7406544328841846e-05,-249.13733100891116,506.265625,,,,,,,,,,,,,
Base small-group ablation (n=1),base_c_n1_val8_align_exp1_2gpu_20260406_195153,04bw3n5xqk9h3gla7imi9,124,124.0,0.1086373925209045,0.0042051116761285,0.0001575119972585,-246.7134785652161,506.90625,,,,,,,,,,,,,
Base small-group ablation (n=1),base_c_n1_val8_align_exp1_2gpu_20260406_195153,04bw3n5xqk9h3gla7imi9,125,125.0,0.1127051711082458,0.0046118668105918,6.8354943323356565e-06,-243.2648377418518,549.734375,,,,,,,,,,,,,
Base small-group ablation (n=1),base_c_n1_val8_align_exp1_2gpu_20260406_195153,04bw3n5xqk9h3gla7imi9,126,126.0,0.1087336242198944,0.004638849713956,-0.0003086153465119,-256.1023893356323,505.765625,0.5495,0.5495,0.816,0.7812360000000002,571.9375,0.1881260986524049,0.0349415364441044,571.9375,0.935030466871123,0.0016723777606953,0.9943954426921036,64.0,0.016
Base small-group ablation (n=1),base_c_n1_val8_align_exp1_2gpu_20260406_195153,04bw3n5xqk9h3gla7imi9,129,129.0,0.11223766207695,0.0050255409732926,9.204954994856962e-05,-247.80927324295044,524.75,,,,,,,,,,,,,
Base small-group ablation (n=1),base_c_n1_val8_align_exp1_2gpu_20260406_195153,04bw3n5xqk9h3gla7imi9,130,130.0,0.1073540672659874,0.0050316748529439,0.0001081709563095,-248.21586418151853,492.578125,,,,,,,,,,,,,
Base small-group ablation (n=1),base_c_n1_val8_align_exp1_2gpu_20260406_195153,04bw3n5xqk9h3gla7imi9,131,131.0,0.1064945384860038,0.0051019239472225,-0.0001192211965417,-256.05487060546875,498.546875,,,,,,,,,,,,,
Base small-group ablation (n=1),base_c_n1_val8_align_exp1_2gpu_20260406_195153,04bw3n5xqk9h3gla7imi9,132,132.0,0.1109355613589286,0.004722866724478,5.380442689784104e-05,-243.14471054077148,523.875,0.54425,0.54425,0.814,0.7766839999999999,672.75,0.2040144444309349,0.0392744332961724,672.75,0.9297213003299618,0.0014101012352473,0.99347177255291,64.0,0.016
Base small-group ablation (n=1),base_c_n1_val8_align_exp1_2gpu_20260406_195153,04bw3n5xqk9h3gla7imi9,133,133.0,0.1147005930542946,0.0047955577101674,-0.0001924497400977,-236.115891456604,535.59375,,,,,,,,,,,,,
Base small-group ablation (n=1),base_c_n1_val8_align_exp1_2gpu_20260406_195153,04bw3n5xqk9h3gla7imi9,135,135.0,0.1237351521849632,0.0049438443675171,-8.114620504784398e-05,-234.4759788513184,541.4375,,,,,,,,,,,,,
Base small-group ablation (n=1),base_c_n1_val8_align_exp1_2gpu_20260406_195153,04bw3n5xqk9h3gla7imi9,136,136.0,0.1010078489780426,0.0052670176664832,-0.0001438037979824,-248.1601686477661,497.265625,,,,,,,,,,,,,
Base small-group ablation (n=1),base_c_n1_val8_align_exp1_2gpu_20260406_195153,04bw3n5xqk9h3gla7imi9,137,137.0,0.1056954115629196,0.0049205246614292,-5.5110305083871935e-05,-242.8954565525055,550.46875,,,,,,,,,,,,,
Base small-group ablation (n=1),base_c_n1_val8_align_exp1_2gpu_20260406_195153,04bw3n5xqk9h3gla7imi9,138,138.0,0.0987942889332771,0.005417201493401,0.0001779673272039,-255.97969436645508,507.453125,0.543,0.543,0.804,0.760598,571.078125,0.1822905034913766,0.0346931516594161,571.078125,0.9362775277672636,0.0017398262519919,0.9951627609677516,64.0,0.016
Base small-group ablation (n=1),base_c_n1_val8_align_exp1_2gpu_20260406_195153,04bw3n5xqk9h3gla7imi9,139,139.0,0.0988583788275718,0.0055573998834006,2.169732795209711e-06,-256.0206060409546,499.09375,,,,,,,,,,,,,
Base small-group ablation (n=1),base_c_n1_val8_align_exp1_2gpu_20260406_195153,04bw3n5xqk9h3gla7imi9,140,140.0,0.096670389175415,0.0055715186172164,-7.367427703997009e-05,-256.0384454727173,500.203125,,,,,,,,,,,,,
Base small-group ablation (n=1),base_c_n1_val8_align_exp1_2gpu_20260406_195153,04bw3n5xqk9h3gla7imi9,142,142.0,0.0972159579396248,0.0055819667177274,-0.0001404811299607,-247.71770763397217,497.96875,,,,,,,,,,,,,
Base small-group ablation (n=1),base_c_n1_val8_align_exp1_2gpu_20260406_195153,04bw3n5xqk9h3gla7imi9,143,143.0,0.0998904034495353,0.005263238446787,-0.0001282689604522,-238.4088010787964,502.3125,,,,,,,,,,,,,
Base small-group ablation (n=1),base_c_n1_val8_align_exp1_2gpu_20260406_195153,04bw3n5xqk9h3gla7imi9,144,144.0,0.1006868407130241,0.0048813576140673,8.233252628997434e-06,-234.23097395896912,530.625,0.54575,0.54575,0.792,0.7599259999999999,619.734375,0.2344179951957977,0.0457605324861962,619.734375,0.922777813032686,0.0015029829546573,0.9909089440474474,64.0,0.016
Base small-group ablation (n=1),base_c_n1_val8_align_exp1_2gpu_20260406_195153,04bw3n5xqk9h3gla7imi9,146,146.0,0.0970617830753326,0.0055914756667334,-8.089998516425112e-05,-245.069402217865,515.0625,,,,,,,,,,,,,
Base small-group ablation (n=1),base_c_n1_val8_align_exp1_2gpu_20260406_195153,04bw3n5xqk9h3gla7imi9,148,148.0,0.1225105971097946,0.0052354630897752,8.024686053431651e-05,-242.7013523578644,526.90625,,,,,,,,,,,,,
Base small-group ablation (n=1),base_c_n1_val8_align_exp1_2gpu_20260406_195153,04bw3n5xqk9h3gla7imi9,149,149.0,0.0953984335064888,0.0059405881911516,0.0001460640768868,-255.98530197143555,503.609375,,,,,,,,,,,,,
Base small-group ablation (n=1),base_c_n1_val8_align_exp1_2gpu_20260406_195153,04bw3n5xqk9h3gla7imi9,150,150.0,0.1035256534814834,0.0055827170435804,0.0001161350164693,-237.50510931015012,509.015625,0.5495,0.5495,0.834,0.785578,580.921875,0.1834791524064153,0.034185965195406,580.921875,0.9362735153703462,0.001659545815759,0.9947608527694984,64.0,0.016
Base small-group ablation (n=1),base_c_n1_val8_align_exp1_2gpu_20260406_195153,04bw3n5xqk9h3gla7imi9,151,151.0,0.0972532406449318,0.0054153479868546,-4.243087852273675e-05,-245.0237216949463,521.0,,,,,,,,,,,,,
Base small-group ablation (n=1),base_c_n1_val8_align_exp1_2gpu_20260406_195153,04bw3n5xqk9h3gla7imi9,152,152.0,0.1012527793645858,0.0056807950168149,-0.0002142569139778,-243.27764749526972,521.09375,,,,,,,,,,,,,
Base small-group ablation (n=1),base_c_n1_val8_align_exp1_2gpu_20260406_195153,04bw3n5xqk9h3gla7imi9,153,153.0,0.0971668064594268,0.0060167947958689,-6.663231192760577e-05,-247.61822700500488,506.828125,,,,,,,,,,,,,
Base small-group ablation (n=1),base_c_n1_val8_align_exp1_2gpu_20260406_195153,04bw3n5xqk9h3gla7imi9,154,154.0,0.0934219360351562,0.0060541225248016,-1.2799096680282672e-05,-256.02329540252686,502.796875,,,,,,,,,,,,,
Base small-group ablation (n=1),base_c_n1_val8_align_exp1_2gpu_20260406_195153,04bw3n5xqk9h3gla7imi9,155,155.0,0.0928291827440261,0.0054639579029753,-0.0001329311048721,-249.95017051696777,502.03125,,,,,,,,,,,,,
Base small-group ablation (n=1),base_c_n1_val8_align_exp1_2gpu_20260406_195153,04bw3n5xqk9h3gla7imi9,156,156.0,0.0898481532931327,0.0060440881934482,6.658770939793612e-05,-256.0016384124756,500.59375,0.54275,0.54275,0.818,0.781154,571.453125,0.1715323323251459,0.0316900445683974,571.453125,0.9395280342101008,0.0017862692233849,0.9956443147656956,64.0,0.016
Base small-group ablation (n=1),base_c_n1_val8_align_exp1_2gpu_20260406_195153,04bw3n5xqk9h3gla7imi9,157,157.0,0.0933328568935394,0.0055159696494229,9.280505764763802e-05,-240.5769081115723,505.21875,,,,,,,,,,,,,
Base small-group ablation (n=1),base_c_n1_val8_align_exp1_2gpu_20260406_195153,04bw3n5xqk9h3gla7imi9,158,158.0,0.0930708721280098,0.0062957269256003,6.043275595857267e-05,-256.0080518722534,499.421875,,,,,,,,,,,,,
Base small-group ablation (n=1),base_c_n1_val8_align_exp1_2gpu_20260406_195153,04bw3n5xqk9h3gla7imi9,159,159.0,0.0987188443541526,0.0061155550210969,-5.260146394903131e-05,-244.2847547531128,509.890625,,,,,,,,,,,,,
Base small-group ablation (n=1),base_c_n1_val8_align_exp1_2gpu_20260406_195153,04bw3n5xqk9h3gla7imi9,160,160.0,0.1059014126658439,0.0059123058454133,6.0490757732623024e-05,-243.02831101417544,529.90625,,,,,,,,,,,,,
Base small-group ablation (n=1),base_c_n1_val8_align_exp1_2gpu_20260406_195153,04bw3n5xqk9h3gla7imi9,161,161.0,0.1055570095777511,0.0060572286311071,0.0002218669048943,-236.16034245491028,538.671875,,,,,,,,,,,,,
Base small-group ablation (n=1),base_c_n1_val8_align_exp1_2gpu_20260406_195153,04bw3n5xqk9h3gla7imi9,162,162.0,0.0921260267496109,0.006293523707427,-1.2828714574197876e-05,-246.1943097114563,501.609375,0.54875,0.54875,0.802,0.76723,609.71875,0.1987421322098627,0.0375941776433806,609.71875,0.9312713988269288,0.0015515099591814,0.9942267658733576,64.0,0.016
Base small-group ablation (n=1),base_c_n1_val8_align_exp1_2gpu_20260406_195153,04bw3n5xqk9h3gla7imi9,163,163.0,0.1034129187464714,0.0060848239809274,-4.354484234880829e-05,-243.5985743999481,552.578125,,,,,,,,,,,,,
Base small-group ablation (n=1),base_c_n1_val8_align_exp1_2gpu_20260406_195153,04bw3n5xqk9h3gla7imi9,164,164.0,0.0861224010586738,0.0070670748245902,6.547900534314977e-05,-256.0017509460449,485.859375,,,,,,,,,,,,,
Base small-group ablation (n=1),base_c_n1_val8_align_exp1_2gpu_20260406_195153,04bw3n5xqk9h3gla7imi9,167,167.0,0.0894131064414978,0.0063589625060558,-0.0001871193456963,-248.4818000793457,493.6875,,,,,,,,,,,,,
Base small-group ablation (n=1),base_c_n1_val8_align_exp1_2gpu_20260406_195153,04bw3n5xqk9h3gla7imi9,168,168.0,0.0964970514178276,0.0065252327331108,8.230916910179076e-05,-220.5091388225555,513.84375,0.54775,0.54775,0.816,0.778238,602.90625,0.192200613647154,0.0362307572694759,602.90625,0.9325357831692872,0.0015873064630657,0.9945217309136268,64.0,0.016
Base small-group ablation (n=1),base_c_n1_val8_align_exp1_2gpu_20260406_195153,04bw3n5xqk9h3gla7imi9,171,171.0,0.1044362783432006,0.0065617537038633,1.2139624800511228e-05,-243.02931427955627,542.4375,,,,,,,,,,,,,
Base small-group ablation (n=1),base_c_n1_val8_align_exp1_2gpu_20260406_195153,04bw3n5xqk9h3gla7imi9,172,172.0,0.0910757258534431,0.0067031642829533,4.839580651605502e-05,-256.0088109970093,533.46875,,,,,,,,,,,,,
Base small-group ablation (n=1),base_c_n1_val8_align_exp1_2gpu_20260406_195153,04bw3n5xqk9h3gla7imi9,173,173.0,0.0829688534140586,0.00644637492951,-4.599273410121896e-05,-256.0314779281616,493.015625,,,,,,,,,,,,,
Base small-group ablation (n=1),base_c_n1_val8_align_exp1_2gpu_20260406_195153,04bw3n5xqk9h3gla7imi9,174,174.0,0.1186742112040519,0.0064063415775308,-4.859835692627712e-05,-242.8980016708374,551.34375,0.559,0.559,0.822,0.789124,529.875,0.1869803824270635,0.034589525831564,529.875,0.9355037999507476,0.0018468696098977,0.9937741443722224,64.0,0.016
Base small-group ablation (n=1),base_c_n1_val8_align_exp1_2gpu_20260406_195153,04bw3n5xqk9h3gla7imi9,175,175.0,0.0876375958323478,0.0069879994553048,-6.8068804637277935e-06,-248.0738468170166,496.84375,,,,,,,,,,,,,
Base small-group ablation (n=1),base_c_n1_val8_align_exp1_2gpu_20260406_195153,04bw3n5xqk9h3gla7imi9,176,176.0,0.0815261080861091,0.0067132441909052,5.288451669116512e-05,-256.0048513412476,497.9375,,,,,,,,,,,,,
Base small-group ablation (n=1),base_c_n1_val8_align_exp1_2gpu_20260406_195153,04bw3n5xqk9h3gla7imi9,177,177.0,0.0917206183075904,0.0071806131163612,-9.049162093788254e-05,-251.7278232574463,499.703125,,,,,,,,,,,,,
Base small-group ablation (n=1),base_c_n1_val8_align_exp1_2gpu_20260406_195153,04bw3n5xqk9h3gla7imi9,178,178.0,0.0849566906690597,0.0073544323968235,0.0001050772057169,-255.9924154281616,495.921875,,,,,,,,,,,,,
Base small-group ablation (n=1),base_c_n1_val8_align_exp1_2gpu_20260406_195153,04bw3n5xqk9h3gla7imi9,179,179.0,0.0826132968068122,0.0076032074284739,-0.0001022124407938,-256.0446367263794,492.8125,,,,,,,,,,,,,
Base small-group ablation (n=1),base_c_n1_val8_align_exp1_2gpu_20260406_195153,04bw3n5xqk9h3gla7imi9,180,180.0,0.0845555886626243,0.0079468628100585,-0.0001202748576645,-256.0513200759888,502.0625,0.547,0.547,0.798,0.7628720000000001,580.4375,0.3170317366881302,0.0507968127490039,580.4375,0.9211870223120108,0.0016908295160503,0.9802576840161328,64.0,0.016
Base weak-regularization variant,base_d_weak_constraint_20260402_003007,rq4nirwa1qsaynipprodn,0,,,,,,,0.3745,0.3745,0.762,0.7084539999999999,812.46875,0.6603227107908832,0.1153890534251317,812.46875,0.8542631885776969,0.0011881919188604,0.9445495413259304,64.0,0.016
Base weak-regularization variant,base_d_weak_constraint_20260402_003007,rq4nirwa1qsaynipprodn,1,1.0,0.3455305397510528,,-1.3782861681743697e-05,0.0001387388219882,681.46875,,,,,,,,,,,,,
Base weak-regularization variant,base_d_weak_constraint_20260402_003007,rq4nirwa1qsaynipprodn,2,2.0,0.3553726077079773,,-4.5590737834722006e-05,-3.508277700348117e-06,688.88671875,,,,,,,,,,,,,
Base weak-regularization variant,base_d_weak_constraint_20260402_003007,rq4nirwa1qsaynipprodn,3,3.0,0.3939868807792664,,1.1124183361133078e-06,2.2586359079923568e-05,735.314453125,,,,,,,,,,,,,
Base weak-regularization variant,base_d_weak_constraint_20260402_003007,rq4nirwa1qsaynipprodn,4,4.0,0.408247709274292,,-3.11438435058875e-05,7.869611238220386e-05,735.365234375,,,,,,,,,,,,,
Base weak-regularization variant,base_d_weak_constraint_20260402_003007,rq4nirwa1qsaynipprodn,5,5.0,0.3499517738819122,,-1.9393156547309334e-07,-0.0001527507063201,721.509765625,,,,,,,,,,,,,
Base weak-regularization variant,base_d_weak_constraint_20260402_003007,rq4nirwa1qsaynipprodn,6,6.0,0.3858982920646667,,2.615486769919073e-05,-8.297840281557001e-05,701.08203125,0.38075,0.38075,0.754,0.703634,864.71875,0.8855912612932133,0.1526146507173575,864.71875,0.8169118890979112,0.0010621823470237,0.9202588439345304,64.0,0.016
Base weak-regularization variant,base_d_weak_constraint_20260402_003007,rq4nirwa1qsaynipprodn,7,7.0,0.2954252958297729,,4.791201400422551e-05,8.580069244601418e-05,724.158203125,,,,,,,,,,,,,
Base weak-regularization variant,base_d_weak_constraint_20260402_003007,rq4nirwa1qsaynipprodn,8,8.0,0.3295895755290985,,-7.167986840528329e-06,6.317623962104335e-05,723.8984375,,,,,,,,,,,,,
Base weak-regularization variant,base_d_weak_constraint_20260402_003007,rq4nirwa1qsaynipprodn,9,9.0,0.3460823893547058,,-3.051159148181881e-05,0.0001089171491912,714.181640625,,,,,,,,,,,,,
Base weak-regularization variant,base_d_weak_constraint_20260402_003007,rq4nirwa1qsaynipprodn,10,10.0,0.3753516376018524,,9.47136295268436e-05,2.889407353734441e-05,747.66015625,,,,,,,,,,,,,
Base weak-regularization variant,base_d_weak_constraint_20260402_003007,rq4nirwa1qsaynipprodn,11,11.0,0.2837252020835876,,4.339552375309808e-05,0.000105768719333,697.595703125,,,,,,,,,,,,,
Base weak-regularization variant,base_d_weak_constraint_20260402_003007,rq4nirwa1qsaynipprodn,12,12.0,0.2595750987529754,,5.542686076775993e-06,0.0001627980165608,725.408203125,0.41625,0.41625,0.772,0.7254060000000001,845.1875,0.4312354357718787,0.0801597278710345,845.1875,0.8842123696977355,0.0010400161683464,0.9721101341379436,64.0,0.016
Base weak-regularization variant,base_d_weak_constraint_20260402_003007,rq4nirwa1qsaynipprodn,13,13.0,0.2726920247077942,,1.5290637574938426e-05,-4.449997069855271e-05,672.751953125,,,,,,,,,,,,,
Base weak-regularization variant,base_d_weak_constraint_20260402_003007,rq4nirwa1qsaynipprodn,14,14.0,0.2839458882808685,,-4.603926415436277e-06,8.566289097089452e-05,703.111328125,,,,,,,,,,,,,
Base weak-regularization variant,base_d_weak_constraint_20260402_003007,rq4nirwa1qsaynipprodn,15,15.0,0.2627362012863159,,2.268232482482979e-05,0.0001946617963892,711.38671875,,,,,,,,,,,,,
Base weak-regularization variant,base_d_weak_constraint_20260402_003007,rq4nirwa1qsaynipprodn,16,16.0,0.2320944368839264,,-5.859269138319689e-06,0.0002581781246941,699.0703125,,,,,,,,,,,,,
Base weak-regularization variant,base_d_weak_constraint_20260402_003007,rq4nirwa1qsaynipprodn,17,17.0,0.2220049798488617,,3.432103161316036e-05,0.0002165175971171,662.5546875,,,,,,,,,,,,,
Base weak-regularization variant,base_d_weak_constraint_20260402_003007,rq4nirwa1qsaynipprodn,18,18.0,0.2554158866405487,,3.596876263856075e-05,0.0003220062325226,702.1796875,0.44025,0.44025,0.772,0.7274680000000001,727.34375,0.3162074965693128,0.060515574650913,727.34375,0.9028333673364494,0.0011659206962275,0.984015310842676,64.0,0.016
Base weak-regularization variant,base_d_weak_constraint_20260402_003007,rq4nirwa1qsaynipprodn,19,19.0,0.2169364988803863,,-7.780898749865095e-06,0.0002364289250129,666.490234375,,,,,,,,,,,,,
Base weak-regularization variant,base_d_weak_constraint_20260402_003007,rq4nirwa1qsaynipprodn,20,20.0,0.2306690663099289,,4.089580234634127e-05,0.0001614561767127,641.939453125,,,,,,,,,,,,,
Base weak-regularization variant,base_d_weak_constraint_20260402_003007,rq4nirwa1qsaynipprodn,21,21.0,0.2341560870409012,,2.4739315914956705e-05,0.0003878316774148,691.361328125,,,,,,,,,,,,,
Base weak-regularization variant,base_d_weak_constraint_20260402_003007,rq4nirwa1qsaynipprodn,22,22.0,0.1907547116279602,,5.8908743181262935e-05,0.0004181158616631,677.03515625,,,,,,,,,,,,,
Base weak-regularization variant,base_d_weak_constraint_20260402_003007,rq4nirwa1qsaynipprodn,23,23.0,0.1772466301918029,,1.1288905348516565e-05,0.0002427409716574,660.505859375,,,,,,,,,,,,,
Base weak-regularization variant,base_d_weak_constraint_20260402_003007,rq4nirwa1qsaynipprodn,24,24.0,0.171433538198471,,-1.4328618368475432e-05,0.0002726878487067,628.51953125,0.4995,0.4995,0.81,0.7663240000000001,754.25,0.2996448587415073,0.0565752403049386,754.25,0.9107796700537344,0.0010846398923697,0.9844820244564376,64.0,0.016
Base weak-regularization variant,base_d_weak_constraint_20260402_003007,rq4nirwa1qsaynipprodn,25,25.0,0.170351356267929,,-2.692532208042886e-05,0.0003152342097791,637.302734375,,,,,,,,,,,,,
Base weak-regularization variant,base_d_weak_constraint_20260402_003007,rq4nirwa1qsaynipprodn,26,26.0,0.1645254641771316,,-8.415174555242988e-06,0.0002460276688598,617.091796875,,,,,,,,,,,,,
Base weak-regularization variant,base_d_weak_constraint_20260402_003007,rq4nirwa1qsaynipprodn,27,27.0,0.1726542711257934,,6.663090275502159e-05,0.0003819917843443,624.796875,,,,,,,,,,,,,
Base weak-regularization variant,base_d_weak_constraint_20260402_003007,rq4nirwa1qsaynipprodn,28,28.0,0.1523488610982895,,9.625703340176985e-06,0.0001664233016072,598.962890625,,,,,,,,,,,,,
Base weak-regularization variant,base_d_weak_constraint_20260402_003007,rq4nirwa1qsaynipprodn,29,29.0,0.1566343605518341,,3.114941329548926e-05,0.0003503944229805,619.501953125,,,,,,,,,,,,,
Base weak-regularization variant,base_d_weak_constraint_20260402_003007,rq4nirwa1qsaynipprodn,30,30.0,0.153941810131073,,-1.6688902751638146e-05,0.0004505861793404,638.173828125,0.51825,0.51825,0.816,0.77398,775.96875,0.5659965292608871,0.0846522492046232,775.96875,0.8862852851093705,0.0011192608432453,0.956075572088018,64.0,0.016
Base weak-regularization variant,base_d_weak_constraint_20260402_003007,rq4nirwa1qsaynipprodn,31,31.0,0.1503962576389312,,3.888293448506275e-05,0.0003422982299525,616.67578125,,,,,,,,,,,,,
Base weak-regularization variant,base_d_weak_constraint_20260402_003007,rq4nirwa1qsaynipprodn,32,32.0,0.1379765570163726,,2.033710341819983e-05,0.0001713496330921,593.216796875,,,,,,,,,,,,,
Base weak-regularization variant,base_d_weak_constraint_20260402_003007,rq4nirwa1qsaynipprodn,33,33.0,0.1437024772167205,,-2.677304511777833e-05,0.000217464948264,612.115234375,,,,,,,,,,,,,
Base weak-regularization variant,base_d_weak_constraint_20260402_003007,rq4nirwa1qsaynipprodn,34,34.0,0.162282183766365,,-4.0158429782444216e-05,0.0002191810763179,614.40625,,,,,,,,,,,,,
Base weak-regularization variant,base_d_weak_constraint_20260402_003007,rq4nirwa1qsaynipprodn,35,35.0,0.1427823007106781,,-3.717418958792962e-05,0.0002491221976583,622.98046875,,,,,,,,,,,,,
Base weak-regularization variant,base_d_weak_constraint_20260402_003007,rq4nirwa1qsaynipprodn,36,36.0,0.1421889960765838,,-2.9086148473522755e-05,0.0002914938822868,616.091796875,0.53225,0.53225,0.806,0.767912,639.359375,0.1896744151977637,0.0326743077787824,639.359375,0.9369787094387312,0.0014952585942507,0.993441455568566,64.0,0.016
Base weak-regularization variant,base_d_weak_constraint_20260402_003007,rq4nirwa1qsaynipprodn,37,37.0,0.1399946957826614,,3.5829823421984486e-05,0.0003116951966148,614.76953125,,,,,,,,,,,,,
Base weak-regularization variant,base_d_weak_constraint_20260402_003007,rq4nirwa1qsaynipprodn,38,38.0,0.136912852525711,,1.5649385493726742e-05,0.0003004877198691,612.8203125,,,,,,,,,,,,,
Base weak-regularization variant,base_d_weak_constraint_20260402_003007,rq4nirwa1qsaynipprodn,39,39.0,0.1330229043960571,,-2.776078928157233e-05,0.0001730678550302,601.796875,,,,,,,,,,,,,
Base weak-regularization variant,base_d_weak_constraint_20260402_003007,rq4nirwa1qsaynipprodn,40,40.0,0.1305845379829406,,-2.8067672128706533e-05,0.0001392982594552,598.470703125,,,,,,,,,,,,,
Base weak-regularization variant,base_d_weak_constraint_20260402_003007,rq4nirwa1qsaynipprodn,41,41.0,0.1526668220758438,,-1.468912095559105e-05,0.0003065870187128,614.287109375,,,,,,,,,,,,,
Base weak-regularization variant,base_d_weak_constraint_20260402_003007,rq4nirwa1qsaynipprodn,42,42.0,0.1335647851228714,,-3.300333422373569e-05,0.0002130752436642,605.333984375,0.5355,0.5355,0.814,0.774092,665.15625,0.5853347330718414,0.0852478271082922,665.15625,0.8888372018467744,0.0014179464959707,0.954026931716098,64.0,0.016
Base weak-regularization variant,base_d_weak_constraint_20260402_003007,rq4nirwa1qsaynipprodn,43,43.0,0.1405235677957534,,2.656493796582282e-05,0.0003512863067953,608.326171875,,,,,,,,,,,,,
Base weak-regularization variant,base_d_weak_constraint_20260402_003007,rq4nirwa1qsaynipprodn,44,44.0,0.1310116052627563,,-2.8224208186600208e-05,0.0002030539233146,594.185546875,,,,,,,,,,,,,
Base weak-regularization variant,base_d_weak_constraint_20260402_003007,rq4nirwa1qsaynipprodn,45,45.0,0.1415674984455108,,1.1303947297980343e-05,0.0003536093090588,621.716796875,,,,,,,,,,,,,
Base weak-regularization variant,base_d_weak_constraint_20260402_003007,rq4nirwa1qsaynipprodn,46,46.0,0.1289983689785003,,3.009746535553859e-06,0.0002056860464563,594.216796875,,,,,,,,,,,,,
Base weak-regularization variant,base_d_weak_constraint_20260402_003007,rq4nirwa1qsaynipprodn,47,47.0,0.1395985037088394,,-3.465166793148455e-05,0.0003780826382353,623.873046875,,,,,,,,,,,,,
Base weak-regularization variant,base_d_weak_constraint_20260402_003007,rq4nirwa1qsaynipprodn,48,48.0,0.1299913376569748,,-6.525475212626475e-06,0.0002522514848806,612.462890625,0.5415,0.5415,0.814,0.772256,535.515625,0.2112473717222235,0.0386893472996236,535.515625,0.9288919148500642,0.0017971149043271,0.9932181394204884,64.0,0.016
Base weak-regularization variant,base_d_weak_constraint_20260402_003007,rq4nirwa1qsaynipprodn,49,49.0,0.1318661272525787,,6.072159050693471e-05,0.0002382383891017,602.802734375,,,,,,,,,,,,,
Base weak-regularization variant,base_d_weak_constraint_20260402_003007,rq4nirwa1qsaynipprodn,50,50.0,0.1281709372997284,,1.8332051929803583e-06,0.0001622388972464,595.052734375,,,,,,,,,,,,,
Base weak-regularization variant,base_d_weak_constraint_20260402_003007,rq4nirwa1qsaynipprodn,51,51.0,0.1270177066326141,,2.2663232894681865e-05,0.000264716320089,608.662109375,,,,,,,,,,,,,
Base weak-regularization variant,base_d_weak_constraint_20260402_003007,rq4nirwa1qsaynipprodn,52,52.0,0.165772795677185,,-3.147293451921662e-05,0.0003123358519587,615.3359375,,,,,,,,,,,,,
Base weak-regularization variant,base_d_weak_constraint_20260402_003007,rq4nirwa1qsaynipprodn,53,53.0,0.1396794021129608,,2.79302009603688e-06,0.000281696953607,607.09765625,,,,,,,,,,,,,
Base weak-regularization variant,base_d_weak_constraint_20260402_003007,rq4nirwa1qsaynipprodn,54,54.0,0.1272510886192321,,-3.627253423843513e-06,0.0002375170388404,593.80859375,0.55575,0.55575,0.82,0.783312,545.546875,0.1826286546995864,0.033595875698124,545.546875,0.9358438460409992,0.0017628201506292,0.995077128753815,64.0,0.016
Base weak-regularization variant,base_d_weak_constraint_20260402_003007,rq4nirwa1qsaynipprodn,55,55.0,0.1235594823956489,,5.931187148533468e-06,0.0002225653006462,598.310546875,,,,,,,,,,,,,
Base weak-regularization variant,base_d_weak_constraint_20260402_003007,rq4nirwa1qsaynipprodn,56,56.0,0.1303942501544952,,-2.33697203122496e-06,0.0002657338627614,600.8125,,,,,,,,,,,,,
Base weak-regularization variant,base_d_weak_constraint_20260402_003007,rq4nirwa1qsaynipprodn,57,57.0,0.1332834959030151,,-1.9304866411218317e-05,0.0002645480308274,606.021484375,,,,,,,,,,,,,
Base weak-regularization variant,base_d_weak_constraint_20260402_003007,rq4nirwa1qsaynipprodn,58,58.0,0.1231805831193924,,5.3472149783573286e-05,0.0001846943705459,584.24609375,,,,,,,,,,,,,
Base weak-regularization variant,base_d_weak_constraint_20260402_003007,rq4nirwa1qsaynipprodn,59,59.0,0.1549150645732879,,1.7815856285130494e-05,8.195887949113967e-05,589.912109375,,,,,,,,,,,,,
Base weak-regularization variant,base_d_weak_constraint_20260402_003007,rq4nirwa1qsaynipprodn,60,60.0,0.1196914613246917,,5.6611504266612656e-06,0.0001526378555354,595.224609375,0.54675,0.54675,0.82,0.778076,589.84375,0.2085801163730242,0.039205298013245,589.84375,0.9302369546448158,0.0016545954502576,0.9929283895934654,64.0,0.016
Base weak-regularization variant,base_d_weak_constraint_20260402_003007,rq4nirwa1qsaynipprodn,61,61.0,0.1200310066342353,,1.541654891301647e-05,0.0002462777283653,600.140625,,,,,,,,,,,,,
Base weak-regularization variant,base_d_weak_constraint_20260402_003007,rq4nirwa1qsaynipprodn,62,62.0,0.1224038749933242,,-2.3623231562019956e-05,0.0001784107271305,599.451171875,,,,,,,,,,,,,
Base weak-regularization variant,base_d_weak_constraint_20260402_003007,rq4nirwa1qsaynipprodn,63,63.0,0.125003308057785,,-1.19542357972513e-05,0.0002332621033929,609.041015625,,,,,,,,,,,,,
Base weak-regularization variant,base_d_weak_constraint_20260402_003007,rq4nirwa1qsaynipprodn,64,64.0,0.1185344755649566,,1.139929003457496e-05,0.0002629525497468,601.42578125,,,,,,,,,,,,,
Base weak-regularization variant,base_d_weak_constraint_20260402_003007,rq4nirwa1qsaynipprodn,65,65.0,0.122491106390953,,3.0783588031213505e-05,0.0002046729478024,590.751953125,,,,,,,,,,,,,
Base weak-regularization variant,base_d_weak_constraint_20260402_003007,rq4nirwa1qsaynipprodn,66,66.0,0.1194924712181091,,7.771066203721144e-05,0.000265055606178,602.693359375,0.55275,0.55275,0.812,0.771248,599.125,0.185183689337097,0.034712080116837,599.125,0.9353629310619052,0.0015858931893244,0.9950341316794592,64.0,0.016
Base weak-regularization variant,base_d_weak_constraint_20260402_003007,rq4nirwa1qsaynipprodn,67,67.0,0.121549405157566,,2.702135613041889e-06,0.0001783862117008,595.271484375,,,,,,,,,,,,,
Base weak-regularization variant,base_d_weak_constraint_20260402_003007,rq4nirwa1qsaynipprodn,68,68.0,0.1141435280442238,,4.043157854027868e-05,0.0001518538083473,590.970703125,,,,,,,,,,,,,
Base weak-regularization variant,base_d_weak_constraint_20260402_003007,rq4nirwa1qsaynipprodn,69,69.0,0.1254516094923019,,3.5765339107141775e-05,0.0002850532919183,613.943359375,,,,,,,,,,,,,
Base weak-regularization variant,base_d_weak_constraint_20260402_003007,rq4nirwa1qsaynipprodn,70,70.0,0.1175427809357643,,4.659290355313317e-05,0.0001824141172619,592.888671875,,,,,,,,,,,,,
Base weak-regularization variant,base_d_weak_constraint_20260402_003007,rq4nirwa1qsaynipprodn,71,71.0,0.1129697635769844,,-5.147993786813743e-05,8.952234747994225e-05,582.853515625,,,,,,,,,,,,,
Base weak-regularization variant,base_d_weak_constraint_20260402_003007,rq4nirwa1qsaynipprodn,72,72.0,0.1152128800749778,,9.711238163345737e-06,0.0002627268622745,603.37890625,0.5525,0.5525,0.804,0.7692319999999999,650.6875,0.2001693946073314,0.0385409662856594,650.6875,0.930211881821328,0.0014576664155046,0.9938552760445823,64.0,0.016
Base weak-regularization variant,base_d_weak_constraint_20260402_003007,rq4nirwa1qsaynipprodn,73,73.0,0.1146643310785293,,4.556394204602299e-05,0.0002012236236623,595.35546875,,,,,,,,,,,,,
Base weak-regularization variant,base_d_weak_constraint_20260402_003007,rq4nirwa1qsaynipprodn,74,74.0,0.1125259324908256,,-4.251741510330475e-05,3.8086539461801294e-05,582.90234375,,,,,,,,,,,,,
Base weak-regularization variant,base_d_weak_constraint_20260402_003007,rq4nirwa1qsaynipprodn,75,75.0,0.1211324781179428,,4.068335355622565e-05,0.0001976485891646,601.24609375,,,,,,,,,,,,,
Base weak-regularization variant,base_d_weak_constraint_20260402_003007,rq4nirwa1qsaynipprodn,76,76.0,0.1208045482635498,,5.017435055498787e-05,0.0003065857254114,611.634765625,,,,,,,,,,,,,
Base weak-regularization variant,base_d_weak_constraint_20260402_003007,rq4nirwa1qsaynipprodn,77,77.0,0.1146662086248397,,3.121116865822948e-05,0.0001973042490135,595.005859375,,,,,,,,,,,,,
Base weak-regularization variant,base_d_weak_constraint_20260402_003007,rq4nirwa1qsaynipprodn,78,78.0,0.1139248758554458,,-1.9561574774229484e-05,0.0001991421722777,606.2109375,0.56,0.56,0.82,0.7851279999999999,641.203125,0.2276341958181561,0.0456904744498866,641.203125,0.9240015892878254,0.0015073474561091,0.9909651537580844,64.0,0.016
Base weak-regularization variant,base_d_weak_constraint_20260402_003007,rq4nirwa1qsaynipprodn,79,79.0,0.1183323189616203,,-2.9745079247689432e-05,0.0001933002977239,595.166015625,,,,,,,,,,,,,
Base weak-regularization variant,base_d_weak_constraint_20260402_003007,rq4nirwa1qsaynipprodn,80,80.0,0.1211246699094772,,-1.2362073003452378e-05,0.000180255815394,591.01953125,,,,,,,,,,,,,
Base weak-regularization variant,base_d_weak_constraint_20260402_003007,rq4nirwa1qsaynipprodn,81,81.0,0.1120528504252433,,-3.087734080309268e-05,0.0003137690346193,604.2890625,,,,,,,,,,,,,
Base weak-regularization variant,base_d_weak_constraint_20260402_003007,rq4nirwa1qsaynipprodn,82,82.0,0.1144386827945709,,-8.729822763342554e-06,0.0001765517108651,591.4375,,,,,,,,,,,,,
Base weak-regularization variant,base_d_weak_constraint_20260402_003007,rq4nirwa1qsaynipprodn,83,83.0,0.1151701509952545,,-4.4743225806942455e-05,0.0002834287543009,606.478515625,,,,,,,,,,,,,
Base weak-regularization variant,base_d_weak_constraint_20260402_003007,rq4nirwa1qsaynipprodn,84,84.0,0.1123344376683235,,1.1720582717700267e-06,0.0001426963362973,598.595703125,0.562,0.562,0.83,0.7890260000000001,602.28125,0.1757111333881584,0.0317802106573963,602.28125,0.9383245458342132,0.0015853559491699,0.995269107971999,64.0,0.016
Base weak-regularization variant,base_d_weak_constraint_20260402_003007,rq4nirwa1qsaynipprodn,85,85.0,0.1104659363627433,,-2.63309522310351e-05,0.0001250417017217,581.58203125,,,,,,,,,,,,,
Base weak-regularization variant,base_d_weak_constraint_20260402_003007,rq4nirwa1qsaynipprodn,86,86.0,0.109015591442585,,1.2821582192401593e-05,0.0001459688955947,593.798828125,,,,,,,,,,,,,
Base weak-regularization variant,base_d_weak_constraint_20260402_003007,rq4nirwa1qsaynipprodn,87,87.0,0.1145917251706123,,-2.100403724458744e-05,0.0001465888863094,592.69921875,,,,,,,,,,,,,
Base weak-regularization variant,base_d_weak_constraint_20260402_003007,rq4nirwa1qsaynipprodn,88,88.0,0.1122639700770378,,-2.5068473352263258e-05,0.000164104050782,586.24609375,,,,,,,,,,,,,
Base weak-regularization variant,base_d_weak_constraint_20260402_003007,rq4nirwa1qsaynipprodn,89,89.0,0.1103909164667129,,3.89816063921522e-05,0.0001541528499728,587.32421875,,,,,,,,,,,,,
Base weak-regularization variant,base_d_weak_constraint_20260402_003007,rq4nirwa1qsaynipprodn,90,90.0,0.1136214360594749,,8.754991649262411e-06,0.000167380521816,597.26171875,0.557,0.557,0.796,0.7661939999999999,599.828125,0.1841971220944442,0.0346453411133397,599.828125,0.9361649606925264,0.0015837810072536,0.9948593036701594,64.0,0.016
Base weak-regularization variant,base_d_weak_constraint_20260402_003007,rq4nirwa1qsaynipprodn,91,91.0,0.1107103675603866,,3.556331601473062e-05,0.0001736860940582,589.890625,,,,,,,,,,,,,
Base weak-regularization variant,base_d_weak_constraint_20260402_003007,rq4nirwa1qsaynipprodn,92,92.0,0.1087188944220542,,2.1388854417825343e-05,0.0001811786241887,593.11328125,,,,,,,,,,,,,
Base weak-regularization variant,base_d_weak_constraint_20260402_003007,rq4nirwa1qsaynipprodn,93,93.0,0.1119202226400375,,6.179577551820858e-05,0.0001149229983639,583.845703125,,,,,,,,,,,,,
Base weak-regularization variant,base_d_weak_constraint_20260402_003007,rq4nirwa1qsaynipprodn,94,94.0,0.1098785698413848,,-6.338120415616544e-06,8.219248957175296e-05,584.86328125,,,,,,,,,,,,,
Base weak-regularization variant,base_d_weak_constraint_20260402_003007,rq4nirwa1qsaynipprodn,95,95.0,0.107337549328804,,5.297849405350164e-05,0.0001148648789239,584.24609375,,,,,,,,,,,,,
Base weak-regularization variant,base_d_weak_constraint_20260402_003007,rq4nirwa1qsaynipprodn,96,96.0,0.1085785254836082,,8.431117317631021e-07,0.0001748963368299,594.001953125,0.55775,0.55775,0.82,0.781672,766.9375,0.2511786180393162,0.0450452285877271,766.9375,0.9264459368283198,0.0012544514327309,0.9887312720529357,64.0,0.016
Base weak-regularization variant,base_d_weak_constraint_20260402_003007,rq4nirwa1qsaynipprodn,97,97.0,0.1093707457184791,,-4.692454211530084e-06,0.0001982226895052,590.021484375,,,,,,,,,,,,,
Base weak-regularization variant,base_d_weak_constraint_20260402_003007,rq4nirwa1qsaynipprodn,98,98.0,0.109768345952034,,-6.203277726157808e-06,7.822518455213867e-05,577.892578125,,,,,,,,,,,,,
Base weak-regularization variant,base_d_weak_constraint_20260402_003007,rq4nirwa1qsaynipprodn,99,99.0,0.1122512072324752,,-6.457293877737413e-05,0.0001177422445834,585.267578125,,,,,,,,,,,,,
Base weak-regularization variant,base_d_weak_constraint_20260402_003007,rq4nirwa1qsaynipprodn,100,100.0,0.1097558960318565,,-1.5032166666928417e-05,0.0001433849847671,587.62890625,,,,,,,,,,,,,
Base weak-regularization variant,base_d_weak_constraint_20260402_003007,rq4nirwa1qsaynipprodn,101,101.0,0.108680747449398,,2.3628545136489265e-05,0.0001353164598185,585.82421875,,,,,,,,,,,,,
Base weak-regularization variant,base_d_weak_constraint_20260402_003007,rq4nirwa1qsaynipprodn,102,102.0,0.1093989983201026,,1.37379481972566e-05,9.461111767450348e-05,581.15234375,0.57475,0.57475,0.808,0.777664,623.0625,0.1716451353122291,0.0315728759153375,623.0625,0.939933869840867,0.0014960608363046,0.9956450418814192,64.0,0.016
Base weak-regularization variant,base_d_weak_constraint_20260402_003007,rq4nirwa1qsaynipprodn,103,103.0,0.1044280007481575,,-2.0050364972656887e-05,9.451881214772584e-05,575.640625,,,,,,,,,,,,,
Base weak-regularization variant,base_d_weak_constraint_20260402_003007,rq4nirwa1qsaynipprodn,104,104.0,0.1148879155516624,,1.1332179588041669e-05,0.0002260136707263,597.435546875,,,,,,,,,,,,,
Base weak-regularization variant,base_d_weak_constraint_20260402_003007,rq4nirwa1qsaynipprodn,105,105.0,0.1069637313485145,,2.1986520767125484e-05,0.00013239197051,578.939453125,,,,,,,,,,,,,
Base weak-regularization variant,base_d_weak_constraint_20260402_003007,rq4nirwa1qsaynipprodn,106,106.0,0.105677843093872,,1.9240830344102733e-05,9.156726900982905e-05,583.419921875,,,,,,,,,,,,,
Base weak-regularization variant,base_d_weak_constraint_20260402_003007,rq4nirwa1qsaynipprodn,107,107.0,0.1072694733738899,,9.328477013514911e-06,8.922743018047186e-05,582.744140625,,,,,,,,,,,,,
Base weak-regularization variant,base_d_weak_constraint_20260402_003007,rq4nirwa1qsaynipprodn,108,108.0,0.1060054153203964,,-5.865889362821619e-05,0.0001556248298584,583.21484375,0.5695,0.5695,0.82,0.78293,604.3125,0.1917332060298353,0.0366635639673182,604.3125,0.9347436107762142,0.0016211751425031,0.993180264212474,64.0,0.016
Base weak-regularization variant,base_d_weak_constraint_20260402_003007,rq4nirwa1qsaynipprodn,109,109.0,0.1072315350174904,,1.3563664452043156e-05,0.0002088284518322,597.0390625,,,,,,,,,,,,,
Base weak-regularization variant,base_d_weak_constraint_20260402_003007,rq4nirwa1qsaynipprodn,110,110.0,0.1037291511893272,,2.8636969065631845e-05,0.000123103435726,585.48828125,,,,,,,,,,,,,
Base weak-regularization variant,base_d_weak_constraint_20260402_003007,rq4nirwa1qsaynipprodn,111,111.0,0.1049700379371643,,1.6435780346935047e-05,7.200430991360918e-05,572.91015625,,,,,,,,,,,,,
Base weak-regularization variant,base_d_weak_constraint_20260402_003007,rq4nirwa1qsaynipprodn,112,112.0,0.1052219569683075,,-5.599026026814613e-06,0.0001608814563951,588.458984375,,,,,,,,,,,,,
Base weak-regularization variant,base_d_weak_constraint_20260402_003007,rq4nirwa1qsaynipprodn,113,113.0,0.1045270413160324,,-1.2840161550009556e-05,0.000195742743017,581.076171875,,,,,,,,,,,,,
Base weak-regularization variant,base_d_weak_constraint_20260402_003007,rq4nirwa1qsaynipprodn,114,114.0,0.1033991277217865,,-3.393089512027103e-06,5.600325130217243e-05,575.48828125,0.56375,0.56375,0.814,0.775624,651.4375,0.187222003891019,0.0358342127986184,651.4375,0.9358087726967425,0.0014344009985668,0.9940751978912544,64.0,0.016
Base weak-regularization variant,base_d_weak_constraint_20260402_003007,rq4nirwa1qsaynipprodn,115,115.0,0.1044964790344238,,1.993856813697903e-05,0.0001902937547129,587.59765625,,,,,,,,,,,,,
Base weak-regularization variant,base_d_weak_constraint_20260402_003007,rq4nirwa1qsaynipprodn,116,116.0,0.1010660007596016,,-2.2278130344943747e-06,4.127157444600016e-05,574.662109375,,,,,,,,,,,,,
Base weak-regularization variant,base_d_weak_constraint_20260402_003007,rq4nirwa1qsaynipprodn,117,117.0,0.1029615849256515,,3.090010798878495e-05,7.845699656172656e-05,571.744140625,,,,,,,,,,,,,
Base weak-regularization variant,base_d_weak_constraint_20260402_003007,rq4nirwa1qsaynipprodn,118,118.0,0.100935012102127,,3.5959277262520573e-06,1.803625571028533e-05,573.95703125,,,,,,,,,,,,,
Base weak-regularization variant,base_d_weak_constraint_20260402_003007,rq4nirwa1qsaynipprodn,119,119.0,0.1099531725049018,,5.853870278760276e-05,0.0001242940088559,580.453125,,,,,,,,,,,,,
Base weak-regularization variant,base_d_weak_constraint_20260402_003007,rq4nirwa1qsaynipprodn,120,120.0,0.0994271785020828,,1.413988471998806e-05,2.440348180243745e-05,561.087890625,0.56575,0.56575,0.824,0.7835319999999999,569.21875,0.1707601110587694,0.0326928355750754,569.21875,0.939928329681388,0.0017677930531644,0.9954874705195002,64.0,0.016
Base weak-regularization variant,base_d_weak_constraint_20260402_003007,rq4nirwa1qsaynipprodn,121,121.0,0.0981670916080474,,1.2936327035362185e-05,5.361676903703483e-05,565.1484375,,,,,,,,,,,,,
Base weak-regularization variant,base_d_weak_constraint_20260402_003007,rq4nirwa1qsaynipprodn,122,122.0,0.1060561910271644,,-1.0652662344207142e-05,9.155967654805865e-05,581.384765625,,,,,,,,,,,,,
Base weak-regularization variant,base_d_weak_constraint_20260402_003007,rq4nirwa1qsaynipprodn,123,123.0,0.0996797904372215,,7.095518110844523e-06,4.120886660530232e-05,576.45703125,,,,,,,,,,,,,
Base weak-regularization variant,base_d_weak_constraint_20260402_003007,rq4nirwa1qsaynipprodn,124,124.0,0.1009023860096931,,2.5967068894572343e-05,2.861254233721411e-05,569.365234375,,,,,,,,,,,,,
Base weak-regularization variant,base_d_weak_constraint_20260402_003007,rq4nirwa1qsaynipprodn,125,125.0,0.0978294163942337,,3.103907417933982e-05,1.3292137737153098e-06,566.21484375,,,,,,,,,,,,,
Base weak-regularization variant,base_d_weak_constraint_20260402_003007,rq4nirwa1qsaynipprodn,126,126.0,0.0979020968079567,,-5.33437501724944e-05,4.008893120044377e-05,573.93359375,0.569,0.569,0.826,0.792124,611.921875,0.1769163552847172,0.0308199065444424,611.921875,0.937751092271055,0.0015713161318841,0.9953920537615822,64.0,0.016
Base weak-regularization variant,base_d_weak_constraint_20260402_003007,rq4nirwa1qsaynipprodn,127,127.0,0.0975003913044929,,1.330296671309128e-05,5.763840636063833e-05,567.970703125,,,,,,,,,,,,,
Base weak-regularization variant,base_d_weak_constraint_20260402_003007,rq4nirwa1qsaynipprodn,128,128.0,0.0991050228476524,,-2.0341908481658063e-05,9.782277629710734e-05,579.5703125,,,,,,,,,,,,,
Base weak-regularization variant,base_d_weak_constraint_20260402_003007,rq4nirwa1qsaynipprodn,129,129.0,0.0971168354153633,,5.974808053643699e-06,2.1539228328038007e-05,570.845703125,,,,,,,,,,,,,
Base weak-regularization variant,base_d_weak_constraint_20260402_003007,rq4nirwa1qsaynipprodn,130,130.0,0.0972660556435585,,2.617097066837104e-05,4.374763011583127e-05,568.44921875,,,,,,,,,,,,,
Base weak-regularization variant,base_d_weak_constraint_20260402_003007,rq4nirwa1qsaynipprodn,131,131.0,0.0976183712482452,,8.11410723811079e-06,7.95393289081403e-05,575.109375,,,,,,,,,,,,,
Base weak-regularization variant,base_d_weak_constraint_20260402_003007,rq4nirwa1qsaynipprodn,132,132.0,0.1006181687116622,,3.614678579222375e-05,5.412114933278645e-05,575.533203125,0.57475,0.57475,0.82,0.7840499999999999,549.640625,0.1669346363442731,0.0309861557267532,549.640625,0.9405885880709908,0.0018096885073329,0.9956934116358211,64.0,0.016
Base weak-regularization variant,base_d_weak_constraint_20260402_003007,rq4nirwa1qsaynipprodn,133,133.0,0.1006953045725822,,-2.465643306592824e-05,0.0001422980312781,588.916015625,,,,,,,,,,,,,
Base weak-regularization variant,base_d_weak_constraint_20260402_003007,rq4nirwa1qsaynipprodn,134,134.0,0.098427802324295,,-2.723358628120565e-05,4.549913319351617e-05,571.505859375,,,,,,,,,,,,,
Base weak-regularization variant,base_d_weak_constraint_20260402_003007,rq4nirwa1qsaynipprodn,135,135.0,0.0967542827129364,,5.218724790534424e-06,2.0158559891569897e-05,578.390625,,,,,,,,,,,,,
Base weak-regularization variant,base_d_weak_constraint_20260402_003007,rq4nirwa1qsaynipprodn,136,136.0,0.0968631729483604,,-1.4145816273902769e-05,2.3726997824269347e-05,573.56640625,,,,,,,,,,,,,
Base weak-regularization variant,base_d_weak_constraint_20260402_003007,rq4nirwa1qsaynipprodn,137,137.0,0.0950556918978691,,1.8453593617184797e-05,1.775311648088973e-05,570.974609375,,,,,,,,,,,,,
Base weak-regularization variant,base_d_weak_constraint_20260402_003007,rq4nirwa1qsaynipprodn,138,138.0,0.0955703631043434,,3.1053193443320026e-05,2.550581120885909e-05,571.958984375,0.5695,0.5695,0.804,0.7749159999999999,575.203125,0.1987169547758822,0.0362100344986825,575.203125,0.9322518660937796,0.0016083290936889,0.9933841508333716,64.0,0.016
Base weak-regularization variant,base_d_weak_constraint_20260402_003007,rq4nirwa1qsaynipprodn,139,139.0,0.094875156879425,,4.246255766826579e-05,-4.460327545530163e-06,568.771484375,,,,,,,,,,,,,
Base weak-regularization variant,base_d_weak_constraint_20260402_003007,rq4nirwa1qsaynipprodn,140,140.0,0.0965196713805198,,4.442534821769151e-05,5.0183355597255286e-05,578.73828125,,,,,,,,,,,,,
Base weak-regularization variant,base_d_weak_constraint_20260402_003007,rq4nirwa1qsaynipprodn,141,141.0,0.1151028573513031,,3.5278638228497528e-06,7.995114992809249e-05,579.904296875,,,,,,,,,,,,,
Base weak-regularization variant,base_d_weak_constraint_20260402_003007,rq4nirwa1qsaynipprodn,142,142.0,0.096265323460102,,1.4923545157863316e-05,4.755515692522749e-05,574.4453125,,,,,,,,,,,,,
Base weak-regularization variant,base_d_weak_constraint_20260402_003007,rq4nirwa1qsaynipprodn,143,143.0,0.0995386093854904,,2.08521503353154e-06,4.425122551765526e-05,572.21875,,,,,,,,,,,,,
Base weak-regularization variant,base_d_weak_constraint_20260402_003007,rq4nirwa1qsaynipprodn,144,144.0,0.0976243391633033,,-1.5736153573087108e-05,2.388783195783617e-05,572.302734375,0.569,0.569,0.83,0.7911900000000001,579.53125,0.1677974513226938,0.0320841197088163,579.53125,0.9402849342920092,0.0017181554455164,0.9959977208330612,64.0,0.016
Base weak-regularization variant,base_d_weak_constraint_20260402_003007,rq4nirwa1qsaynipprodn,145,145.0,0.0966342836618423,,-3.315312061147324e-05,7.832452320144512e-05,577.234375,,,,,,,,,,,,,
Base weak-regularization variant,base_d_weak_constraint_20260402_003007,rq4nirwa1qsaynipprodn,146,146.0,0.0961625501513481,,-1.7981907992958845e-05,5.545361364056589e-05,574.720703125,,,,,,,,,,,,,
Base weak-regularization variant,base_d_weak_constraint_20260402_003007,rq4nirwa1qsaynipprodn,147,147.0,0.0983270853757858,,4.004407061053428e-05,5.873159716429655e-05,579.07421875,,,,,,,,,,,,,
Base weak-regularization variant,base_d_weak_constraint_20260402_003007,rq4nirwa1qsaynipprodn,148,148.0,0.0941046476364135,,-5.979827736091181e-06,5.799051905341912e-06,568.296875,,,,,,,,,,,,,
Base weak-regularization variant,base_d_weak_constraint_20260402_003007,rq4nirwa1qsaynipprodn,149,149.0,0.0924372673034668,,2.3119828589379665e-06,2.6786065973283257e-05,566.201171875,,,,,,,,,,,,,
Base weak-regularization variant,base_d_weak_constraint_20260402_003007,rq4nirwa1qsaynipprodn,150,150.0,0.093531921505928,,-2.358853815209727e-05,-3.258681317674927e-06,570.115234375,0.56775,0.56775,0.788,0.7577039999999999,600.828125,0.1541789529091254,0.028554339063272,600.828125,0.9448645111116524,0.0015898191943867,0.9963895261878264,64.0,0.016
Base weak-regularization variant,base_d_weak_constraint_20260402_003007,rq4nirwa1qsaynipprodn,151,151.0,0.0927185639739036,,-7.542441837316005e-06,-1.0630671567923857e-05,565.85546875,,,,,,,,,,,,,
Base weak-regularization variant,base_d_weak_constraint_20260402_003007,rq4nirwa1qsaynipprodn,152,152.0,0.1093570366501808,,2.3612333356348717e-05,2.3210465769807342e-05,574.146484375,,,,,,,,,,,,,
Base weak-regularization variant,base_d_weak_constraint_20260402_003007,rq4nirwa1qsaynipprodn,153,153.0,0.0934913977980613,,-3.5721174318048554e-05,1.4124873814580496e-05,576.796875,,,,,,,,,,,,,
Base weak-regularization variant,base_d_weak_constraint_20260402_003007,rq4nirwa1qsaynipprodn,154,154.0,0.0936686471104622,,2.23587647925072e-05,4.343005639384501e-05,572.306640625,,,,,,,,,,,,,
Base weak-regularization variant,base_d_weak_constraint_20260402_003007,rq4nirwa1qsaynipprodn,155,155.0,0.0938881114125251,,-9.929411671549817e-06,4.682517101173289e-05,570.00390625,,,,,,,,,,,,,
Base weak-regularization variant,base_d_weak_constraint_20260402_003007,rq4nirwa1qsaynipprodn,156,156.0,0.0910915955901146,,3.0272459956570685e-06,-3.141180059174076e-06,570.990234375,0.569,0.569,0.818,0.784404,559.84375,0.1730469813068718,0.0317331844822774,559.84375,0.9386593481431684,0.0017659394009682,0.9955496619541552,64.0,0.016
Base weak-regularization variant,base_d_weak_constraint_20260402_003007,rq4nirwa1qsaynipprodn,157,157.0,0.0925843194127082,,2.456058145872131e-05,5.478034017869504e-05,574.89453125,,,,,,,,,,,,,
Base weak-regularization variant,base_d_weak_constraint_20260402_003007,rq4nirwa1qsaynipprodn,158,158.0,0.0895806699991226,,-4.327544142812556e-06,-2.6298494049115106e-07,566.8515625,,,,,,,,,,,,,
Base weak-regularization variant,base_d_weak_constraint_20260402_003007,rq4nirwa1qsaynipprodn,159,159.0,0.0910109356045723,,3.4772725885597044e-05,2.731924359977711e-05,565.478515625,,,,,,,,,,,,,
Base weak-regularization variant,base_d_weak_constraint_20260402_003007,rq4nirwa1qsaynipprodn,160,160.0,0.0903900191187858,,3.939710387323992e-05,-1.702453118923586e-06,568.341796875,,,,,,,,,,,,,
Base weak-regularization variant,base_d_weak_constraint_20260402_003007,rq4nirwa1qsaynipprodn,161,161.0,0.0926330983638763,,1.1908322036902064e-05,7.354964509431738e-06,571.419921875,,,,,,,,,,,,,
Base weak-regularization variant,base_d_weak_constraint_20260402_003007,rq4nirwa1qsaynipprodn,162,162.0,0.0917924270033836,,-2.6427359927749805e-05,5.853619768458884e-05,577.37890625,0.56725,0.56725,0.826,0.787328,606.078125,0.1596341985644343,0.0289515068705045,606.078125,0.9433742828947408,0.001557272774122,0.9960895144852449,64.0,0.016
Base weak-regularization variant,base_d_weak_constraint_20260402_003007,rq4nirwa1qsaynipprodn,163,163.0,0.0944915115833282,,3.248352661544551e-05,7.193571491370676e-05,574.0390625,,,,,,,,,,,,,
Base weak-regularization variant,base_d_weak_constraint_20260402_003007,rq4nirwa1qsaynipprodn,164,164.0,0.0915667340159416,,-1.7924749541181617e-05,3.817244396486785e-05,572.083984375,,,,,,,,,,,,,
Base weak-regularization variant,base_d_weak_constraint_20260402_003007,rq4nirwa1qsaynipprodn,165,165.0,0.0893451198935508,,-6.29137255124812e-05,-1.7649099390837364e-06,565.4140625,,,,,,,,,,,,,
Base weak-regularization variant,base_d_weak_constraint_20260402_003007,rq4nirwa1qsaynipprodn,166,166.0,0.0899827778339386,,-1.621178342281482e-05,9.303075785283e-07,568.6640625,,,,,,,,,,,,,
Base weak-regularization variant,base_d_weak_constraint_20260402_003007,rq4nirwa1qsaynipprodn,167,167.0,0.0918881967663765,,-5.1316431053827216e-05,3.1534798836219124e-05,569.54296875,,,,,,,,,,,,,
Base weak-regularization variant,base_d_weak_constraint_20260402_003007,rq4nirwa1qsaynipprodn,168,168.0,0.0928664728999138,,1.0165769275261027e-05,7.12167293386301e-05,573.673828125,0.57,0.57,0.808,0.7790459999999999,632.703125,0.1615175029528637,0.0300298817079495,632.703125,0.9425370561612308,0.0015611829293919,0.9954839798790214,64.0,0.016
Base weak-regularization variant,base_d_weak_constraint_20260402_003007,rq4nirwa1qsaynipprodn,169,169.0,0.0904039293527603,,-2.3676824070784086e-06,1.637902187212603e-05,568.818359375,,,,,,,,,,,,,
Base weak-regularization variant,base_d_weak_constraint_20260402_003007,rq4nirwa1qsaynipprodn,170,170.0,0.0913760811090469,,-2.8927831952293287e-05,1.421570050297305e-05,567.427734375,,,,,,,,,,,,,
Base weak-regularization variant,base_d_weak_constraint_20260402_003007,rq4nirwa1qsaynipprodn,171,171.0,0.0880522057414054,,4.331910951727025e-06,2.9259012080729008e-05,564.05078125,,,,,,,,,,,,,
Base weak-regularization variant,base_d_weak_constraint_20260402_003007,rq4nirwa1qsaynipprodn,172,172.0,0.0909252613782882,,1.3520125620836154e-05,6.500351810245775e-05,573.484375,,,,,,,,,,,,,
Base weak-regularization variant,base_d_weak_constraint_20260402_003007,rq4nirwa1qsaynipprodn,173,173.0,0.1074988692998886,,1.83083903082526e-06,3.187434504070552e-05,567.333984375,,,,,,,,,,,,,
Base weak-regularization variant,base_d_weak_constraint_20260402_003007,rq4nirwa1qsaynipprodn,174,174.0,0.0883117765188217,,4.652158349571778e-05,-3.899871444446035e-06,562.978515625,0.5765,0.5765,0.822,0.790172,561.6875,0.1554114035163557,0.0270946923333704,561.6875,0.943812723351862,0.0017579470148563,0.9967647186174028,64.0,0.016
Base weak-regularization variant,base_d_weak_constraint_20260402_003007,rq4nirwa1qsaynipprodn,175,175.0,0.0899380818009376,,-1.0806662963602776e-05,2.6771871489472687e-05,561.521484375,,,,,,,,,,,,,
Base weak-regularization variant,base_d_weak_constraint_20260402_003007,rq4nirwa1qsaynipprodn,176,176.0,0.0894689112901687,,1.4372464949730102e-05,-6.567969649040606e-06,562.310546875,,,,,,,,,,,,,
Base weak-regularization variant,base_d_weak_constraint_20260402_003007,rq4nirwa1qsaynipprodn,177,177.0,0.0901733487844467,,-3.06252225201753e-06,2.3732131012366157e-05,565.44921875,,,,,,,,,,,,,
Base weak-regularization variant,base_d_weak_constraint_20260402_003007,rq4nirwa1qsaynipprodn,178,178.0,0.0895723402500152,,-1.1409087151026398e-05,1.613360655028373e-05,565.677734375,,,,,,,,,,,,,
Base weak-regularization variant,base_d_weak_constraint_20260402_003007,rq4nirwa1qsaynipprodn,179,179.0,0.0915527045726776,,2.1879790288115156e-05,5.897477603866719e-05,566.720703125,,,,,,,,,,,,,
Base weak-regularization variant,base_d_weak_constraint_20260402_003007,rq4nirwa1qsaynipprodn,180,180.0,0.0907386690378189,,-2.735548706533919e-05,2.7851177037518937e-05,564.89453125,0.57475,0.57475,0.814,0.7805019999999999,578.609375,0.1557419273617722,0.0300829035132726,578.609375,0.9442185901558302,0.0016863610965585,0.9963314753489634,64.0,0.016
Instruct baseline (n=8),instruct_c_n8_baseline_rerun180_20260404_113902,z0ub6abmgswdgbah08442,0,,,,,,,0.68375,0.68375,0.834,0.807192,473.25,0.1106249272225083,0.0169374009508716,473.25,0.963924547005002,0.0021022310017028,0.997427968077098,64.0,0.016
Instruct baseline (n=8),instruct_c_n8_baseline_rerun180_20260404_113902,z0ub6abmgswdgbah08442,1,1.0,0.1181448027491569,7.728676651996835e-07,2.237536362592607e-05,0.0001492800595892,580.923828125,,,,,,,,,,,,,
Instruct baseline (n=8),instruct_c_n8_baseline_rerun180_20260404_113902,z0ub6abmgswdgbah08442,2,2.0,0.0982692837715148,8.630420561539509e-07,1.265307516984393e-06,0.000153380095228,564.1953125,,,,,,,,,,,,,
Instruct baseline (n=8),instruct_c_n8_baseline_rerun180_20260404_113902,z0ub6abmgswdgbah08442,3,3.0,0.1066767498850822,1.6875031870755564e-06,-1.020137140450572e-05,0.0001297042936698,568.296875,,,,,,,,,,,,,
Instruct baseline (n=8),instruct_c_n8_baseline_rerun180_20260404_113902,z0ub6abmgswdgbah08442,4,4.0,0.1179610639810562,3.023473340135752e-06,-3.878476780627693e-06,0.0002216667261834,571.54296875,,,,,,,,,,,,,
Instruct baseline (n=8),instruct_c_n8_baseline_rerun180_20260404_113902,z0ub6abmgswdgbah08442,5,5.0,0.1214019209146499,8.23786534276394e-06,3.998728612142344e-05,0.0002577093905955,562.1875,,,,,,,,,,,,,
Instruct baseline (n=8),instruct_c_n8_baseline_rerun180_20260404_113902,z0ub6abmgswdgbah08442,6,6.0,0.0987802520394325,9.883061365734136e-06,-6.626457790120943e-06,0.0002426488121045,550.72265625,0.68075,0.68075,0.848,0.82326,504.671875,0.6881286912578713,0.0805288089414533,504.671875,0.904896088482673,0.0019898110908213,0.9416938667648136,64.0,0.016
Instruct baseline (n=8),instruct_c_n8_baseline_rerun180_20260404_113902,z0ub6abmgswdgbah08442,7,7.0,0.1421334743499756,1.026083499722219e-05,-6.816871298331861e-06,0.0002479306842815,548.6953125,,,,,,,,,,,,,
Instruct baseline (n=8),instruct_c_n8_baseline_rerun180_20260404_113902,z0ub6abmgswdgbah08442,8,8.0,0.0888377428054809,1.116137127432637e-05,1.0603790273067126e-06,0.0002559266180242,541.59375,,,,,,,,,,,,,
Instruct baseline (n=8),instruct_c_n8_baseline_rerun180_20260404_113902,z0ub6abmgswdgbah08442,9,9.0,0.0884327739477157,1.621357924186384e-05,-3.036860341865122e-06,0.0001367119698443,535.376953125,,,,,,,,,,,,,
Instruct baseline (n=8),instruct_c_n8_baseline_rerun180_20260404_113902,z0ub6abmgswdgbah08442,10,10.0,0.0850780978798866,1.6128568081974493e-05,5.5387796301431536e-05,8.594276187068317e-05,525.97265625,,,,,,,,,,,,,
Instruct baseline (n=8),instruct_c_n8_baseline_rerun180_20260404_113902,z0ub6abmgswdgbah08442,11,11.0,0.0652403309941291,1.3626435352520616e-05,1.0767244122966702e-06,1.0097129234054592e-05,522.703125,,,,,,,,,,,,,
Instruct baseline (n=8),instruct_c_n8_baseline_rerun180_20260404_113902,z0ub6abmgswdgbah08442,12,12.0,0.0948140025138855,1.6181682031657374e-05,7.922257190928761e-06,3.321760959806852e-05,523.921875,0.6805,0.6805,0.834,0.8108420000000001,470.3125,0.1338511478386052,0.0203986710963455,470.3125,0.9627058831401838,0.0020797824577437,0.9947304202868692,64.0,0.016
Instruct baseline (n=8),instruct_c_n8_baseline_rerun180_20260404_113902,z0ub6abmgswdgbah08442,13,13.0,0.0672059953212738,1.64498950034897e-05,7.029868591412747e-07,1.1938510397158096e-05,523.17578125,,,,,,,,,,,,,
Instruct baseline (n=8),instruct_c_n8_baseline_rerun180_20260404_113902,z0ub6abmgswdgbah08442,14,14.0,0.0696365758776664,1.5109351386044524e-05,1.3840053749242244e-05,3.083340197918005e-05,523.126953125,,,,,,,,,,,,,
Instruct baseline (n=8),instruct_c_n8_baseline_rerun180_20260404_113902,z0ub6abmgswdgbah08442,15,15.0,0.0672146156430244,1.800354713665797e-05,-2.480259858161915e-05,2.6266457098245155e-05,525.953125,,,,,,,,,,,,,
Instruct baseline (n=8),instruct_c_n8_baseline_rerun180_20260404_113902,z0ub6abmgswdgbah08442,16,16.0,0.0663921386003494,1.9746238397289065e-05,-2.5006404052341225e-05,1.9414982489252e-05,521.63671875,,,,,,,,,,,,,
Instruct baseline (n=8),instruct_c_n8_baseline_rerun180_20260404_113902,z0ub6abmgswdgbah08442,17,17.0,0.0648279041051864,1.7214586852887237e-05,3.2595375592414655e-05,1.2036301086482126e-05,523.69921875,,,,,,,,,,,,,
Instruct baseline (n=8),instruct_c_n8_baseline_rerun180_20260404_113902,z0ub6abmgswdgbah08442,18,18.0,0.0688536614179611,1.936806886426723e-05,-2.940433413446686e-05,1.248891385330353e-05,522.642578125,0.688,0.688,0.852,0.82694,493.484375,0.2325024189453975,0.0301744609441788,493.484375,0.9527671535438678,0.0020738849426106,0.9849721059885856,64.0,0.016
Instruct baseline (n=8),instruct_c_n8_baseline_rerun180_20260404_113902,z0ub6abmgswdgbah08442,19,19.0,0.0632660314440727,1.840816351084129e-05,-5.45946025709565e-06,2.6809748305822723e-05,522.478515625,,,,,,,,,,,,,
Instruct baseline (n=8),instruct_c_n8_baseline_rerun180_20260404_113902,z0ub6abmgswdgbah08442,20,20.0,0.0652846544981002,1.9650781847957436e-05,1.400412183349964e-05,4.897401595371775e-06,520.802734375,,,,,,,,,,,,,
Instruct baseline (n=8),instruct_c_n8_baseline_rerun180_20260404_113902,z0ub6abmgswdgbah08442,21,21.0,0.0605346672236919,2.055321395033616e-05,-1.734241919493229e-05,-8.657225407660007e-07,519.26171875,,,,,,,,,,,,,
Instruct baseline (n=8),instruct_c_n8_baseline_rerun180_20260404_113902,z0ub6abmgswdgbah08442,22,22.0,0.0608586333692073,2.000558663439733e-05,-1.4848817702445284e-05,1.0896127605519725e-05,522.490234375,,,,,,,,,,,,,
Instruct baseline (n=8),instruct_c_n8_baseline_rerun180_20260404_113902,z0ub6abmgswdgbah08442,23,23.0,0.0609052069485187,2.215078121992065e-05,-9.936357686979314e-06,1.0003901479649356e-05,521.81640625,,,,,,,,,,,,,
Instruct baseline (n=8),instruct_c_n8_baseline_rerun180_20260404_113902,z0ub6abmgswdgbah08442,24,24.0,0.0624712444841861,2.116557173792444e-05,-4.531337486501919e-05,7.248406291182619e-06,521.634765625,0.68225,0.68225,0.842,0.819028,487.578125,0.3974890370453766,0.0487421887518026,487.578125,0.9339444473870498,0.002051463182147,0.9691833227151786,64.0,0.016
Instruct baseline (n=8),instruct_c_n8_baseline_rerun180_20260404_113902,z0ub6abmgswdgbah08442,25,25.0,0.0611244738101959,2.0351593409628776e-05,-2.0753675186613307e-05,1.831817826314364e-06,521.3125,,,,,,,,,,,,,
Instruct baseline (n=8),instruct_c_n8_baseline_rerun180_20260404_113902,z0ub6abmgswdgbah08442,26,26.0,0.05906792730093,2.1603068674380665e-05,3.1316993500674077e-06,1.3663767276739236e-05,524.060546875,,,,,,,,,,,,,
Instruct baseline (n=8),instruct_c_n8_baseline_rerun180_20260404_113902,z0ub6abmgswdgbah08442,27,27.0,0.0644896104931831,2.165480501759021e-05,5.659232466542763e-05,1.521073227195302e-05,520.8359375,,,,,,,,,,,,,
Instruct baseline (n=8),instruct_c_n8_baseline_rerun180_20260404_113902,z0ub6abmgswdgbah08442,28,28.0,0.0596983395516872,2.1593557981702816e-05,-1.2098010373051691e-05,1.807376065698918e-06,521.994140625,,,,,,,,,,,,,
Instruct baseline (n=8),instruct_c_n8_baseline_rerun180_20260404_113902,z0ub6abmgswdgbah08442,29,29.0,0.0598139539361,2.0728562031280265e-05,1.2773583836001023e-05,1.1943948265979998e-05,523.697265625,,,,,,,,,,,,,
Instruct baseline (n=8),instruct_c_n8_baseline_rerun180_20260404_113902,z0ub6abmgswdgbah08442,30,30.0,0.0656980946660041,2.0402413614561965e-05,1.2780052453198463e-05,1.3747177945333531e-05,521.015625,0.6875,0.6875,0.854,0.833434,469.078125,0.154330693477436,0.0215182705439525,469.078125,0.9616516256613534,0.0021383399998481,0.992697390879119,64.0,0.016
Instruct baseline (n=8),instruct_c_n8_baseline_rerun180_20260404_113902,z0ub6abmgswdgbah08442,31,31.0,0.0575064979493618,2.138795852957287e-05,-1.8672972254663023e-05,5.93469576415373e-06,520.6328125,,,,,,,,,,,,,
Instruct baseline (n=8),instruct_c_n8_baseline_rerun180_20260404_113902,z0ub6abmgswdgbah08442,32,32.0,0.0580066815018653,2.1408592129290582e-05,-6.336253066674402e-06,5.6504322856199e-06,523.01953125,,,,,,,,,,,,,
Instruct baseline (n=8),instruct_c_n8_baseline_rerun180_20260404_113902,z0ub6abmgswdgbah08442,33,33.0,0.0615371949970722,2.0938870870068627e-05,-7.060192786401132e-06,1.9856342078128364e-05,520.630859375,,,,,,,,,,,,,
Instruct baseline (n=8),instruct_c_n8_baseline_rerun180_20260404_113902,z0ub6abmgswdgbah08442,34,34.0,0.0598139055073261,2.2173254315305257e-05,-3.677694707893142e-05,2.916187440860085e-06,520.830078125,,,,,,,,,,,,,
Instruct baseline (n=8),instruct_c_n8_baseline_rerun180_20260404_113902,z0ub6abmgswdgbah08442,35,35.0,0.0598345100879669,2.2668313063078926e-05,-3.0002784175753305e-05,6.9331999839050695e-06,520.283203125,,,,,,,,,,,,,
Instruct baseline (n=8),instruct_c_n8_baseline_rerun180_20260404_113902,z0ub6abmgswdgbah08442,36,36.0,0.060176957398653,2.2398252454536305e-05,-3.607509323333424e-05,1.0748214663180988e-05,519.98828125,0.6895,0.6895,0.85,0.8216379999999999,466.46875,0.1974065397559913,0.0285723856099685,466.46875,0.9538051323856506,0.0021388632993876,0.9890432551372408,64.0,0.016
Instruct baseline (n=8),instruct_c_n8_baseline_rerun180_20260404_113902,z0ub6abmgswdgbah08442,37,37.0,0.0572712011635303,2.132656089059992e-05,7.047496300760514e-06,1.1221044587728102e-05,523.46875,,,,,,,,,,,,,
Instruct baseline (n=8),instruct_c_n8_baseline_rerun180_20260404_113902,z0ub6abmgswdgbah08442,38,38.0,0.0672237947583198,2.304429633781524e-05,-5.959252429299511e-07,6.309442142082844e-06,523.37109375,,,,,,,,,,,,,
Instruct baseline (n=8),instruct_c_n8_baseline_rerun180_20260404_113902,z0ub6abmgswdgbah08442,39,39.0,0.0587750002741813,2.1345440618603103e-05,1.5227591517896766e-05,1.522105867479695e-05,520.939453125,,,,,,,,,,,,,
Instruct baseline (n=8),instruct_c_n8_baseline_rerun180_20260404_113902,z0ub6abmgswdgbah08442,40,40.0,0.0608209073543548,2.249476403726192e-05,-1.885390924805108e-05,9.092293112189507e-06,522.09375,,,,,,,,,,,,,
Instruct baseline (n=8),instruct_c_n8_baseline_rerun180_20260404_113902,z0ub6abmgswdgbah08442,41,41.0,0.0622890405356884,2.4976275984300852e-05,-2.300507144314956e-05,1.1956811249547172e-05,522.04296875,,,,,,,,,,,,,
Instruct baseline (n=8),instruct_c_n8_baseline_rerun180_20260404_113902,z0ub6abmgswdgbah08442,42,42.0,0.057812463492155,2.351707296099903e-05,5.806173740907639e-06,0.0,522.126953125,0.68175,0.68175,0.85,0.8210639999999999,479.5625,0.1163415694413868,0.0175615795647074,479.5625,0.9636933162534592,0.0020791517135358,0.9965295929587464,64.0,0.016
Instruct baseline (n=8),instruct_c_n8_baseline_rerun180_20260404_113902,z0ub6abmgswdgbah08442,43,43.0,0.0818553492426872,2.2965726945045617e-05,-2.551659467497913e-05,1.40893762363703e-05,521.8515625,,,,,,,,,,,,,
Instruct baseline (n=8),instruct_c_n8_baseline_rerun180_20260404_113902,z0ub6abmgswdgbah08442,44,44.0,0.0573048330843448,2.325501084143866e-05,2.606277153116565e-05,4.595582140609622e-06,520.697265625,,,,,,,,,,,,,
Instruct baseline (n=8),instruct_c_n8_baseline_rerun180_20260404_113902,z0ub6abmgswdgbah08442,45,45.0,0.0573853924870491,2.4137310852268e-05,7.246240173897078e-06,-1.42781573231332e-07,521.392578125,,,,,,,,,,,,,
Instruct baseline (n=8),instruct_c_n8_baseline_rerun180_20260404_113902,z0ub6abmgswdgbah08442,46,46.0,0.0571480169892311,2.4611471019397868e-05,6.044692202777924e-06,1.5100058590178378e-06,521.408203125,,,,,,,,,,,,,
Instruct baseline (n=8),instruct_c_n8_baseline_rerun180_20260404_113902,z0ub6abmgswdgbah08442,47,47.0,0.0618761107325553,2.382944204271098e-05,8.232445825484547e-06,-3.4825588954845443e-06,521.171875,,,,,,,,,,,,,
Instruct baseline (n=8),instruct_c_n8_baseline_rerun180_20260404_113902,z0ub6abmgswdgbah08442,48,48.0,0.0576722472906112,2.4120162805729702e-05,2.821457384741266e-05,0.0,520.78125,0.68775,0.68775,0.852,0.8209679999999999,449.03125,0.1320559967368088,0.0207390910988934,449.03125,0.9625168552859292,0.0022060783743667,0.9943909189448707,64.0,0.016
Instruct baseline (n=8),instruct_c_n8_baseline_rerun180_20260404_113902,z0ub6abmgswdgbah08442,49,49.0,0.0565187558531761,2.395656555265191e-05,-4.600182519354235e-07,0.0,522.44140625,,,,,,,,,,,,,
Instruct baseline (n=8),instruct_c_n8_baseline_rerun180_20260404_113902,z0ub6abmgswdgbah08442,50,50.0,0.0578622706234455,2.422417694702972e-05,-2.2145717418098343e-05,-4.600424290401861e-07,519.3828125,,,,,,,,,,,,,
Instruct baseline (n=8),instruct_c_n8_baseline_rerun180_20260404_113902,z0ub6abmgswdgbah08442,51,51.0,0.0573363974690437,2.554663197074092e-05,1.5824309259723085e-05,1.111984602175653e-07,522.08203125,,,,,,,,,,,,,
Instruct baseline (n=8),instruct_c_n8_baseline_rerun180_20260404_113902,z0ub6abmgswdgbah08442,52,52.0,0.0596600361168384,2.381892533165341e-05,4.927244245500617e-06,4.281958354113158e-06,522.05859375,,,,,,,,,,,,,
Instruct baseline (n=8),instruct_c_n8_baseline_rerun180_20260404_113902,z0ub6abmgswdgbah08442,53,53.0,0.0569047853350639,2.539262872147674e-05,-2.888303695414152e-05,-1.5907953638816252e-06,521.494140625,,,,,,,,,,,,,
Instruct baseline (n=8),instruct_c_n8_baseline_rerun180_20260404_113902,z0ub6abmgswdgbah08442,54,54.0,0.0602422170341014,2.5302596455389903e-05,-3.516421172022888e-06,1.2439531928976066e-05,522.828125,0.6915,0.6915,0.862,0.836866,473.40625,0.1825378335374473,0.0244240543930292,473.40625,0.9581842444518884,0.0021469708133966,0.9898669130613768,64.0,0.016
Instruct baseline (n=8),instruct_c_n8_baseline_rerun180_20260404_113902,z0ub6abmgswdgbah08442,55,55.0,0.0578717850148677,2.5631664438918733e-05,-1.7910373682816783e-05,2.2506392269860957e-06,521.283203125,,,,,,,,,,,,,
Instruct baseline (n=8),instruct_c_n8_baseline_rerun180_20260404_113902,z0ub6abmgswdgbah08442,56,56.0,0.0618095360696315,2.4646470734523973e-05,-7.324795616270308e-06,8.410193004237954e-06,521.09765625,,,,,,,,,,,,,
Instruct baseline (n=8),instruct_c_n8_baseline_rerun180_20260404_113902,z0ub6abmgswdgbah08442,57,57.0,0.06022909283638,2.459835264545518e-05,-1.001940602296525e-05,7.930792889965232e-06,520.3125,,,,,,,,,,,,,
Instruct baseline (n=8),instruct_c_n8_baseline_rerun180_20260404_113902,z0ub6abmgswdgbah08442,58,58.0,0.0579308271408081,2.5384598895783483e-05,1.2287181154757576e-05,0.0,517.634765625,,,,,,,,,,,,,
Instruct baseline (n=8),instruct_c_n8_baseline_rerun180_20260404_113902,z0ub6abmgswdgbah08442,59,59.0,0.0577430576086044,2.3842683132713205e-05,-1.5016283823943157e-05,2.6091716790688224e-05,521.62890625,,,,,,,,,,,,,
Instruct baseline (n=8),instruct_c_n8_baseline_rerun180_20260404_113902,z0ub6abmgswdgbah08442,60,60.0,0.0609671398997306,2.518587215760704e-05,-4.228961173247114e-05,0.0,522.091796875,0.688,0.688,0.86,0.833546,474.375,0.1674706386797355,0.0235836627140974,474.375,0.9588132091818748,0.0020864539000552,0.9915169119049596,64.0,0.016
Instruct baseline (n=8),instruct_c_n8_baseline_rerun180_20260404_113902,z0ub6abmgswdgbah08442,61,61.0,0.0578573085367679,2.506192911155836e-05,-2.4832831933885305e-05,2.466331352479756e-06,520.09375,,,,,,,,,,,,,
Instruct baseline (n=8),instruct_c_n8_baseline_rerun180_20260404_113902,z0ub6abmgswdgbah08442,62,62.0,0.0590473040938377,2.500716055564567e-05,-5.082970431391498e-06,0.0,520.9765625,,,,,,,,,,,,,
Instruct baseline (n=8),instruct_c_n8_baseline_rerun180_20260404_113902,z0ub6abmgswdgbah08442,63,63.0,0.0606799982488155,2.4274214020181265e-05,4.394108386751583e-05,1.1854746844619513e-05,519.912109375,,,,,,,,,,,,,
Instruct baseline (n=8),instruct_c_n8_baseline_rerun180_20260404_113902,z0ub6abmgswdgbah08442,64,64.0,0.0557736083865165,2.3189841655835156e-05,7.063904538195942e-06,0.0,516.912109375,,,,,,,,,,,,,
Instruct baseline (n=8),instruct_c_n8_baseline_rerun180_20260404_113902,z0ub6abmgswdgbah08442,65,65.0,0.0574978180229663,2.3992570557851423e-05,-1.6864121463955328e-05,4.481025825953111e-06,518.416015625,,,,,,,,,,,,,
Instruct baseline (n=8),instruct_c_n8_baseline_rerun180_20260404_113902,z0ub6abmgswdgbah08442,66,66.0,0.056662879884243,2.3877799563365443e-05,-3.911314649834852e-05,0.0,519.376953125,0.68775,0.68775,0.846,0.8220839999999999,478.125,0.1501449098774031,0.0220915032679738,478.125,0.9611138701594732,0.002048708707082,0.9931787089428872,64.0,0.016
Instruct baseline (n=8),instruct_c_n8_baseline_rerun180_20260404_113902,z0ub6abmgswdgbah08442,67,67.0,0.059678815305233,2.3299737065940462e-05,-2.9734069332376656e-05,0.0,517.99609375,,,,,,,,,,,,,
Instruct baseline (n=8),instruct_c_n8_baseline_rerun180_20260404_113902,z0ub6abmgswdgbah08442,68,68.0,0.0593108646571636,2.540997834898917e-05,-8.832266020997181e-06,6.974441930651665e-07,517.884765625,,,,,,,,,,,,,
Instruct baseline (n=8),instruct_c_n8_baseline_rerun180_20260404_113902,z0ub6abmgswdgbah08442,69,69.0,0.0568857938051223,2.500304055530478e-05,-4.61218650471551e-06,-1.4184479368850589e-06,518.51171875,,,,,,,,,,,,,
Instruct baseline (n=8),instruct_c_n8_baseline_rerun180_20260404_113902,z0ub6abmgswdgbah08442,70,70.0,0.0563796572387218,2.6212578465134584e-05,-7.945047573620911e-06,-2.788170604617335e-06,519.384765625,,,,,,,,,,,,,
Instruct baseline (n=8),instruct_c_n8_baseline_rerun180_20260404_113902,z0ub6abmgswdgbah08442,71,71.0,0.0573223307728767,2.4127052750344543e-05,-8.041157597782345e-06,0.0,518.744140625,,,,,,,,,,,,,
Instruct baseline (n=8),instruct_c_n8_baseline_rerun180_20260404_113902,z0ub6abmgswdgbah08442,72,72.0,0.0574702285230159,2.4189108906114143e-05,-1.713879000853069e-05,6.995877811277751e-06,520.21484375,0.68575,0.68575,0.856,0.826226,484.796875,0.1481349551758772,0.0219163953975569,484.796875,0.961885250943703,0.0020760614231037,0.9934145939447334,64.0,0.016
Instruct baseline (n=8),instruct_c_n8_baseline_rerun180_20260404_113902,z0ub6abmgswdgbah08442,73,73.0,0.0571795590221881,2.5363492248686725e-05,-2.920253793226024e-06,0.0,517.2734375,,,,,,,,,,,,,
Instruct baseline (n=8),instruct_c_n8_baseline_rerun180_20260404_113902,z0ub6abmgswdgbah08442,74,74.0,0.0577050298452377,2.7051281794143733e-05,4.199584078135032e-05,0.0,519.220703125,,,,,,,,,,,,,
Instruct baseline (n=8),instruct_c_n8_baseline_rerun180_20260404_113902,z0ub6abmgswdgbah08442,75,75.0,0.0576593689620494,2.251878984438349e-05,1.919941810024639e-05,0.0,519.68359375,,,,,,,,,,,,,
Instruct baseline (n=8),instruct_c_n8_baseline_rerun180_20260404_113902,z0ub6abmgswdgbah08442,76,76.0,0.0567195825278759,2.412404382923228e-05,4.268629457371276e-05,-7.056922186166048e-06,519.435546875,,,,,,,,,,,,,
Instruct baseline (n=8),instruct_c_n8_baseline_rerun180_20260404_113902,z0ub6abmgswdgbah08442,77,77.0,0.0573271326720714,2.3965527217839625e-05,7.147992937994729e-06,0.0,518.67578125,,,,,,,,,,,,,
Instruct baseline (n=8),instruct_c_n8_baseline_rerun180_20260404_113902,z0ub6abmgswdgbah08442,78,78.0,0.0581938438117504,2.5257362263886307e-05,1.1555135898838088e-05,0.0,520.205078125,0.688,0.688,0.86,0.832896,468.203125,0.155040273566129,0.022192557984315,468.203125,0.9614229581321436,0.0020690350531139,0.9926383902150164,64.0,0.016
Instruct baseline (n=8),instruct_c_n8_baseline_rerun180_20260404_113902,z0ub6abmgswdgbah08442,79,79.0,0.057803064584732,2.391042056260062e-05,2.109965135699277e-05,0.0,516.853515625,,,,,,,,,,,,,
Instruct baseline (n=8),instruct_c_n8_baseline_rerun180_20260404_113902,z0ub6abmgswdgbah08442,80,80.0,0.0571134649217128,2.41109484946378e-05,4.4081604694490295e-05,0.0,516.953125,,,,,,,,,,,,,
Instruct baseline (n=8),instruct_c_n8_baseline_rerun180_20260404_113902,z0ub6abmgswdgbah08442,81,81.0,0.0760343894362449,2.424282516599873e-05,-1.0186161162717422e-05,1.481727940699784e-05,520.986328125,,,,,,,,,,,,,
Instruct baseline (n=8),instruct_c_n8_baseline_rerun180_20260404_113902,z0ub6abmgswdgbah08442,82,82.0,0.0641757249832153,2.2923729435575524e-05,-6.284449192150987e-07,0.0,518.91015625,,,,,,,,,,,,,
Instruct baseline (n=8),instruct_c_n8_baseline_rerun180_20260404_113902,z0ub6abmgswdgbah08442,83,83.0,0.058911882340908,2.7266929823355213e-05,7.958222029813555e-06,0.0,520.19140625,,,,,,,,,,,,,
Instruct baseline (n=8),instruct_c_n8_baseline_rerun180_20260404_113902,z0ub6abmgswdgbah08442,84,84.0,0.05818348005414,2.3924811515030345e-05,-2.1541272531400143e-05,0.0,519.078125,0.685,0.685,0.854,0.8266859999999999,474.21875,0.2038255345880298,0.0263920922570016,474.21875,0.9552336615824816,0.0021512079886981,0.9881281955473898,64.0,0.016
Instruct baseline (n=8),instruct_c_n8_baseline_rerun180_20260404_113902,z0ub6abmgswdgbah08442,85,85.0,0.0582390651106834,2.3663888981673157e-05,-2.9946048144546825e-05,-3.540623447406688e-05,519.291015625,,,,,,,,,,,,,
Instruct baseline (n=8),instruct_c_n8_baseline_rerun180_20260404_113902,z0ub6abmgswdgbah08442,86,86.0,0.0619295723736286,2.4528823519887052e-05,-2.1239756513580232e-06,-1.426706148777157e-07,518.515625,,,,,,,,,,,,,
Instruct baseline (n=8),instruct_c_n8_baseline_rerun180_20260404_113902,z0ub6abmgswdgbah08442,87,87.0,0.0589570254087448,2.5110460505572973e-05,-4.934446418136673e-07,7.668075340916403e-06,518.298828125,,,,,,,,,,,,,
Instruct baseline (n=8),instruct_c_n8_baseline_rerun180_20260404_113902,z0ub6abmgswdgbah08442,88,88.0,0.0580402500927448,2.3743921794050493e-05,-2.726238182049201e-05,3.791553353948984e-06,517.083984375,,,,,,,,,,,,,
Instruct baseline (n=8),instruct_c_n8_baseline_rerun180_20260404_113902,z0ub6abmgswdgbah08442,89,89.0,0.064482107758522,2.461860047375808e-05,4.3671592480087895e-05,0.0,519.23828125,,,,,,,,,,,,,
Instruct baseline (n=8),instruct_c_n8_baseline_rerun180_20260404_113902,z0ub6abmgswdgbah08442,90,90.0,0.0752276107668876,2.3570950304474536e-05,4.503347774686972e-07,3.3341812013532035e-06,516.970703125,0.69375,0.69375,0.856,0.830676,476.0,0.1772115350771351,0.0243237920168067,476.0,0.9588539590354728,0.0021295705712361,0.9900531678640542,64.0,0.016
Instruct baseline (n=8),instruct_c_n8_baseline_rerun180_20260404_113902,z0ub6abmgswdgbah08442,91,91.0,0.0565450564026832,2.302575666845996e-05,1.6394875267167208e-05,0.0,518.236328125,,,,,,,,,,,,,
Instruct baseline (n=8),instruct_c_n8_baseline_rerun180_20260404_113902,z0ub6abmgswdgbah08442,92,92.0,0.05939781665802,2.3724291722260205e-05,-3.3748081120776874e-05,3.171591743011959e-06,519.232421875,,,,,,,,,,,,,
Instruct baseline (n=8),instruct_c_n8_baseline_rerun180_20260404_113902,z0ub6abmgswdgbah08442,93,93.0,0.0572880618274211,2.451797744384976e-05,-6.61875856544647e-06,1.0663605280569756e-05,518.771484375,,,,,,,,,,,,,
Instruct baseline (n=8),instruct_c_n8_baseline_rerun180_20260404_113902,z0ub6abmgswdgbah08442,94,94.0,0.0573410391807556,2.473173496753133e-05,-7.477181441228886e-07,0.0,518.3671875,,,,,,,,,,,,,
Instruct baseline (n=8),instruct_c_n8_baseline_rerun180_20260404_113902,z0ub6abmgswdgbah08442,95,95.0,0.058806475251913,2.2644908163727e-05,-4.4804227995118295e-05,0.0,516.189453125,,,,,,,,,,,,,
Instruct baseline (n=8),instruct_c_n8_baseline_rerun180_20260404_113902,z0ub6abmgswdgbah08442,96,96.0,0.0580536238849163,2.3102791764983976e-05,5.458953579484671e-05,0.0,518.19140625,0.6935,0.6935,0.848,0.823136,468.609375,0.1502309722050729,0.0210063018905671,468.609375,0.9614537045643315,0.0021161478472266,0.9929575720250254,64.0,0.016
Instruct baseline (n=8),instruct_c_n8_baseline_rerun180_20260404_113902,z0ub6abmgswdgbah08442,97,97.0,0.0591241940855979,2.3042121004124283e-05,-2.405373427372126e-05,0.0,518.76953125,,,,,,,,,,,,,
Instruct baseline (n=8),instruct_c_n8_baseline_rerun180_20260404_113902,z0ub6abmgswdgbah08442,98,98.0,0.058662511408329,2.3260287097315316e-05,-1.6871165554821488e-05,0.0,515.29296875,,,,,,,,,,,,,
Instruct baseline (n=8),instruct_c_n8_baseline_rerun180_20260404_113902,z0ub6abmgswdgbah08442,99,99.0,0.0619596131145954,2.212757641828489e-05,-1.269190076591542e-05,0.0,517.404296875,,,,,,,,,,,,,
Instruct baseline (n=8),instruct_c_n8_baseline_rerun180_20260404_113902,z0ub6abmgswdgbah08442,100,100.0,0.0632026642560958,2.439857897940101e-05,2.309054868732119e-05,0.0,518.740234375,,,,,,,,,,,,,
Instruct baseline (n=8),instruct_c_n8_baseline_rerun180_20260404_113902,z0ub6abmgswdgbah08442,101,101.0,0.0573261976242065,2.394297570162962e-05,7.300267168552921e-06,2.6836705728783272e-06,514.390625,,,,,,,,,,,,,
Instruct baseline (n=8),instruct_c_n8_baseline_rerun180_20260404_113902,z0ub6abmgswdgbah08442,102,102.0,0.0642117485404014,2.5076311107596897e-05,-2.946439134277057e-05,0.0,517.30078125,0.68325,0.68325,0.84,0.817576,488.09375,0.1318150149760047,0.0198156091939304,488.09375,0.9639749163678852,0.002072723977002,0.994511320569755,64.0,0.016
Instruct baseline (n=8),instruct_c_n8_baseline_rerun180_20260404_113902,z0ub6abmgswdgbah08442,103,103.0,0.0575125738978385,2.1615269389485547e-05,-7.984594789844923e-06,-4.633291609934531e-06,518.443359375,,,,,,,,,,,,,
Instruct baseline (n=8),instruct_c_n8_baseline_rerun180_20260404_113902,z0ub6abmgswdgbah08442,104,104.0,0.065033845603466,2.318254394495511e-05,-5.57410928738733e-05,-1.8474711396265773e-06,519.296875,,,,,,,,,,,,,
Instruct baseline (n=8),instruct_c_n8_baseline_rerun180_20260404_113902,z0ub6abmgswdgbah08442,105,105.0,0.0598682016134262,2.4519744872719684e-05,-3.573041348037265e-05,0.0,516.001953125,,,,,,,,,,,,,
Instruct baseline (n=8),instruct_c_n8_baseline_rerun180_20260404_113902,z0ub6abmgswdgbah08442,106,106.0,0.0588272735476493,2.3093902242976583e-05,1.2394859675524115e-05,0.0,516.3203125,,,,,,,,,,,,,
Instruct baseline (n=8),instruct_c_n8_baseline_rerun180_20260404_113902,z0ub6abmgswdgbah08442,107,107.0,0.0724374875426292,2.4581268128542888e-05,2.386814657096004e-05,2.390762347204145e-06,515.634765625,,,,,,,,,,,,,
Instruct baseline (n=8),instruct_c_n8_baseline_rerun180_20260404_113902,z0ub6abmgswdgbah08442,108,108.0,0.0610355138778686,2.3408228475574333e-05,-1.824993191856805e-05,0.0,515.380859375,0.68925,0.68925,0.844,0.8225420000000001,466.5,0.3426405441850456,0.0405278670953912,466.5,0.9431660918944136,0.0021431295706272,0.9747331558955316,64.0,0.016
Instruct baseline (n=8),instruct_c_n8_baseline_rerun180_20260404_113902,z0ub6abmgswdgbah08442,109,109.0,0.0603730157017707,2.25599454228842e-05,2.8522931282637387e-05,-5.064523975306656e-06,514.9140625,,,,,,,,,,,,,
Instruct baseline (n=8),instruct_c_n8_baseline_rerun180_20260404_113902,z0ub6abmgswdgbah08442,110,110.0,0.0608514286577701,2.356384998947192e-05,3.2313786742399486e-05,6.570834557351191e-06,516.32421875,,,,,,,,,,,,,
Instruct baseline (n=8),instruct_c_n8_baseline_rerun180_20260404_113902,z0ub6abmgswdgbah08442,111,111.0,0.0587299056351184,2.115120756940314e-05,1.1601964459373448e-05,0.0,518.021484375,,,,,,,,,,,,,
Instruct baseline (n=8),instruct_c_n8_baseline_rerun180_20260404_113902,z0ub6abmgswdgbah08442,112,112.0,0.0598891824483871,2.356688533566853e-05,-1.675035407977532e-05,-8.599245120421983e-07,517.05078125,,,,,,,,,,,,,
Instruct baseline (n=8),instruct_c_n8_baseline_rerun180_20260404_113902,z0ub6abmgswdgbah08442,113,113.0,0.0596837289631366,2.257029379748587e-05,9.189855544988744e-06,2.9514858397305943e-06,515.953125,,,,,,,,,,,,,
Instruct baseline (n=8),instruct_c_n8_baseline_rerun180_20260404_113902,z0ub6abmgswdgbah08442,114,114.0,0.0587057508528232,2.309152081814148e-05,2.9701041432739217e-05,0.0,517.73828125,0.6845,0.6845,0.84,0.8149400000000001,482.890625,0.1162367237673051,0.0191231192363695,482.890625,0.964915316460916,0.002095079647648,0.9961494252010952,64.0,0.016
Instruct baseline (n=8),instruct_c_n8_baseline_rerun180_20260404_113902,z0ub6abmgswdgbah08442,115,115.0,0.0592204630374908,2.275727296918717e-05,1.3662487145182922e-05,0.0,515.537109375,,,,,,,,,,,,,
Instruct baseline (n=8),instruct_c_n8_baseline_rerun180_20260404_113902,z0ub6abmgswdgbah08442,116,116.0,0.0600385926663875,2.5301225868190613e-05,1.9337965191379425e-06,5.409359800978564e-06,518.166015625,,,,,,,,,,,,,
Instruct baseline (n=8),instruct_c_n8_baseline_rerun180_20260404_113902,z0ub6abmgswdgbah08442,117,117.0,0.0584754049777984,2.2800427892377684e-05,-3.4106250363596935e-05,0.0,517.41796875,,,,,,,,,,,,,
Instruct baseline (n=8),instruct_c_n8_baseline_rerun180_20260404_113902,z0ub6abmgswdgbah08442,118,118.0,0.0606202594935894,2.098995817334525e-05,4.534902456143282e-06,0.0,518.095703125,,,,,,,,,,,,,
Instruct baseline (n=8),instruct_c_n8_baseline_rerun180_20260404_113902,z0ub6abmgswdgbah08442,119,119.0,0.0576952882111072,2.1408444336401544e-05,-2.641860599439383e-05,0.0,518.634765625,,,,,,,,,,,,,
Instruct baseline (n=8),instruct_c_n8_baseline_rerun180_20260404_113902,z0ub6abmgswdgbah08442,120,120.0,0.0628241375088691,2.2250214303909388e-05,1.4137958838311704e-05,5.982817128824536e-06,518.501953125,0.6955,0.6955,0.844,0.8232339999999999,480.59375,0.1912154659616272,0.0275700630730216,480.59375,0.955723756621118,0.0020691054824176,0.9890288130903252,64.0,0.016
Instruct baseline (n=8),instruct_c_n8_baseline_rerun180_20260404_113902,z0ub6abmgswdgbah08442,121,121.0,0.0599599741399288,2.3025360340156453e-05,1.78509127781723e-05,0.0,515.615234375,,,,,,,,,,,,,
Instruct baseline (n=8),instruct_c_n8_baseline_rerun180_20260404_113902,z0ub6abmgswdgbah08442,122,122.0,0.0642305314540863,2.1921486290210623e-05,-1.8183134420368677e-07,6.12189614912495e-06,515.787109375,,,,,,,,,,,,,
Instruct baseline (n=8),instruct_c_n8_baseline_rerun180_20260404_113902,z0ub6abmgswdgbah08442,123,123.0,0.0600216202437877,2.3116743857798383e-05,2.001545097235491e-05,0.0,517.228515625,,,,,,,,,,,,,
Instruct baseline (n=8),instruct_c_n8_baseline_rerun180_20260404_113902,z0ub6abmgswdgbah08442,124,124.0,0.0601595491170883,2.1945862147987327e-05,1.769062837730928e-05,-7.772914614179172e-07,517.4453125,,,,,,,,,,,,,
Instruct baseline (n=8),instruct_c_n8_baseline_rerun180_20260404_113902,z0ub6abmgswdgbah08442,125,125.0,0.060665238648653,2.2661196350526325e-05,3.291905314849186e-05,1.03621950984234e-05,515.125,,,,,,,,,,,,,
Instruct baseline (n=8),instruct_c_n8_baseline_rerun180_20260404_113902,z0ub6abmgswdgbah08442,126,126.0,0.0582175999879837,2.26449844848986e-05,3.854784813006607e-05,6.065447450964712e-07,513.5234375,0.68825,0.68825,0.846,0.8220439999999999,481.09375,0.1537627467632139,0.0213705748619681,481.09375,0.96127267399559,0.0020485157721148,0.9927706820967136,64.0,0.016
Instruct baseline (n=8),instruct_c_n8_baseline_rerun180_20260404_113902,z0ub6abmgswdgbah08442,127,127.0,0.0593335665762424,2.268958790097031e-05,-2.474720856682211e-05,0.0,516.890625,,,,,,,,,,,,,
Instruct baseline (n=8),instruct_c_n8_baseline_rerun180_20260404_113902,z0ub6abmgswdgbah08442,128,128.0,0.0589505098760128,2.206414149874547e-05,1.825084910578312e-05,3.4450449675205164e-06,516.1875,,,,,,,,,,,,,
Instruct baseline (n=8),instruct_c_n8_baseline_rerun180_20260404_113902,z0ub6abmgswdgbah08442,129,129.0,0.0597015805542469,2.227936601428837e-05,3.0369662967988376e-05,0.0,513.65625,,,,,,,,,,,,,
Instruct baseline (n=8),instruct_c_n8_baseline_rerun180_20260404_113902,z0ub6abmgswdgbah08442,130,130.0,0.0610033012926578,2.300646659492145e-05,2.8433359771540268e-05,0.0,514.224609375,,,,,,,,,,,,,
Instruct baseline (n=8),instruct_c_n8_baseline_rerun180_20260404_113902,z0ub6abmgswdgbah08442,131,131.0,0.060514610260725,2.3089323864411423e-05,-1.8308127049948557e-06,0.0,516.294921875,,,,,,,,,,,,,
Instruct baseline (n=8),instruct_c_n8_baseline_rerun180_20260404_113902,z0ub6abmgswdgbah08442,132,132.0,0.0630086511373519,2.582845201715145e-05,-2.4434876211731904e-05,2.007694183703279e-05,515.796875,0.68675,0.68675,0.848,0.8238000000000001,488.859375,0.3008283218304293,0.0405280148304407,488.859375,0.943503894806518,0.0020194011233006,0.9780578003651488,64.0,0.016
Instruct baseline (n=8),instruct_c_n8_baseline_rerun180_20260404_113902,z0ub6abmgswdgbah08442,133,133.0,0.0608353652060031,2.256928614485787e-05,-1.175135755282497e-05,-6.61518242850434e-07,513.08984375,,,,,,,,,,,,,
Instruct baseline (n=8),instruct_c_n8_baseline_rerun180_20260404_113902,z0ub6abmgswdgbah08442,134,134.0,0.0599627904593944,2.3605081072020084e-05,-9.692865617916269e-06,0.0,513.86328125,,,,,,,,,,,,,
Instruct baseline (n=8),instruct_c_n8_baseline_rerun180_20260404_113902,z0ub6abmgswdgbah08442,135,135.0,0.0610354356467723,2.551150535623492e-05,3.670050882131903e-05,0.0,514.701171875,,,,,,,,,,,,,
Instruct baseline (n=8),instruct_c_n8_baseline_rerun180_20260404_113902,z0ub6abmgswdgbah08442,136,136.0,0.0611127577722072,2.411528668133656e-05,2.3589950636448972e-05,0.0,516.0625,,,,,,,,,,,,,
Instruct baseline (n=8),instruct_c_n8_baseline_rerun180_20260404_113902,z0ub6abmgswdgbah08442,137,137.0,0.0611733086407184,2.5197221766859457e-05,3.511743140371948e-05,0.0,513.388671875,,,,,,,,,,,,,
Instruct baseline (n=8),instruct_c_n8_baseline_rerun180_20260404_113902,z0ub6abmgswdgbah08442,138,138.0,0.0586925223469734,2.516950551978425e-05,-8.94313649180134e-06,9.520535968476906e-07,513.330078125,0.68225,0.68225,0.848,0.825038,473.234375,0.1917875004447604,0.0258856935318783,473.234375,0.9564952144382864,0.0020908943222178,0.988744633130164,64.0,0.016
Instruct baseline (n=8),instruct_c_n8_baseline_rerun180_20260404_113902,z0ub6abmgswdgbah08442,139,139.0,0.0609937496483325,2.523580194946362e-05,3.438745131045806e-05,0.0,514.177734375,,,,,,,,,,,,,
Instruct baseline (n=8),instruct_c_n8_baseline_rerun180_20260404_113902,z0ub6abmgswdgbah08442,140,140.0,0.0750358402729034,2.5094871688224885e-05,-3.1449740410582905e-05,1.2578429959830828e-06,513.71875,,,,,,,,,,,,,
Instruct baseline (n=8),instruct_c_n8_baseline_rerun180_20260404_113902,z0ub6abmgswdgbah08442,141,141.0,0.0608981810510158,2.4673418597132013e-05,4.307989535767831e-06,-1.7740330804372206e-06,513.05859375,,,,,,,,,,,,,
Instruct baseline (n=8),instruct_c_n8_baseline_rerun180_20260404_113902,z0ub6abmgswdgbah08442,142,142.0,0.0614280365407466,2.52955573607494e-05,4.733656290500932e-06,0.0,516.677734375,,,,,,,,,,,,,
Instruct baseline (n=8),instruct_c_n8_baseline_rerun180_20260404_113902,z0ub6abmgswdgbah08442,143,143.0,0.0597422458231449,2.57187212362453e-05,-1.159624092528233e-05,0.0,515.369140625,,,,,,,,,,,,,
Instruct baseline (n=8),instruct_c_n8_baseline_rerun180_20260404_113902,z0ub6abmgswdgbah08442,144,144.0,0.0612907521426677,2.7058335373197903e-05,-5.606301155758331e-06,0.0,514.736328125,0.69375,0.69375,0.858,0.8297599999999999,477.890625,0.5771466847473214,0.0656204021579205,477.890625,0.918982416027918,0.0021300367130374,0.9509326774543536,64.0,0.016
Instruct baseline (n=8),instruct_c_n8_baseline_rerun180_20260404_113902,z0ub6abmgswdgbah08442,145,145.0,0.060795422643423,2.5907042747519423e-05,-7.895956570691531e-06,0.0,511.466796875,,,,,,,,,,,,,
Instruct baseline (n=8),instruct_c_n8_baseline_rerun180_20260404_113902,z0ub6abmgswdgbah08442,146,146.0,0.0608324594795703,2.6164496507163904e-05,1.9089628833235395e-05,5.065765435574576e-06,515.44921875,,,,,,,,,,,,,
Instruct baseline (n=8),instruct_c_n8_baseline_rerun180_20260404_113902,z0ub6abmgswdgbah08442,147,147.0,0.0607850775122642,2.670961979944764e-05,-2.990641570665975e-06,0.0,513.625,,,,,,,,,,,,,
Instruct baseline (n=8),instruct_c_n8_baseline_rerun180_20260404_113902,z0ub6abmgswdgbah08442,148,148.0,0.0603524856269359,2.735559499811302e-05,-2.1145589869320247e-05,0.0,513.953125,,,,,,,,,,,,,
Instruct baseline (n=8),instruct_c_n8_baseline_rerun180_20260404_113902,z0ub6abmgswdgbah08442,149,149.0,0.0636666566133499,2.6336847644969907e-05,-3.1272963126660613e-05,-3.137574822176248e-07,510.958984375,,,,,,,,,,,,,
Instruct baseline (n=8),instruct_c_n8_baseline_rerun180_20260404_113902,z0ub6abmgswdgbah08442,150,150.0,0.060988251119852,2.811549197900831e-05,-1.6142477938796418e-06,-2.59262105828384e-06,513.353515625,0.692,0.692,0.856,0.8278599999999999,471.25,0.1313867276796295,0.0195623342175066,471.25,0.9635849692144824,0.0021219587165971,0.9948594566365452,64.0,0.016
Instruct baseline (n=8),instruct_c_n8_baseline_rerun180_20260404_113902,z0ub6abmgswdgbah08442,151,151.0,0.061840496957302,2.66769558514568e-05,-1.4156555916855496e-05,0.0,515.796875,,,,,,,,,,,,,
Instruct baseline (n=8),instruct_c_n8_baseline_rerun180_20260404_113902,z0ub6abmgswdgbah08442,152,152.0,0.0608592368662357,2.72080666334773e-05,2.261704757167137e-05,-7.053827175695915e-06,515.68359375,,,,,,,,,,,,,
Instruct baseline (n=8),instruct_c_n8_baseline_rerun180_20260404_113902,z0ub6abmgswdgbah08442,153,153.0,0.0613589212298393,2.7398218094276672e-05,9.704809089905451e-06,0.0,511.697265625,,,,,,,,,,,,,
Instruct baseline (n=8),instruct_c_n8_baseline_rerun180_20260404_113902,z0ub6abmgswdgbah08442,154,154.0,0.0614457577466964,2.734807779702919e-05,-1.992656823923689e-05,0.0,511.494140625,,,,,,,,,,,,,
Instruct baseline (n=8),instruct_c_n8_baseline_rerun180_20260404_113902,z0ub6abmgswdgbah08442,155,155.0,0.0614317171275615,2.644526274409031e-05,-2.957535120629018e-05,0.0,510.828125,,,,,,,,,,,,,
Instruct baseline (n=8),instruct_c_n8_baseline_rerun180_20260404_113902,z0ub6abmgswdgbah08442,156,156.0,0.0603261105716228,2.763318871856768e-05,1.7344211684637567e-05,-1.2888712262792978e-05,513.61328125,0.68925,0.68925,0.846,0.822404,476.25,0.2354981476240583,0.0293307086614173,476.25,0.9527165370350434,0.0020750578717766,0.985146573084233,64.0,0.016
Instruct baseline (n=8),instruct_c_n8_baseline_rerun180_20260404_113902,z0ub6abmgswdgbah08442,157,157.0,0.0632190853357315,2.7780297951807142e-05,-3.9298188452052685e-05,0.0,514.791015625,,,,,,,,,,,,,
Instruct baseline (n=8),instruct_c_n8_baseline_rerun180_20260404_113902,z0ub6abmgswdgbah08442,158,158.0,0.0614652186632156,2.6536812015365285e-05,-3.3809208679791425e-05,0.0,515.423828125,,,,,,,,,,,,,
Instruct baseline (n=8),instruct_c_n8_baseline_rerun180_20260404_113902,z0ub6abmgswdgbah08442,159,159.0,0.0632523819804191,2.7055791850472133e-05,-2.3105066133233265e-05,-1.939188223332167e-07,511.529296875,,,,,,,,,,,,,
Instruct baseline (n=8),instruct_c_n8_baseline_rerun180_20260404_113902,z0ub6abmgswdgbah08442,160,160.0,0.0622460022568702,2.9310923206793404e-05,1.1170351430306312e-05,0.0,514.55078125,,,,,,,,,,,,,
Instruct baseline (n=8),instruct_c_n8_baseline_rerun180_20260404_113902,z0ub6abmgswdgbah08442,161,161.0,0.0618281513452529,2.763906269009908e-05,-5.619804098655479e-05,0.0,514.623046875,,,,,,,,,,,,,
Instruct baseline (n=8),instruct_c_n8_baseline_rerun180_20260404_113902,z0ub6abmgswdgbah08442,162,162.0,0.0619927458465099,2.786573730872988e-05,2.721922216530892e-05,-8.386302397411782e-06,511.498046875,0.6995,0.6995,0.852,0.8299079999999999,475.203125,0.1232337732785111,0.0180843718146845,475.203125,0.9643114082628176,0.0021191201257685,0.995654635736215,64.0,0.016
Instruct baseline (n=8),instruct_c_n8_baseline_rerun180_20260404_113902,z0ub6abmgswdgbah08442,163,163.0,0.0627369210124015,3.034909277843667e-05,1.1132915586742342e-05,2.097354808938689e-06,513.09765625,,,,,,,,,,,,,
Instruct baseline (n=8),instruct_c_n8_baseline_rerun180_20260404_113902,z0ub6abmgswdgbah08442,164,164.0,0.0606397502124309,2.816954221884771e-05,-2.508340192974856e-05,0.0,512.783203125,,,,,,,,,,,,,
Instruct baseline (n=8),instruct_c_n8_baseline_rerun180_20260404_113902,z0ub6abmgswdgbah08442,165,165.0,0.0619499310851097,2.9887777579062916e-05,2.858269254213397e-05,0.0,513.15625,,,,,,,,,,,,,
Instruct baseline (n=8),instruct_c_n8_baseline_rerun180_20260404_113902,z0ub6abmgswdgbah08442,166,166.0,0.061718501150608,2.912563626011888e-05,-2.4242955782682877e-05,0.0,513.646484375,,,,,,,,,,,,,
Instruct baseline (n=8),instruct_c_n8_baseline_rerun180_20260404_113902,z0ub6abmgswdgbah08442,167,167.0,0.0611349456012249,2.845647621896319e-05,1.1629200815654883e-06,0.0,513.9609375,,,,,,,,,,,,,
Instruct baseline (n=8),instruct_c_n8_baseline_rerun180_20260404_113902,z0ub6abmgswdgbah08442,168,168.0,0.0618933141231536,2.858674458749988e-05,1.5075559623767276e-05,0.0,514.34765625,0.68825,0.68825,0.852,0.826874,470.4375,0.1095687497639317,0.0167065231832071,470.4375,0.9656739400268408,0.0021184599936459,0.99691621028555,64.0,0.016
Instruct baseline (n=8),instruct_c_n8_baseline_rerun180_20260404_113902,z0ub6abmgswdgbah08442,169,169.0,0.0609189793467521,3.011315498824274e-05,1.1453212845236038e-05,-5.499931830854621e-06,513.119140625,,,,,,,,,,,,,
Instruct baseline (n=8),instruct_c_n8_baseline_rerun180_20260404_113902,z0ub6abmgswdgbah08442,170,170.0,0.0611161440610885,2.8718053886933603e-05,-3.5106467614287595e-05,0.0,511.296875,,,,,,,,,,,,,
Instruct baseline (n=8),instruct_c_n8_baseline_rerun180_20260404_113902,z0ub6abmgswdgbah08442,171,171.0,0.0617350786924362,2.936748575166348e-05,-1.8611783795918768e-05,0.0,514.787109375,,,,,,,,,,,,,
Instruct baseline (n=8),instruct_c_n8_baseline_rerun180_20260404_113902,z0ub6abmgswdgbah08442,172,172.0,0.062194999307394,2.921522427357104e-05,-1.4962425593734174e-05,0.0,516.59375,,,,,,,,,,,,,
Instruct baseline (n=8),instruct_c_n8_baseline_rerun180_20260404_113902,z0ub6abmgswdgbah08442,173,173.0,0.0630636140704155,2.88906119578769e-05,9.696817908189104e-06,0.0,513.51953125,,,,,,,,,,,,,
Instruct baseline (n=8),instruct_c_n8_baseline_rerun180_20260404_113902,z0ub6abmgswdgbah08442,174,174.0,0.0633451342582702,3.0060218108474143e-05,6.378402105333691e-05,0.0,511.671875,0.687,0.687,0.846,0.8209879999999999,462.71875,0.1281077336063824,0.0203619909502262,462.71875,0.9627966376813636,0.0021501315564285,0.9950831486628606,64.0,0.016
Instruct baseline (n=8),instruct_c_n8_baseline_rerun180_20260404_113902,z0ub6abmgswdgbah08442,175,175.0,0.0640672296285629,2.905797058261328e-05,-1.859288305494644e-05,0.0,513.32421875,,,,,,,,,,,,,
Instruct baseline (n=8),instruct_c_n8_baseline_rerun180_20260404_113902,z0ub6abmgswdgbah08442,176,176.0,0.0626820251345634,3.0423242133537087e-05,-2.12540853872234e-05,3.905261110048741e-07,515.470703125,,,,,,,,,,,,,
Instruct baseline (n=8),instruct_c_n8_baseline_rerun180_20260404_113902,z0ub6abmgswdgbah08442,177,177.0,0.0614299364387989,2.8477589093967023e-05,3.266616660724253e-06,0.0,513.955078125,,,,,,,,,,,,,
Instruct baseline (n=8),instruct_c_n8_baseline_rerun180_20260404_113902,z0ub6abmgswdgbah08442,178,178.0,0.0679420530796051,2.968279013515485e-05,-3.946067880900017e-05,0.0,513.45703125,,,,,,,,,,,,,
Instruct baseline (n=8),instruct_c_n8_baseline_rerun180_20260404_113902,z0ub6abmgswdgbah08442,179,179.0,0.0631389245390892,3.06703781554063e-05,-6.418722555245893e-06,0.0,512.732421875,,,,,,,,,,,,,
Instruct baseline (n=8),instruct_c_n8_baseline_rerun180_20260404_113902,z0ub6abmgswdgbah08442,180,180.0,0.0624950379133224,2.8629280219405476e-05,2.1744814021396053e-05,0.0,515.9921875,0.68725,0.68725,0.858,0.829674,470.34375,0.1564239397784592,0.0217593515381037,470.34375,0.9613121001793772,0.0021119721525412,0.9925237808597578,64.0,0.016
Instruct nominal control condition,instruct_b_reward_shuffle_20260403_002727,36jz6dyl5w510dkl2mff2,0,,,,,,,0.68375,0.68375,0.834,0.807192,473.25,0.1106249272225083,0.0169374009508716,473.25,0.963924547005002,0.0021022310017028,0.997427968077098,64.0,0.016
Instruct nominal control condition,instruct_b_reward_shuffle_20260403_002727,36jz6dyl5w510dkl2mff2,1,1.0,0.1181448027491569,7.600001449281635e-07,1.5210231581019862e-05,0.0001493730643327,580.923828125,,,,,,,,,,,,,
Instruct nominal control condition,instruct_b_reward_shuffle_20260403_002727,36jz6dyl5w510dkl2mff2,2,2.0,0.1011547818779945,9.135361873635616e-07,-2.9893946847714403e-05,0.0002096706797374,571.724609375,,,,,,,,,,,,,
Instruct nominal control condition,instruct_b_reward_shuffle_20260403_002727,36jz6dyl5w510dkl2mff2,3,3.0,0.149148941040039,1.8051676342611955e-06,-3.893428010570687e-05,0.0002350312111261,573.64453125,,,,,,,,,,,,,
Instruct nominal control condition,instruct_b_reward_shuffle_20260403_002727,36jz6dyl5w510dkl2mff2,4,4.0,0.1126933842897415,2.5093334727888106e-06,-1.6313412919188863e-05,0.0001787467024172,565.251953125,,,,,,,,,,,,,
Instruct nominal control condition,instruct_b_reward_shuffle_20260403_002727,36jz6dyl5w510dkl2mff2,5,5.0,0.114652469754219,9.250154288764634e-06,0.0001194045091512,0.0003130456058286,560.689453125,,,,,,,,,,,,,
Instruct nominal control condition,instruct_b_reward_shuffle_20260403_002727,36jz6dyl5w510dkl2mff2,6,6.0,0.0897247418761253,9.15892325226153e-06,-1.931959280554452e-06,0.0002130844464147,548.087890625,0.685,0.685,0.832,0.8102699999999999,479.140625,0.1739700956172001,0.0246535137779227,479.140625,0.9575217982985234,0.0021119491478251,0.9910519271345526,64.0,0.016
Instruct nominal control condition,instruct_b_reward_shuffle_20260403_002727,36jz6dyl5w510dkl2mff2,7,7.0,0.0870411247014999,1.1652324445776683e-05,-1.6880345706571376e-05,0.0002049544328883,540.521484375,,,,,,,,,,,,,
Instruct nominal control condition,instruct_b_reward_shuffle_20260403_002727,36jz6dyl5w510dkl2mff2,8,8.0,0.082051582634449,1.2120698572815058e-05,-9.996352754448878e-06,0.0001702406393633,530.404296875,,,,,,,,,,,,,
Instruct nominal control condition,instruct_b_reward_shuffle_20260403_002727,36jz6dyl5w510dkl2mff2,9,9.0,0.0812058672308921,1.6269658156709e-05,5.223744016202847e-05,0.0001310649236074,530.0078125,,,,,,,,,,,,,
Instruct nominal control condition,instruct_b_reward_shuffle_20260403_002727,36jz6dyl5w510dkl2mff2,10,10.0,0.0679361373186111,1.4635888131664387e-05,-2.9311057341274704e-06,6.554319315910107e-05,522.5703125,,,,,,,,,,,,,
Instruct nominal control condition,instruct_b_reward_shuffle_20260403_002727,36jz6dyl5w510dkl2mff2,11,11.0,0.0683847740292549,1.4389325727393045e-05,4.053697622463659e-06,-1.2382921113385237e-05,516.767578125,,,,,,,,,,,,,
Instruct nominal control condition,instruct_b_reward_shuffle_20260403_002727,36jz6dyl5w510dkl2mff2,12,12.0,0.0716273188591003,1.5690062017625905e-05,3.4431849060823083e-06,4.7266590627259575e-05,519.84765625,0.6875,0.6875,0.84,0.81513,473.75,0.2227641235869918,0.0315303430079155,473.75,0.9487415293590374,0.0021742895874624,0.9867228923183632,64.0,0.016
Instruct nominal control condition,instruct_b_reward_shuffle_20260403_002727,36jz6dyl5w510dkl2mff2,13,13.0,0.0667397677898407,1.7856825358819606e-05,9.42739402637338e-06,3.377522352820961e-05,517.55859375,,,,,,,,,,,,,
Instruct nominal control condition,instruct_b_reward_shuffle_20260403_002727,36jz6dyl5w510dkl2mff2,14,14.0,0.077659748494625,1.6637638369232377e-05,1.048649676660407e-05,6.546084364345006e-06,513.142578125,,,,,,,,,,,,,
Instruct nominal control condition,instruct_b_reward_shuffle_20260403_002727,36jz6dyl5w510dkl2mff2,15,15.0,0.0665198266506195,1.7545360135429178e-05,5.7081838953365605e-06,1.8600891053210944e-05,516.1015625,,,,,,,,,,,,,
Instruct nominal control condition,instruct_b_reward_shuffle_20260403_002727,36jz6dyl5w510dkl2mff2,16,16.0,0.0683555379509925,1.7094885926383085e-05,-2.9158726226441445e-05,3.815116815530928e-05,518.7265625,,,,,,,,,,,,,
Instruct nominal control condition,instruct_b_reward_shuffle_20260403_002727,36jz6dyl5w510dkl2mff2,17,17.0,0.0676056817173957,1.82369264365434e-05,-1.3015956462025802e-05,1.0080890206154436e-05,518.65625,,,,,,,,,,,,,
Instruct nominal control condition,instruct_b_reward_shuffle_20260403_002727,36jz6dyl5w510dkl2mff2,18,18.0,0.0661926642060279,2.042364899068616e-05,-3.358139796993953e-05,2.7304170544084627e-05,518.8671875,0.68625,0.68625,0.848,0.81953,485.953125,0.2315895039722247,0.0299025754798881,485.953125,0.9508596902138772,0.00214574446322,0.986297794838917,64.0,0.016
Instruct nominal control condition,instruct_b_reward_shuffle_20260403_002727,36jz6dyl5w510dkl2mff2,19,19.0,0.0625059008598327,1.9837180216697448e-05,-1.3848452576237236e-05,3.94025664718356e-06,515.90234375,,,,,,,,,,,,,
Instruct nominal control condition,instruct_b_reward_shuffle_20260403_002727,36jz6dyl5w510dkl2mff2,20,20.0,0.1002412959933281,1.932161375606256e-05,2.0928194436553586e-05,5.213781605561962e-05,519.330078125,,,,,,,,,,,,,
Instruct nominal control condition,instruct_b_reward_shuffle_20260403_002727,36jz6dyl5w510dkl2mff2,21,21.0,0.0640065670013427,2.027585142982957e-05,-2.5918281765680007e-05,3.8356040022335947e-05,516.888671875,,,,,,,,,,,,,
Instruct nominal control condition,instruct_b_reward_shuffle_20260403_002727,36jz6dyl5w510dkl2mff2,22,22.0,0.0615952536463737,2.1199058675591687e-05,-2.1403928995300525e-06,4.196158442937303e-06,515.767578125,,,,,,,,,,,,,
Instruct nominal control condition,instruct_b_reward_shuffle_20260403_002727,36jz6dyl5w510dkl2mff2,23,23.0,0.0592111460864543,2.09511800051132e-05,-1.5731645008010275e-05,4.76924378745025e-06,515.77734375,,,,,,,,,,,,,
Instruct nominal control condition,instruct_b_reward_shuffle_20260403_002727,36jz6dyl5w510dkl2mff2,24,24.0,0.0634168535470962,2.189522832196644e-05,1.7485476905276798e-05,1.0189955901296344e-05,514.38671875,0.67575,0.67575,0.852,0.824444,517.96875,0.2115869059497954,0.0280844645550527,517.96875,0.9552115609239488,0.001911261317462,0.987404789759203,64.0,0.016
Instruct nominal control condition,instruct_b_reward_shuffle_20260403_002727,36jz6dyl5w510dkl2mff2,25,25.0,0.0622789710760116,2.1973141077324957e-05,1.397143534376255e-05,3.801441380346659e-06,515.708984375,,,,,,,,,,,,,
Instruct nominal control condition,instruct_b_reward_shuffle_20260403_002727,36jz6dyl5w510dkl2mff2,26,26.0,0.0613002441823482,2.185446221147913e-05,1.929925721455561e-06,1.2735619748127648e-05,520.6328125,,,,,,,,,,,,,
Instruct nominal control condition,instruct_b_reward_shuffle_20260403_002727,36jz6dyl5w510dkl2mff2,27,27.0,0.0817446336150169,2.368609074565597e-05,3.850393929027973e-05,3.294609450676944e-05,519.185546875,,,,,,,,,,,,,
Instruct nominal control condition,instruct_b_reward_shuffle_20260403_002727,36jz6dyl5w510dkl2mff2,28,28.0,0.0601361095905304,2.288773564629309e-05,3.728470180336396e-05,2.015637255681213e-05,516.171875,,,,,,,,,,,,,
Instruct nominal control condition,instruct_b_reward_shuffle_20260403_002727,36jz6dyl5w510dkl2mff2,29,29.0,0.0602724216878414,2.2751874499959968e-05,2.321147420614178e-05,8.40042866911972e-06,514.234375,,,,,,,,,,,,,
Instruct nominal control condition,instruct_b_reward_shuffle_20260403_002727,36jz6dyl5w510dkl2mff2,30,30.0,0.0716539919376373,2.191817184638012e-05,2.666193163070041e-05,8.775669812166598e-06,515.193359375,0.6905,0.6905,0.858,0.8277060000000002,477.40625,0.1193544246486057,0.0191137003338351,477.40625,0.9647390169959078,0.0020873821994323,0.9958193290137632,64.0,0.016
Instruct nominal control condition,instruct_b_reward_shuffle_20260403_002727,36jz6dyl5w510dkl2mff2,31,31.0,0.0614409670233726,2.320670995104024e-05,-4.8150535302271535e-05,9.225736903317738e-06,513.244140625,,,,,,,,,,,,,
Instruct nominal control condition,instruct_b_reward_shuffle_20260403_002727,36jz6dyl5w510dkl2mff2,32,32.0,0.0595847144722938,2.3231572662041344e-05,4.625016467008081e-05,1.0965048204525374e-05,515.9921875,,,,,,,,,,,,,
Instruct nominal control condition,instruct_b_reward_shuffle_20260403_002727,36jz6dyl5w510dkl2mff2,33,33.0,0.0609668530523777,2.2391348828421087e-05,1.0137592907577542e-05,3.379843292350415e-06,517.796875,,,,,,,,,,,,,
Instruct nominal control condition,instruct_b_reward_shuffle_20260403_002727,36jz6dyl5w510dkl2mff2,34,34.0,0.0618029870092868,2.1377956173296297e-05,1.9145845618684376e-05,0.0,516.4140625,,,,,,,,,,,,,
Instruct nominal control condition,instruct_b_reward_shuffle_20260403_002727,36jz6dyl5w510dkl2mff2,35,35.0,0.0592267028987407,2.392559021302532e-05,-4.204442796895691e-05,1.053356027114205e-05,516.015625,,,,,,,,,,,,,
Instruct nominal control condition,instruct_b_reward_shuffle_20260403_002727,36jz6dyl5w510dkl2mff2,36,36.0,0.0644688010215759,2.194975968450308e-05,1.5127839676942756e-05,9.42965107242344e-06,515.19921875,0.69275,0.69275,0.846,0.821166,474.484375,0.1197419490193019,0.0179800441268482,474.484375,0.9644144351989504,0.0020843315345131,0.9960808644206962,64.0,0.016
Instruct nominal control condition,instruct_b_reward_shuffle_20260403_002727,36jz6dyl5w510dkl2mff2,37,37.0,0.0592999793589115,2.18773148041862e-05,-2.8220099466125248e-05,4.215128683426883e-06,516.625,,,,,,,,,,,,,
Instruct nominal control condition,instruct_b_reward_shuffle_20260403_002727,36jz6dyl5w510dkl2mff2,38,38.0,0.0590444654226303,2.461644865903168e-05,3.5878154187259786e-05,1.736873855406884e-06,515.76171875,,,,,,,,,,,,,
Instruct nominal control condition,instruct_b_reward_shuffle_20260403_002727,36jz6dyl5w510dkl2mff2,39,39.0,0.0615879967808723,2.328475452273437e-05,-2.802400542678551e-06,1.372112183162244e-05,515.7265625,,,,,,,,,,,,,
Instruct nominal control condition,instruct_b_reward_shuffle_20260403_002727,36jz6dyl5w510dkl2mff2,40,40.0,0.0612521469593048,2.167264799624036e-05,6.496929344734781e-06,3.5869998100679368e-06,518.697265625,,,,,,,,,,,,,
Instruct nominal control condition,instruct_b_reward_shuffle_20260403_002727,36jz6dyl5w510dkl2mff2,41,41.0,0.0626878589391708,2.30271556809214e-05,8.96841760456013e-06,-1.396552579535637e-05,520.9921875,,,,,,,,,,,,,
Instruct nominal control condition,instruct_b_reward_shuffle_20260403_002727,36jz6dyl5w510dkl2mff2,42,42.0,0.0612005107104778,2.40099031074692e-05,1.1996699513499437e-06,1.1775151506299151e-05,516.193359375,0.68,0.68,0.856,0.8277819999999999,479.3125,0.1216204057291319,0.0188746903116442,479.3125,0.9625063846561772,0.0020709912206315,0.9960233315539836,64.0,0.016
Instruct nominal control condition,instruct_b_reward_shuffle_20260403_002727,36jz6dyl5w510dkl2mff2,43,43.0,0.0581017658114433,2.2469533540459e-05,-2.202302788179011e-05,0.0,519.107421875,,,,,,,,,,,,,
Instruct nominal control condition,instruct_b_reward_shuffle_20260403_002727,36jz6dyl5w510dkl2mff2,44,44.0,0.0616334341466426,2.4422157032688577e-05,3.617957634705071e-05,0.0,515.111328125,,,,,,,,,,,,,
Instruct nominal control condition,instruct_b_reward_shuffle_20260403_002727,36jz6dyl5w510dkl2mff2,45,45.0,0.0719365701079368,2.3568604813561933e-05,-8.376525961750758e-06,7.37560822017258e-06,515.939453125,,,,,,,,,,,,,
Instruct nominal control condition,instruct_b_reward_shuffle_20260403_002727,36jz6dyl5w510dkl2mff2,46,46.0,0.057718064635992,2.307177910054747e-05,-1.4435241180166258e-05,0.0,518.751953125,,,,,,,,,,,,,
Instruct nominal control condition,instruct_b_reward_shuffle_20260403_002727,36jz6dyl5w510dkl2mff2,47,47.0,0.0608645938336849,2.5596581100018057e-05,-5.7314279415132674e-05,9.976186447602233e-06,515.1875,,,,,,,,,,,,,
Instruct nominal control condition,instruct_b_reward_shuffle_20260403_002727,36jz6dyl5w510dkl2mff2,48,48.0,0.0602954365313053,2.5128688701414603e-05,3.0056296164149288e-06,1.1224457921343856e-05,517.47265625,0.6795,0.6795,0.848,0.821758,479.65625,0.3030211874713135,0.0401654830933611,479.65625,0.9423570870902688,0.0021135017292314,0.9785389192827098,64.0,0.016
Instruct nominal control condition,instruct_b_reward_shuffle_20260403_002727,36jz6dyl5w510dkl2mff2,49,49.0,0.060030773282051,2.485652485972878e-05,2.844901364706942e-06,1.2337432053755035e-06,516.41015625,,,,,,,,,,,,,
Instruct nominal control condition,instruct_b_reward_shuffle_20260403_002727,36jz6dyl5w510dkl2mff2,50,50.0,0.0567740052938461,2.5686763214238795e-05,-1.7933166275074797e-05,7.70847691455856e-06,515.865234375,,,,,,,,,,,,,
Instruct nominal control condition,instruct_b_reward_shuffle_20260403_002727,36jz6dyl5w510dkl2mff2,51,51.0,0.0579745173454284,2.3916245254440582e-05,1.284922070965422e-07,2.424207195872441e-06,513.5078125,,,,,,,,,,,,,
Instruct nominal control condition,instruct_b_reward_shuffle_20260403_002727,36jz6dyl5w510dkl2mff2,52,52.0,0.0579949505627155,2.3308092966800587e-05,2.411771187871281e-05,0.0,515.44140625,,,,,,,,,,,,,
Instruct nominal control condition,instruct_b_reward_shuffle_20260403_002727,36jz6dyl5w510dkl2mff2,53,53.0,0.063085600733757,2.4215266073213115e-05,9.02150554926706e-06,2.1691466827178374e-06,515.13671875,,,,,,,,,,,,,
Instruct nominal control condition,instruct_b_reward_shuffle_20260403_002727,36jz6dyl5w510dkl2mff2,54,54.0,0.0583320371806621,2.526371859801202e-05,-1.5818083346275102e-05,3.97010262531694e-06,515.880859375,0.6875,0.6875,0.844,0.818902,498.5625,0.1563385009646072,0.0222828130876269,498.5625,0.9607479960544524,0.0019593488019189,0.9919977009976376,64.0,0.016
Instruct nominal control condition,instruct_b_reward_shuffle_20260403_002727,36jz6dyl5w510dkl2mff2,55,55.0,0.0605740249156951,2.4808135680842724e-05,2.0124937326393425e-05,0.0,519.556640625,,,,,,,,,,,,,
Instruct nominal control condition,instruct_b_reward_shuffle_20260403_002727,36jz6dyl5w510dkl2mff2,56,56.0,0.0613545477390289,2.5874089793376243e-05,1.934946030246465e-05,1.5914414689177647e-05,514.697265625,,,,,,,,,,,,,
Instruct nominal control condition,instruct_b_reward_shuffle_20260403_002727,36jz6dyl5w510dkl2mff2,57,57.0,0.0584592930972576,2.5990899203520712e-05,6.56487728711852e-06,4.985759005649015e-06,519.123046875,,,,,,,,,,,,,
Instruct nominal control condition,instruct_b_reward_shuffle_20260403_002727,36jz6dyl5w510dkl2mff2,58,58.0,0.0591843128204345,2.606833572826872e-05,2.136990173084996e-05,-4.685371095547453e-07,517.451171875,,,,,,,,,,,,,
Instruct nominal control condition,instruct_b_reward_shuffle_20260403_002727,36jz6dyl5w510dkl2mff2,59,59.0,0.0572555214166641,2.5230068150250418e-05,2.8965292822036304e-06,0.0,517.0703125,,,,,,,,,,,,,
Instruct nominal control condition,instruct_b_reward_shuffle_20260403_002727,36jz6dyl5w510dkl2mff2,60,60.0,0.0621853023767471,2.5848175511100635e-05,2.4569445852051786e-05,2.8207523428136483e-06,516.51953125,0.69125,0.69125,0.852,0.826432,485.0625,0.2469204013732548,0.0327277412704548,485.0625,0.9500411802492656,0.0020165998220343,0.9839310500443926,64.0,0.016
Instruct nominal control condition,instruct_b_reward_shuffle_20260403_002727,36jz6dyl5w510dkl2mff2,61,61.0,0.0588390789926052,2.6332527511385703e-05,-1.4370559782150847e-05,0.0,518.2421875,,,,,,,,,,,,,
Instruct nominal control condition,instruct_b_reward_shuffle_20260403_002727,36jz6dyl5w510dkl2mff2,62,62.0,0.0582724213600158,2.562042753595506e-05,-2.2155636925980104e-05,2.8766771720256656e-06,517.306640625,,,,,,,,,,,,,
Instruct nominal control condition,instruct_b_reward_shuffle_20260403_002727,36jz6dyl5w510dkl2mff2,63,63.0,0.05916678160429,2.4466644532594728e-05,3.2613064036013384e-06,-2.9221091608633287e-06,517.3515625,,,,,,,,,,,,,
Instruct nominal control condition,instruct_b_reward_shuffle_20260403_002727,36jz6dyl5w510dkl2mff2,64,64.0,0.0685620084404945,2.5599341402227083e-05,3.338604791969235e-05,1.573920872033341e-05,516.87890625,,,,,,,,,,,,,
Instruct nominal control condition,instruct_b_reward_shuffle_20260403_002727,36jz6dyl5w510dkl2mff2,65,65.0,0.0576990060508251,2.6617080230550982e-05,-3.657246706456618e-05,0.0,516.435546875,,,,,,,,,,,,,
Instruct nominal control condition,instruct_b_reward_shuffle_20260403_002727,36jz6dyl5w510dkl2mff2,66,66.0,0.0583441145718097,2.5865313038053728e-05,-1.0621153317735832e-05,3.690070116135757e-06,516.0625,0.6905,0.6905,0.862,0.835704,474.53125,0.1906460065844815,0.0243661508067171,474.53125,0.9593525157698604,0.0020435476905623,0.9890251694755566,64.0,0.016
Instruct nominal control condition,instruct_b_reward_shuffle_20260403_002727,36jz6dyl5w510dkl2mff2,67,67.0,0.072906419634819,2.453249596001683e-05,6.494791437106073e-06,2.475973178661661e-05,516.7421875,,,,,,,,,,,,,
Instruct nominal control condition,instruct_b_reward_shuffle_20260403_002727,36jz6dyl5w510dkl2mff2,68,68.0,0.0590685121715068,2.6029404221361577e-05,-5.729975639745533e-06,6.512279469461646e-06,514.904296875,,,,,,,,,,,,,
Instruct nominal control condition,instruct_b_reward_shuffle_20260403_002727,36jz6dyl5w510dkl2mff2,69,69.0,0.0590877458453178,2.5357046585128277e-05,6.009798733774829e-05,0.0,516.3828125,,,,,,,,,,,,,
Instruct nominal control condition,instruct_b_reward_shuffle_20260403_002727,36jz6dyl5w510dkl2mff2,70,70.0,0.0609613843262195,2.5091664220155963e-05,1.31872486446305e-05,7.264834493980743e-06,514.18359375,,,,,,,,,,,,,
Instruct nominal control condition,instruct_b_reward_shuffle_20260403_002727,36jz6dyl5w510dkl2mff2,71,71.0,0.0600833445787429,2.6072162324197737e-05,1.6516117078424486e-05,8.051305485423654e-06,513.89453125,,,,,,,,,,,,,
Instruct nominal control condition,instruct_b_reward_shuffle_20260403_002727,36jz6dyl5w510dkl2mff2,72,72.0,0.05990856513381,2.636078793116781e-05,-7.419989804802185e-07,0.0,516.1328125,0.688,0.688,0.846,0.8207199999999999,468.484375,0.1955562091289596,0.02558116265884,468.484375,0.957485450251236,0.0020934775478148,0.9884176808671398,64.0,0.016
Instruct nominal control condition,instruct_b_reward_shuffle_20260403_002727,36jz6dyl5w510dkl2mff2,73,73.0,0.0581476241350173,2.6654369040812757e-05,1.5980265164472485e-06,4.487774276640266e-07,515.384765625,,,,,,,,,,,,,
Instruct nominal control condition,instruct_b_reward_shuffle_20260403_002727,36jz6dyl5w510dkl2mff2,74,74.0,0.0717281177639961,2.70338410288673e-05,-3.436349269625438e-05,-4.906723916064948e-09,516.19921875,,,,,,,,,,,,,
Instruct nominal control condition,instruct_b_reward_shuffle_20260403_002727,36jz6dyl5w510dkl2mff2,75,75.0,0.0587726607918739,2.579775594213629e-05,-1.543733193498653e-05,4.858784450334497e-06,516.310546875,,,,,,,,,,,,,
Instruct nominal control condition,instruct_b_reward_shuffle_20260403_002727,36jz6dyl5w510dkl2mff2,76,76.0,0.0586158819496631,2.7208662903177583e-05,1.7166754392228256e-05,1.9069739209953698e-07,514.96484375,,,,,,,,,,,,,
Instruct nominal control condition,instruct_b_reward_shuffle_20260403_002727,36jz6dyl5w510dkl2mff2,77,77.0,0.0575851164758205,2.548644767941255e-05,2.9635643800096645e-05,2.540665263950359e-05,519.21875,,,,,,,,,,,,,
Instruct nominal control condition,instruct_b_reward_shuffle_20260403_002727,36jz6dyl5w510dkl2mff2,78,78.0,0.057346124202013,2.8886564770402856e-05,-4.713382776522224e-05,4.011511919088662e-06,514.9296875,0.69,0.69,0.85,0.8267840000000001,476.109375,0.1963753395572567,0.0269436513406189,476.109375,0.9556977517189116,0.0020833934852978,0.989239929205228,64.0,0.016
Instruct nominal control condition,instruct_b_reward_shuffle_20260403_002727,36jz6dyl5w510dkl2mff2,79,79.0,0.0596481785178184,2.774703371599685e-05,4.298060031437956e-06,0.0,514.115234375,,,,,,,,,,,,,
Instruct nominal control condition,instruct_b_reward_shuffle_20260403_002727,36jz6dyl5w510dkl2mff2,80,80.0,0.0604876317083835,2.88844427061008e-05,4.383349631398304e-05,0.0,516.59375,,,,,,,,,,,,,
Instruct nominal control condition,instruct_b_reward_shuffle_20260403_002727,36jz6dyl5w510dkl2mff2,81,81.0,0.0611565038561821,2.756278066939899e-05,-1.3518359083253273e-06,-1.6255398804787546e-07,514.7734375,,,,,,,,,,,,,
Instruct nominal control condition,instruct_b_reward_shuffle_20260403_002727,36jz6dyl5w510dkl2mff2,82,82.0,0.0588347949087619,2.9948015345837572e-05,-2.052398180052428e-05,0.0,513.49609375,,,,,,,,,,,,,
Instruct nominal control condition,instruct_b_reward_shuffle_20260403_002727,36jz6dyl5w510dkl2mff2,83,83.0,0.0609097629785537,2.842569556804619e-05,-7.33459588020402e-06,-2.2623016775469296e-06,514.529296875,,,,,,,,,,,,,
Instruct nominal control condition,instruct_b_reward_shuffle_20260403_002727,36jz6dyl5w510dkl2mff2,84,84.0,0.0579697638750076,2.871832815998232e-05,-2.015828204848802e-05,7.311536137422081e-06,512.1328125,0.687,0.687,0.85,0.8258,474.40625,0.2417419599564868,0.0323430604044529,474.40625,0.9508250503937064,0.0021107102950471,0.9839926568205888,64.0,0.016
Instruct nominal control condition,instruct_b_reward_shuffle_20260403_002727,36jz6dyl5w510dkl2mff2,85,85.0,0.0579735897481441,2.925880124493574e-05,1.673748933395114e-05,1.3671615306520837e-07,511.91015625,,,,,,,,,,,,,
Instruct nominal control condition,instruct_b_reward_shuffle_20260403_002727,36jz6dyl5w510dkl2mff2,86,86.0,0.0590221993625164,2.81811330786752e-05,-1.4609940775400789e-05,3.5462899177218787e-06,514.70703125,,,,,,,,,,,,,
Instruct nominal control condition,instruct_b_reward_shuffle_20260403_002727,36jz6dyl5w510dkl2mff2,87,87.0,0.0594425275921821,2.833072594299324e-05,-1.8683892284876435e-05,9.53249036683701e-06,515.669921875,,,,,,,,,,,,,
Instruct nominal control condition,instruct_b_reward_shuffle_20260403_002727,36jz6dyl5w510dkl2mff2,88,88.0,0.0583096556365489,2.689480238871056e-05,-4.672884714329584e-05,2.601254527689889e-05,517.240234375,,,,,,,,,,,,,
Instruct nominal control condition,instruct_b_reward_shuffle_20260403_002727,36jz6dyl5w510dkl2mff2,89,89.0,0.0586715191602706,2.943886063278001e-05,2.7996816993169915e-05,0.0,514.962890625,,,,,,,,,,,,,
Instruct nominal control condition,instruct_b_reward_shuffle_20260403_002727,36jz6dyl5w510dkl2mff2,90,90.0,0.0590121410787105,2.8517695330521065e-05,-6.160925068066092e-05,4.397470547701232e-06,512.123046875,0.69025,0.69025,0.858,0.829134,483.390625,0.2364336381182202,0.0298348256133432,483.390625,0.9527541710309524,0.0020601482810903,0.9842862112780988,64.0,0.016
Instruct nominal control condition,instruct_b_reward_shuffle_20260403_002727,36jz6dyl5w510dkl2mff2,91,91.0,0.0582516752183437,2.845005026941294e-05,3.1106988442553e-05,5.925076038693078e-07,512.943359375,,,,,,,,,,,,,
Instruct nominal control condition,instruct_b_reward_shuffle_20260403_002727,36jz6dyl5w510dkl2mff2,92,92.0,0.0587133876979351,2.728161933518436e-05,-8.95898499131409e-06,0.0,514.642578125,,,,,,,,,,,,,
Instruct nominal control condition,instruct_b_reward_shuffle_20260403_002727,36jz6dyl5w510dkl2mff2,93,93.0,0.0601978972554206,2.8390890825846785e-05,-4.915658857385097e-05,0.0,513.681640625,,,,,,,,,,,,,
Instruct nominal control condition,instruct_b_reward_shuffle_20260403_002727,36jz6dyl5w510dkl2mff2,94,94.0,0.0578801669180393,2.9187922383044903e-05,-5.777272728657579e-06,0.0,513.48046875,,,,,,,,,,,,,
Instruct nominal control condition,instruct_b_reward_shuffle_20260403_002727,36jz6dyl5w510dkl2mff2,95,95.0,0.0601641833782196,2.8069236908123685e-05,-3.1857020807990466e-05,0.0,516.109375,,,,,,,,,,,,,
Instruct nominal control condition,instruct_b_reward_shuffle_20260403_002727,36jz6dyl5w510dkl2mff2,96,96.0,0.058934174478054,2.910407882694699e-05,-3.081182280539885e-05,1.5205159797915258e-06,513.515625,0.687,0.687,0.84,0.818622,460.21875,0.1593884785840538,0.0235282134854349,460.21875,0.9596030226936892,0.002159181620298,0.9921879279133484,64.0,0.016
Instruct nominal control condition,instruct_b_reward_shuffle_20260403_002727,36jz6dyl5w510dkl2mff2,97,97.0,0.0584558956325054,2.8703935658569435e-05,-2.392815508089896e-05,0.0,514.376953125,,,,,,,,,,,,,
Instruct nominal control condition,instruct_b_reward_shuffle_20260403_002727,36jz6dyl5w510dkl2mff2,98,98.0,0.058309119194746,2.886357559717112e-05,2.4671412571564133e-05,0.0,514.19140625,,,,,,,,,,,,,
Instruct nominal control condition,instruct_b_reward_shuffle_20260403_002727,36jz6dyl5w510dkl2mff2,99,99.0,0.0592777468264102,2.745580954766069e-05,-1.6226899388405158e-05,2.4009013941395096e-06,515.572265625,,,,,,,,,,,,,
Instruct nominal control condition,instruct_b_reward_shuffle_20260403_002727,36jz6dyl5w510dkl2mff2,100,100.0,0.0586458034813404,2.7617069914498416e-05,2.28641832391574e-05,0.0,517.396484375,,,,,,,,,,,,,
Instruct nominal control condition,instruct_b_reward_shuffle_20260403_002727,36jz6dyl5w510dkl2mff2,101,101.0,0.0601323805749416,2.704344172599349e-05,-1.5095411759702417e-05,-1.5567102309432812e-06,513.060546875,,,,,,,,,,,,,
Instruct nominal control condition,instruct_b_reward_shuffle_20260403_002727,36jz6dyl5w510dkl2mff2,102,102.0,0.0626471191644668,2.7373399063890247e-05,-6.692279459485917e-06,1.3438379937724676e-05,514.0546875,0.6885,0.6885,0.846,0.8208139999999999,498.78125,0.1009538947591117,0.0153499154188334,498.78125,0.9676336442966388,0.0020254674068213,0.9975883470024652,64.0,0.016
Instruct nominal control condition,instruct_b_reward_shuffle_20260403_002727,36jz6dyl5w510dkl2mff2,103,103.0,0.0571312643587589,2.969376988914973e-05,1.851694389465308e-05,0.0,515.22265625,,,,,,,,,,,,,
Instruct nominal control condition,instruct_b_reward_shuffle_20260403_002727,36jz6dyl5w510dkl2mff2,104,104.0,0.0583157502114772,2.954011688771629e-05,3.2976037796617064e-05,0.0,513.208984375,,,,,,,,,,,,,
Instruct nominal control condition,instruct_b_reward_shuffle_20260403_002727,36jz6dyl5w510dkl2mff2,105,105.0,0.0599703826010227,2.61637398253356e-05,-1.5652964240331355e-06,0.0,517.05078125,,,,,,,,,,,,,
Instruct nominal control condition,instruct_b_reward_shuffle_20260403_002727,36jz6dyl5w510dkl2mff2,106,106.0,0.0592567399144172,2.7720552786547618e-05,-1.4922137552275672e-05,0.0,516.509765625,,,,,,,,,,,,,
Instruct nominal control condition,instruct_b_reward_shuffle_20260403_002727,36jz6dyl5w510dkl2mff2,107,107.0,0.0602185353636741,2.6307205036602e-05,-1.1321000585429177e-05,0.0,512.875,,,,,,,,,,,,,
Instruct nominal control condition,instruct_b_reward_shuffle_20260403_002727,36jz6dyl5w510dkl2mff2,108,108.0,0.0588043518364429,2.5383346766716383e-05,-1.1630626336245342e-05,0.0,515.1953125,0.68475,0.68475,0.848,0.824812,471.125,0.1623065834748836,0.0226518970549217,471.125,0.9610985808803916,0.0020784452601053,0.991335318998811,64.0,0.016
Instruct nominal control condition,instruct_b_reward_shuffle_20260403_002727,36jz6dyl5w510dkl2mff2,109,109.0,0.0607591234147548,2.670396383308571e-05,-9.571516184235865e-06,0.0,518.0,,,,,,,,,,,,,
Instruct nominal control condition,instruct_b_reward_shuffle_20260403_002727,36jz6dyl5w510dkl2mff2,110,110.0,0.0600473396480083,2.776792358361035e-05,-1.03631236476609e-05,0.0,514.576171875,,,,,,,,,,,,,
Instruct nominal control condition,instruct_b_reward_shuffle_20260403_002727,36jz6dyl5w510dkl2mff2,111,111.0,0.0591198466718196,2.6776064572686664e-05,4.067936282936557e-05,0.0,513.52734375,,,,,,,,,,,,,
Instruct nominal control condition,instruct_b_reward_shuffle_20260403_002727,36jz6dyl5w510dkl2mff2,112,112.0,0.0594894401729106,2.5412615471509525e-05,5.558256144233553e-06,0.0,515.294921875,,,,,,,,,,,,,
Instruct nominal control condition,instruct_b_reward_shuffle_20260403_002727,36jz6dyl5w510dkl2mff2,113,113.0,0.0582430697977542,2.563280239442633e-05,-3.318116141448613e-05,1.8047267076326536e-06,516.8125,,,,,,,,,,,,,
Instruct nominal control condition,instruct_b_reward_shuffle_20260403_002727,36jz6dyl5w510dkl2mff2,114,114.0,0.060177631676197,2.659055012799172e-05,6.914667427970755e-06,0.0,516.474609375,0.69425,0.69425,0.862,0.836076,481.1875,0.1249218729660563,0.0197752954929211,481.1875,0.9637161113175652,0.0020604368339406,0.9958556383704966,64.0,0.016
Instruct nominal control condition,instruct_b_reward_shuffle_20260403_002727,36jz6dyl5w510dkl2mff2,115,115.0,0.0580639913678169,2.600900309346343e-05,-9.005260512395807e-06,0.0,516.724609375,,,,,,,,,,,,,
Instruct nominal control condition,instruct_b_reward_shuffle_20260403_002727,36jz6dyl5w510dkl2mff2,116,116.0,0.0628340318799018,2.7854209069033686e-05,-2.0475274531861487e-05,5.560877980315127e-06,515.935546875,,,,,,,,,,,,,
Instruct nominal control condition,instruct_b_reward_shuffle_20260403_002727,36jz6dyl5w510dkl2mff2,117,117.0,0.0601097606122493,2.729952550950543e-05,1.9880955566264905e-05,1.9018671082449143e-06,515.947265625,,,,,,,,,,,,,
Instruct nominal control condition,instruct_b_reward_shuffle_20260403_002727,36jz6dyl5w510dkl2mff2,118,118.0,0.0595979988574981,2.727121835022217e-05,6.459955213422575e-06,-5.046859769208822e-06,516.10546875,,,,,,,,,,,,,
Instruct nominal control condition,instruct_b_reward_shuffle_20260403_002727,36jz6dyl5w510dkl2mff2,119,119.0,0.0639159306883812,2.66657215135524e-05,-1.8198024154258976e-06,1.1572791663638782e-05,517.966796875,,,,,,,,,,,,,
Instruct nominal control condition,instruct_b_reward_shuffle_20260403_002727,36jz6dyl5w510dkl2mff2,120,120.0,0.059962511062622,2.670215197753123e-05,-2.66283147487556e-06,0.0,515.9453125,0.686,0.686,0.848,0.8234400000000001,493.453125,0.1049100437927101,0.0164022671859662,493.453125,0.9669622657592036,0.0020108931041428,0.9971148539010736,64.0,0.016
Instruct nominal control condition,instruct_b_reward_shuffle_20260403_002727,36jz6dyl5w510dkl2mff2,121,121.0,0.0612344853579998,2.7592517160002217e-05,-2.1340285175364127e-06,-6.101126928115264e-07,514.177734375,,,,,,,,,,,,,
Instruct nominal control condition,instruct_b_reward_shuffle_20260403_002727,36jz6dyl5w510dkl2mff2,122,122.0,0.0613107159733772,2.547790915841119e-05,7.196634833173121e-06,1.573336703586392e-06,515.9375,,,,,,,,,,,,,
Instruct nominal control condition,instruct_b_reward_shuffle_20260403_002727,36jz6dyl5w510dkl2mff2,123,123.0,0.0604747273027896,2.548411546143825e-05,-1.0273995803555811e-06,0.0,516.0078125,,,,,,,,,,,,,
Instruct nominal control condition,instruct_b_reward_shuffle_20260403_002727,36jz6dyl5w510dkl2mff2,124,124.0,0.0624500922858715,2.784954242329718e-05,2.121576302727135e-05,3.8009620766388257e-06,517.0234375,,,,,,,,,,,,,
Instruct nominal control condition,instruct_b_reward_shuffle_20260403_002727,36jz6dyl5w510dkl2mff2,125,125.0,0.0611678138375282,3.0297817460223087e-05,-1.3177939779396295e-06,3.541345904523041e-06,516.568359375,,,,,,,,,,,,,
Instruct nominal control condition,instruct_b_reward_shuffle_20260403_002727,36jz6dyl5w510dkl2mff2,126,126.0,0.060484655201435,2.660345397842434e-05,-1.7404848400903727e-05,0.0,516.033203125,0.685,0.685,0.844,0.8200320000000001,498.0,0.1016276496122161,0.0153739959839357,498.0,0.96732599955486,0.001999887325483,0.99747633934021,64.0,0.016
Instruct nominal control condition,instruct_b_reward_shuffle_20260403_002727,36jz6dyl5w510dkl2mff2,127,127.0,0.061005599796772,2.7267427356036933e-05,4.727625846712158e-05,0.0,516.83984375,,,,,,,,,,,,,
Instruct nominal control condition,instruct_b_reward_shuffle_20260403_002727,36jz6dyl5w510dkl2mff2,128,128.0,0.0631396695971489,2.8095801532401765e-05,-3.531328663086697e-05,0.0,512.2578125,,,,,,,,,,,,,
Instruct nominal control condition,instruct_b_reward_shuffle_20260403_002727,36jz6dyl5w510dkl2mff2,129,129.0,0.060830682516098,2.7130197313596227e-05,6.602018827017719e-06,0.0,515.412109375,,,,,,,,,,,,,
Instruct nominal control condition,instruct_b_reward_shuffle_20260403_002727,36jz6dyl5w510dkl2mff2,130,130.0,0.0597701705992221,2.7365491796160768e-05,2.9995792094617e-05,8.927427188609727e-06,515.662109375,,,,,,,,,,,,,
Instruct nominal control condition,instruct_b_reward_shuffle_20260403_002727,36jz6dyl5w510dkl2mff2,131,131.0,0.0606835409998893,2.7448944877050963e-05,3.9076528937143085e-05,0.0,516.359375,,,,,,,,,,,,,
Instruct nominal control condition,instruct_b_reward_shuffle_20260403_002727,36jz6dyl5w510dkl2mff2,132,132.0,0.0667487531900405,2.7142959613257744e-05,8.08371977090161e-06,1.5292351235984825e-05,514.0234375,0.689,0.689,0.854,0.82807,482.546875,0.1509082965142437,0.0214033610724346,482.546875,0.9621381121966688,0.0021067177122616,0.9928770625783894,64.0,0.016
Instruct nominal control condition,instruct_b_reward_shuffle_20260403_002727,36jz6dyl5w510dkl2mff2,133,133.0,0.0594467408955097,2.7415210166026327e-05,-2.0149409145631125e-05,0.0,515.578125,,,,,,,,,,,,,
Instruct nominal control condition,instruct_b_reward_shuffle_20260403_002727,36jz6dyl5w510dkl2mff2,134,134.0,0.059545274823904,2.7846812386655984e-05,-1.8892760342836823e-05,0.0,516.138671875,,,,,,,,,,,,,
Instruct nominal control condition,instruct_b_reward_shuffle_20260403_002727,36jz6dyl5w510dkl2mff2,135,135.0,0.0597000904381275,2.818741895893595e-05,-1.00065416770434e-05,0.0,513.587890625,,,,,,,,,,,,,
Instruct nominal control condition,instruct_b_reward_shuffle_20260403_002727,36jz6dyl5w510dkl2mff2,136,136.0,0.0604044236242771,2.705819134973808e-05,-2.08990183736546e-05,0.0,514.794921875,,,,,,,,,,,,,
Instruct nominal control condition,instruct_b_reward_shuffle_20260403_002727,36jz6dyl5w510dkl2mff2,137,137.0,0.0603256858885288,2.750587862010434e-05,2.1644118746499963e-05,-1.0792748980748e-05,516.34765625,,,,,,,,,,,,,
Instruct nominal control condition,instruct_b_reward_shuffle_20260403_002727,36jz6dyl5w510dkl2mff2,138,138.0,0.0635555312037468,2.897409824598185e-05,-4.326199298354538e-06,4.202935997454915e-06,516.65625,0.69225,0.69225,0.846,0.821976,474.140625,0.1660811711033362,0.0228703246004284,474.140625,0.9600421824434048,0.0021085864434153,0.9913941571142474,64.0,0.016
Instruct nominal control condition,instruct_b_reward_shuffle_20260403_002727,36jz6dyl5w510dkl2mff2,139,139.0,0.0601376257836818,2.9096327029520808e-05,4.0222663476807696e-05,0.0,514.716796875,,,,,,,,,,,,,
Instruct nominal control condition,instruct_b_reward_shuffle_20260403_002727,36jz6dyl5w510dkl2mff2,140,140.0,0.0601065829396247,2.80751600492124e-05,9.341919728456103e-06,0.0,514.63671875,,,,,,,,,,,,,
Instruct nominal control condition,instruct_b_reward_shuffle_20260403_002727,36jz6dyl5w510dkl2mff2,141,141.0,0.0623030103743076,2.8338353860846155e-05,3.474794380098345e-05,0.0,515.751953125,,,,,,,,,,,,,
Instruct nominal control condition,instruct_b_reward_shuffle_20260403_002727,36jz6dyl5w510dkl2mff2,142,142.0,0.0623854100704193,2.681758628853004e-05,-1.612806333273209e-05,0.0,515.12890625,,,,,,,,,,,,,
Instruct nominal control condition,instruct_b_reward_shuffle_20260403_002727,36jz6dyl5w510dkl2mff2,143,143.0,0.0632354617118835,2.8791989194587583e-05,4.058199977663435e-05,0.0,513.263671875,,,,,,,,,,,,,
Instruct nominal control condition,instruct_b_reward_shuffle_20260403_002727,36jz6dyl5w510dkl2mff2,144,144.0,0.0613695755600929,2.843213905379116e-05,2.0603267735896932e-05,1.1683992852340452e-05,514.533203125,0.69125,0.69125,0.858,0.834292,474.03125,0.1466280889853749,0.0209308458039422,474.03125,0.9620657601520912,0.0020830694931577,0.992732856605133,64.0,0.016
Instruct nominal control condition,instruct_b_reward_shuffle_20260403_002727,36jz6dyl5w510dkl2mff2,145,145.0,0.0604912787675857,2.9320052600922963e-05,4.905771922736335e-05,0.0,513.4765625,,,,,,,,,,,,,
Instruct nominal control condition,instruct_b_reward_shuffle_20260403_002727,36jz6dyl5w510dkl2mff2,146,146.0,0.0610185116529464,2.8839669031555104e-05,-5.983393553954386e-06,0.0,514.958984375,,,,,,,,,,,,,
Instruct nominal control condition,instruct_b_reward_shuffle_20260403_002727,36jz6dyl5w510dkl2mff2,147,147.0,0.0599719993770122,2.9203774051467235e-05,1.4394626419722556e-06,-3.074838787142653e-06,512.884765625,,,,,,,,,,,,,
Instruct nominal control condition,instruct_b_reward_shuffle_20260403_002727,36jz6dyl5w510dkl2mff2,148,148.0,0.06309275329113,2.8982155527046416e-05,5.314951685830849e-05,1.2287846402614375e-06,516.23828125,,,,,,,,,,,,,
Instruct nominal control condition,instruct_b_reward_shuffle_20260403_002727,36jz6dyl5w510dkl2mff2,149,149.0,0.0609626434743404,2.8096697221258186e-05,-3.223591927836722e-05,0.0,515.400390625,,,,,,,,,,,,,
Instruct nominal control condition,instruct_b_reward_shuffle_20260403_002727,36jz6dyl5w510dkl2mff2,150,150.0,0.0606299862265586,2.8953067442216707e-05,1.4514401863952033e-05,-4.71818566438742e-08,513.671875,0.6865,0.6865,0.846,0.820294,490.3125,0.1958282348530698,0.0269917144678138,490.3125,0.9565006360649077,0.0020030305219293,0.988896532222828,64.0,0.016
Instruct nominal control condition,instruct_b_reward_shuffle_20260403_002727,36jz6dyl5w510dkl2mff2,151,151.0,0.0608539879322052,2.636104055042665e-05,-2.573191519150697e-05,0.0,515.431640625,,,,,,,,,,,,,
Instruct nominal control condition,instruct_b_reward_shuffle_20260403_002727,36jz6dyl5w510dkl2mff2,152,152.0,0.0602580159902572,2.7265547489108144e-05,8.31242430443524e-06,2.58943064181949e-05,518.583984375,,,,,,,,,,,,,
Instruct nominal control condition,instruct_b_reward_shuffle_20260403_002727,36jz6dyl5w510dkl2mff2,153,153.0,0.060399692505598,2.6664557442046544e-05,-6.6799098137337865e-06,5.810402399220038e-06,518.349609375,,,,,,,,,,,,,
Instruct nominal control condition,instruct_b_reward_shuffle_20260403_002727,36jz6dyl5w510dkl2mff2,154,154.0,0.0622365437448024,2.7028157582265067e-05,-6.654115459081567e-06,0.0,513.888671875,,,,,,,,,,,,,
Instruct nominal control condition,instruct_b_reward_shuffle_20260403_002727,36jz6dyl5w510dkl2mff2,155,155.0,0.0622127950191497,2.870326960291436e-05,-3.426266490968999e-05,-7.467107934644446e-06,513.431640625,,,,,,,,,,,,,
Instruct nominal control condition,instruct_b_reward_shuffle_20260403_002727,36jz6dyl5w510dkl2mff2,156,156.0,0.0619969293475151,2.808626692285543e-05,2.225792853893793e-05,-2.197148114646552e-05,512.154296875,0.68825,0.68825,0.852,0.8233360000000001,456.65625,0.2095815088440079,0.0274413193731608,456.65625,0.9557131283876956,0.0021593306887396,0.9875234709475832,64.0,0.016
Instruct nominal control condition,instruct_b_reward_shuffle_20260403_002727,36jz6dyl5w510dkl2mff2,157,157.0,0.0624036528170108,2.740430315029129e-05,1.9564024559826088e-06,0.0,515.57421875,,,,,,,,,,,,,
Instruct nominal control condition,instruct_b_reward_shuffle_20260403_002727,36jz6dyl5w510dkl2mff2,158,158.0,0.0611106418073177,2.5895902378891836e-05,4.733684142887995e-06,0.0,516.376953125,,,,,,,,,,,,,
Instruct nominal control condition,instruct_b_reward_shuffle_20260403_002727,36jz6dyl5w510dkl2mff2,159,159.0,0.0609753839671611,2.5891158955460018e-05,3.341238627019294e-05,0.0,513.892578125,,,,,,,,,,,,,
Instruct nominal control condition,instruct_b_reward_shuffle_20260403_002727,36jz6dyl5w510dkl2mff2,160,160.0,0.0620268620550632,2.758418331438861e-05,1.0711362046222916e-06,0.0,514.150390625,,,,,,,,,,,,,
Instruct nominal control condition,instruct_b_reward_shuffle_20260403_002727,36jz6dyl5w510dkl2mff2,161,161.0,0.0638419985771179,2.80319046943589e-05,-2.944549517280848e-05,7.571551577711943e-06,517.521484375,,,,,,,,,,,,,
Instruct nominal control condition,instruct_b_reward_shuffle_20260403_002727,36jz6dyl5w510dkl2mff2,162,162.0,0.0629731714725494,2.8448060856334223e-05,-7.207630820182942e-06,0.0,516.330078125,0.68575,0.68575,0.85,0.8227300000000001,448.0625,0.1018833730955439,0.0154484586413725,448.0625,0.9676078161047266,0.0022445808774441,0.9973224448865056,64.0,0.016
Instruct nominal control condition,instruct_b_reward_shuffle_20260403_002727,36jz6dyl5w510dkl2mff2,163,163.0,0.0628275200724601,2.962892291336061e-05,-5.926982512893808e-06,-3.0586161301471293e-06,514.421875,,,,,,,,,,,,,
Instruct nominal control condition,instruct_b_reward_shuffle_20260403_002727,36jz6dyl5w510dkl2mff2,164,164.0,0.0644862353801727,2.676932406942001e-05,-2.3345768990878923e-05,-1.2239629540999886e-05,513.05859375,,,,,,,,,,,,,
Instruct nominal control condition,instruct_b_reward_shuffle_20260403_002727,36jz6dyl5w510dkl2mff2,165,165.0,0.0611234307289123,2.6694318520981145e-05,-2.16109776662865e-06,0.0,514.8828125,,,,,,,,,,,,,
Instruct nominal control condition,instruct_b_reward_shuffle_20260403_002727,36jz6dyl5w510dkl2mff2,166,166.0,0.0621036067605018,2.9012667361882905e-05,9.07574575317871e-06,-2.336079887754749e-06,512.787109375,,,,,,,,,,,,,
Instruct nominal control condition,instruct_b_reward_shuffle_20260403_002727,36jz6dyl5w510dkl2mff2,167,167.0,0.0620919801294803,2.6589066997928512e-05,-1.9467923879190607e-05,0.0,514.494140625,,,,,,,,,,,,,
Instruct nominal control condition,instruct_b_reward_shuffle_20260403_002727,36jz6dyl5w510dkl2mff2,168,168.0,0.063033789396286,2.8797208674546937e-05,-1.476349068774141e-05,0.0,514.97265625,0.68625,0.68625,0.842,0.819628,480.921875,0.2981119075633733,0.0377855031027648,480.921875,0.9448781705839158,0.002072574594316,0.9788131949349976,64.0,0.016
Instruct nominal control condition,instruct_b_reward_shuffle_20260403_002727,36jz6dyl5w510dkl2mff2,169,169.0,0.0620677731931209,2.851449162122321e-05,9.738620175614445e-06,0.0,511.63671875,,,,,,,,,,,,,
Instruct nominal control condition,instruct_b_reward_shuffle_20260403_002727,36jz6dyl5w510dkl2mff2,170,170.0,0.0672614425420761,2.6668980758870475e-05,8.890344733281097e-06,-1.5134056411625352e-05,513.625,,,,,,,,,,,,,
Instruct nominal control condition,instruct_b_reward_shuffle_20260403_002727,36jz6dyl5w510dkl2mff2,171,171.0,0.0647405907511711,3.0372100432884963e-05,-4.349855574958816e-06,0.0,512.033203125,,,,,,,,,,,,,
Instruct nominal control condition,instruct_b_reward_shuffle_20260403_002727,36jz6dyl5w510dkl2mff2,172,172.0,0.063074991106987,2.857172307102473e-05,-1.111471703341138e-06,-3.2177431421587244e-06,515.48828125,,,,,,,,,,,,,
Instruct nominal control condition,instruct_b_reward_shuffle_20260403_002727,36jz6dyl5w510dkl2mff2,173,173.0,0.0611073188483715,2.95532799903242e-05,-5.060653444344254e-05,0.0,514.24609375,,,,,,,,,,,,,
Instruct nominal control condition,instruct_b_reward_shuffle_20260403_002727,36jz6dyl5w510dkl2mff2,174,174.0,0.0616593174636364,2.8469605446446167e-05,7.690977899876827e-06,0.0,513.712890625,0.69625,0.69625,0.86,0.835364,467.703125,0.1817118079799402,0.0252229980289312,467.703125,0.9586611097058824,0.0021242061362003,0.9897113420656392,64.0,0.016
Instruct nominal control condition,instruct_b_reward_shuffle_20260403_002727,36jz6dyl5w510dkl2mff2,175,175.0,0.0626973807811737,3.0280827015616296e-05,1.9347769999455977e-05,0.0,513.501953125,,,,,,,,,,,,,
Instruct nominal control condition,instruct_b_reward_shuffle_20260403_002727,36jz6dyl5w510dkl2mff2,176,176.0,0.0636299327015876,3.022204868585732e-05,-2.0002191215340304e-05,0.0,512.822265625,,,,,,,,,,,,,
Instruct nominal control condition,instruct_b_reward_shuffle_20260403_002727,36jz6dyl5w510dkl2mff2,177,177.0,0.062219213694334,3.082306984580896e-05,2.415784831055756e-05,0.0,515.09375,,,,,,,,,,,,,
Instruct nominal control condition,instruct_b_reward_shuffle_20260403_002727,36jz6dyl5w510dkl2mff2,178,178.0,0.0663795247673988,3.073698359301602e-05,-2.3338624830282484e-05,0.0,513.9140625,,,,,,,,,,,,,
Instruct nominal control condition,instruct_b_reward_shuffle_20260403_002727,36jz6dyl5w510dkl2mff2,179,179.0,0.0641889870166778,3.192510170180185e-05,1.4764459066229918e-05,5.133578270033468e-06,514.5078125,,,,,,,,,,,,,
Instruct nominal control condition,instruct_b_reward_shuffle_20260403_002727,36jz6dyl5w510dkl2mff2,180,180.0,0.062130756676197,3.023293941595284e-05,1.774631103756974e-05,0.0,514.76171875,0.69325,0.69325,0.854,0.829632,486.09375,0.4344401286292865,0.0503375120540019,486.09375,0.9331795236605304,0.0021287147253895,0.9663240374494924,64.0,0.016
